# Blender 5.2.1 LTS
# www.blender.org
mtllib kali_keyblade.mtl
o Cylinder
v 0.000000 -10.562087 1.854488
v 0.000000 -12.270147 2.831933
v 0.000000 -6.942194 4.149134
v 0.000000 -8.382034 7.191309
v 0.000000 -7.740277 5.163192
v 0.000000 -3.577084 1.810424
v 0.000000 -4.778321 2.324652
v 0.000000 -1.742317 2.139530
v 0.000000 -5.979559 3.260776
v 0.000000 -1.056330 1.009815
v 0.000000 0.773606 0.581995
v 0.000000 -1.289796 2.764832
v 0.000000 -9.485909 0.284652
v 0.000000 -10.418377 -0.346135
v 0.000000 -6.866774 -0.812369
v 0.000000 -5.413221 -1.964240
v 0.000000 -5.570918 -2.697873
v 0.000000 -4.350483 -1.868251
v 0.000000 6.450975 2.823092
v 0.000000 -6.475960 -2.279634
v 0.000000 5.266877 1.690555
v 0.000000 -6.270268 -2.978984
v 0.000000 2.603209 0.790729
v 0.000000 -4.611025 -2.869282
v 0.000000 3.949769 1.094378
v 0.000000 -3.332311 -5.604978
v 0.000000 6.377509 5.211064
v 0.000000 -4.864711 -5.049611
v 0.243877 5.450733 6.893061
v 0.000000 -7.929512 -2.869282
v 0.000000 3.103339 8.175720
v 0.000000 -1.799911 -5.913514
v 0.000000 -7.424920 8.594375
v 0.000000 -1.799288 1.535371
v 0.000000 -6.467805 9.286572
v 0.000000 -1.000000 -5.913514
v 0.000000 -4.553576 9.817924
v 0.000000 1.000000 -5.856378
v 0.000000 -0.725119 9.743235
v 0.000000 -1.626603 1.235878
v 0.000000 6.931798 3.669947
v 0.000000 -12.270147 6.030845
v 0.000000 -12.882285 11.638813
v 0.000000 -11.470419 8.834829
v 0.000000 -11.416117 7.432837
v 0.000000 -11.645668 6.731841
v 0.000000 -11.741931 10.236821
v 0.000000 1.858301 11.638813
v 0.000000 -5.511992 13.174291
v 0.000000 -9.197139 12.816012
v 0.000000 -11.039712 12.398022
v 0.000000 -1.826845 12.713647
v 0.000000 8.385572 4.304773
v 0.000000 6.383511 8.080353
v 0.000000 7.535382 6.301123
v 0.000000 4.120906 10.078987
v 0.000000 5.252208 9.244223
v 0.000000 5.905685 -3.697796
v 0.000000 2.706288 -5.304964
v 0.000000 4.060687 -8.818333
v 0.000000 5.196103 -5.106015
v 0.000000 4.746873 -6.962174
v 0.000000 4.872756 -6.034095
v 0.000000 4.463019 -7.890253
v 0.000000 6.923911 -6.547501
v 0.000000 5.492299 -7.821141
v 0.000000 6.208105 -7.263307
v 0.000000 7.299092 -7.297863
v 0.000000 7.229980 -6.685726
v 0.000000 8.622552 -5.836631
v 0.000000 8.036592 -6.553470
v 0.000000 9.017026 -6.271051
v 0.000000 10.359779 -3.061455
v 0.000000 9.431700 -4.622230
v 0.000000 9.125631 -5.446640
v 0.000000 9.777262 -3.797819
v 0.000000 13.942465 4.521892
v 0.000000 16.245777 -1.466365
v 0.000000 11.568257 -2.845451
v 0.000000 12.599017 -2.155908
v 0.000000 14.422398 -1.214006
v 0.000000 15.334087 -1.226446
v 0.000000 15.789932 -1.609233
v 0.000000 17.251379 -0.769300
v 0.000000 16.748577 -0.957850
v 0.000000 11.499981 8.727137
v 0.000000 14.028506 11.241142
v 0.000000 13.418692 8.201482
v 0.000000 13.845131 8.110064
v 0.000000 13.281296 6.018868
v 0.000000 14.073544 5.476071
v 0.000000 9.725658 10.109840
v 0.000000 10.049790 8.035786
v 0.000000 9.823329 5.090400
v 0.000000 9.104450 4.737582
v 0.000000 8.051895 5.302948
v 0.000000 9.205213 6.563093
v 0.000000 9.278969 8.556442
v 0.000000 9.419214 7.559768
v 0.000000 9.352208 7.061430
v 0.000000 9.308579 5.826747
v 0.000000 9.176905 6.194920
v 0.000000 9.303382 8.058105
v 0.000000 9.664379 8.193269
v 0.000000 9.796306 9.072813
v 0.000000 10.612820 9.527250
v 0.000000 11.147819 8.989339
v 0.000000 12.764244 10.212686
v 0.000000 12.132113 9.595612
v 0.000000 13.677420 5.681649
v 0.000000 13.876362 4.998981
v 0.000000 14.946239 2.942182
v 0.000000 14.230433 3.732037
v 0.000000 14.588335 3.172556
v 0.000000 16.098110 3.567484
v 0.000000 16.887964 2.810540
v 0.000000 15.481035 3.090280
v 0.000000 16.493038 3.040914
v 0.000000 19.400188 2.744719
v 0.000000 19.400188 -0.900942
v 1.845089 19.400188 0.921888
v 1.549658 19.400188 1.833304
v 1.549658 19.400188 0.010473
v 0.371884 19.400188 2.524187
v 0.821507 19.400188 -0.680410
v 2.359241 14.107716 0.921888
v 2.063810 14.090912 1.833304
v 2.063810 14.124519 0.010473
v 1.335658 14.082508 2.524187
v 1.335658 14.132923 -0.680410
v 1.335658 17.209902 -0.680410
v 2.063810 17.201498 0.010473
v 2.359241 17.184694 0.921888
v 2.063810 17.167891 1.833304
v 1.335658 17.159487 2.524187
v 1.335658 16.538858 -0.680410
v 2.063810 16.530455 0.010473
v 2.359241 16.513651 0.921888
v 2.063810 16.496847 1.833304
v 1.335658 16.488443 2.524187
v 1.335658 16.116194 -0.680410
v 2.063810 16.107790 0.010473
v 2.359241 16.090986 0.921888
v 2.063810 16.074183 1.833304
v 1.335658 16.065779 2.524187
v 0.000000 18.153978 2.648765
v 0.000000 18.365471 -0.713582
v 1.783261 18.337299 0.074799
v 2.038454 18.337299 0.922844
v 1.783261 18.337299 1.770889
v 1.154285 18.290543 2.413735
v 1.154285 18.337299 -0.568048
v 2.359241 13.766484 0.921888
v 2.063810 13.329093 1.833304
v 2.063810 13.783288 0.010473
v 1.525082 12.754296 2.524187
v 1.449479 13.315555 -0.680410
v 1.688907 19.400188 1.403715
v 2.203059 14.190251 1.403715
v 2.203059 17.267231 1.403715
v 2.203059 16.596188 1.403715
v 2.203059 16.173523 1.403715
v 1.903544 18.337299 1.371169
v 2.203059 13.626674 1.403715
v 1.556614 11.002110 2.667028
v 1.525082 11.935340 2.724165
v 1.556614 10.087927 2.057572
v 1.449479 9.678449 0.048272
v 1.537181 9.711779 1.052922
v 1.449479 11.087815 -1.599163
v 1.449479 10.164109 -0.908764
v 1.449479 12.392432 -1.332526
v 1.449479 11.825829 -1.589640
v 1.449479 12.853993 -1.101696
v 1.106605 12.754296 5.419103
v 1.335658 11.935340 5.501633
v 1.096471 12.754296 3.985430
v 1.096471 11.935340 4.126125
v 1.335658 11.002110 4.201249
v 1.335658 11.002110 5.537079
v 0.000000 13.631911 8.023513
v 0.774776 11.935340 8.279101
v 0.569378 11.002110 8.314547
v 0.000000 13.578112 9.721312
v 0.000000 13.392593 8.723329
v 0.000000 10.169239 9.884676
v 1.335658 10.236481 2.667028
v 0.953591 10.236481 4.201249
v 1.139284 10.236481 5.537079
v 0.503230 10.399831 8.314547
v 0.284875 10.199207 9.212193
v 0.000000 9.988107 8.554299
v 0.000000 13.738522 8.066788
v 0.952518 11.002110 6.925813
v 1.055217 11.935340 6.890368
v 0.553303 13.086494 6.810292
v 0.736888 10.236481 6.925813
v 0.176167 9.483881 8.125687
v 0.755912 9.860181 6.831383
v 0.953591 9.436569 3.829862
v 0.953591 8.750931 3.382292
v 1.335658 9.531797 2.124231
v 1.335658 9.188978 1.086251
v 1.053617 9.145174 0.048768
v 1.053617 10.554541 -1.932734
v 1.053617 9.630835 -0.908715
v 1.053617 11.825829 -1.923206
v 0.724739 12.726505 -1.628802
v 0.889178 12.380918 -1.776004
v 2.168304 13.231028 0.746062
v 1.994667 12.923081 1.275865
v 1.994667 13.242858 0.216259
v 1.900273 12.518395 1.677474
v 1.824669 12.913549 -0.185349
v 2.133916 13.132593 1.026147
v 1.931805 11.284768 1.760507
v 1.900273 11.941809 1.793720
v 1.931805 10.641136 1.406232
v 1.824669 10.352843 0.238232
v 1.912372 10.376309 0.822232
v 1.824669 11.345109 -0.719418
v 1.824669 10.694773 -0.318090
v 1.824669 12.263625 -0.564422
v 1.824669 11.864707 -0.713882
v 1.824669 12.588588 -0.430241
v 0.000000 12.392175 -2.294988
v 0.000000 10.964018 -2.958510
v 1.449479 11.456821 -1.594402
v 1.053617 11.190185 -1.927970
v 1.824669 11.604908 -0.716650
v 2.398043 12.836309 0.643815
v 2.348754 12.622258 1.002076
v 2.224406 12.844532 0.285554
v 2.254359 12.340963 1.273649
v 2.178756 12.615632 0.013981
v 2.363655 12.767888 0.833212
v 2.285891 11.483479 1.329798
v 2.254359 11.940183 1.352257
v 2.285891 11.036095 1.090232
v 2.178756 10.835704 0.300413
v 2.266458 10.852015 0.695322
v 2.178756 11.525420 -0.347164
v 2.178756 11.073377 -0.075781
v 2.178756 12.163875 -0.242354
v 2.178756 11.886589 -0.343421
v 2.178756 12.389754 -0.151619
v 2.178756 11.706005 -0.345293
v 2.441457 12.623667 0.561544
v 2.461451 12.449333 0.840841
v 2.371683 12.608602 0.338357
v 2.396038 12.234193 0.999171
v 2.312310 12.461003 0.150606
v 2.446176 12.568802 0.709703
v 2.406582 11.587989 1.035843
v 2.385561 11.932570 1.063892
v 2.408598 11.273443 0.874985
v 2.319319 11.117657 0.341506
v 2.381026 11.119812 0.615517
v 2.304702 11.586378 -0.083992
v 2.304702 11.296295 0.087748
v 2.304702 12.105758 -0.040927
v 2.304702 11.909678 -0.099904
v 2.304702 12.286308 0.031557
v 2.304702 11.758602 -0.111771
v 2.489319 12.313612 0.508213
v 2.507885 12.217937 0.674041
v 2.459738 12.305344 0.375701
v 2.516317 12.099866 0.768046
v 2.432590 12.224340 0.264227
v 2.492849 12.283502 0.596180
v 2.526861 11.745224 0.789819
v 2.505840 11.934333 0.806473
v 2.528878 11.572599 0.694313
v 2.439598 11.487103 0.377570
v 2.501305 11.488285 0.540259
v 2.424981 11.744340 0.124939
v 2.424981 11.585140 0.226906
v 2.424981 12.029380 0.150508
v 2.424981 11.921769 0.115492
v 2.424981 12.128467 0.193544
v 2.424981 11.838858 0.108446
v 2.568584 12.086173 0.467278
v 2.568584 12.048196 0.546008
v 2.568584 12.082891 0.404365
v 2.568584 12.001330 0.590639
v 2.568584 12.050738 0.351440
v 2.568584 12.074221 0.509042
v 2.568584 11.860561 0.600977
v 2.568584 11.935624 0.608884
v 2.568584 11.792041 0.555633
v 2.568584 11.758104 0.405252
v 2.568584 11.758574 0.482492
v 2.568584 11.860210 0.285310
v 2.568584 11.797019 0.333721
v 2.568584 11.973351 0.297449
v 2.568584 11.930637 0.280825
v 2.568584 12.012683 0.317882
v 2.568584 11.897727 0.277479
v 2.568584 11.921613 0.440489
v 1.144625 9.836525 3.248445
v 1.144625 9.141364 2.753262
v 1.335658 8.841397 2.140103
v 1.335658 8.498578 1.102123
v 1.053617 8.454774 0.064639
v 1.053617 8.940434 -0.892844
v 0.550430 9.780478 -2.997970
v 1.053617 9.975240 -1.869249
v 1.144625 7.103495 3.162740
v 1.545011 7.626954 2.958001
v 1.541783 8.384159 2.855631
v 1.343204 8.800581 2.804447
v 1.335658 8.603329 2.140103
v 1.255218 8.260509 1.102123
v 1.053617 8.216705 0.064639
v 1.053617 8.702366 -0.892844
v 1.513216 8.089100 2.187716
v 1.436885 7.508212 2.187716
v 0.929014 6.898756 2.368649
v 1.103581 8.800581 2.804447
v 1.270229 8.340315 2.804447
v 1.278164 7.673722 2.804447
v 0.968675 7.245198 2.804447
v 0.070139 7.245198 3.286777
v 0.000000 8.261195 4.129370
v 1.025785 8.626554 3.206889
v 0.417554 7.886698 3.864779
v 1.012956 8.343639 3.334613
v 0.070139 6.919139 4.568050
v 0.417554 7.560639 5.146052
v 0.331656 7.806267 5.224500
v 0.000000 6.709762 4.440505
v 0.153937 6.060365 6.120274
v 0.417554 6.701864 6.698276
v 0.331656 6.947492 6.776723
v 0.000000 7.230396 6.850902
v 0.000000 5.798571 5.981623
v 0.000000 6.128178 2.478249
v 1.546898 9.899853 1.555247
v 1.335658 9.360388 1.605241
v 1.922088 10.508722 1.114232
v 2.276175 10.944055 0.892777
v 2.394812 11.196628 0.745251
v 2.515091 11.530442 0.617286
v 2.568584 11.775307 0.519063
v 1.335658 8.669988 1.621113
v 1.130083 8.431919 1.621113
v 0.841588 7.433352 1.429335
v 0.841588 7.427268 0.956636
v 0.943025 7.493928 1.808526
v 0.000000 6.024061 2.111006
v 0.666274 6.816093 2.139030
v 0.841588 7.372159 0.024383
v 0.682067 6.382586 -1.506225
v 0.841588 7.140703 -0.815472
v 0.680057 4.900286 -2.216677
v 0.680057 5.724553 -1.900937
v 0.680057 2.256589 -2.331103
v 0.681421 -2.095077 -0.153323
v 0.511550 -2.066164 1.107856
v 0.681421 -2.291048 0.511959
v 0.681421 -1.605445 -0.803037
v 0.682067 0.254801 -1.917609
v 0.680057 1.249573 -2.166633
v 0.680057 3.581368 -2.345412
v 0.690876 -0.983853 -1.210506
v 0.706576 0.249217 -1.923388
v 0.761821 0.773551 -0.603976
v 0.771074 2.433460 -0.731650
v 0.771074 3.769514 -0.578701
v 0.771074 5.087067 -0.188149
v 0.780056 5.856983 0.120021
v 0.870692 6.592726 0.316402
v 0.559775 -1.930861 0.769276
v 0.587118 -1.626348 0.377512
v 0.593678 -0.277061 -0.423801
v 0.841485 3.658610 -1.611629
v 0.841485 4.951876 -1.373460
v 0.857444 5.769054 -1.065652
v 1.002838 6.465656 -0.807706
v 0.822293 0.491992 -1.328905
v 0.841485 2.349056 -1.669057
v 0.746631 -0.362003 -1.572850
v 0.502826 0.826006 -0.007337
v 0.475177 2.508029 0.110065
v 0.475177 3.869119 0.342535
v 0.475177 5.209913 0.873605
v 0.521310 5.935942 1.186744
v 0.869497 6.707716 1.227716
v 0.714290 0.096152 -0.877180
v 0.000000 -0.249039 0.752016
v 0.587118 -1.016611 -0.092480
v 0.682067 -2.174418 -0.207854
v 0.682067 -1.709326 -0.944154
v 0.682067 -1.092327 -1.523976
v 0.694694 -0.318621 -1.973603
v 0.643184 0.360655 -2.307505
v 0.487651 2.287149 -2.610633
v 0.487651 3.571543 -2.604772
v 0.487651 4.861612 -2.438923
v 0.487651 5.761513 -2.097970
v 0.448767 6.458923 -1.625527
v 0.000000 1.749485 0.680110
v 0.771074 1.530887 -0.736101
v 0.841485 1.385952 -1.592570
v 0.475177 1.653421 0.042259
v 0.526534 1.240023 -2.495514
v 0.841588 6.607428 -1.777271
v 0.841588 5.864652 -2.310546
v 0.841588 4.921898 -2.691457
v 0.841588 3.550620 -2.967617
v 0.841588 2.236478 -2.958095
v 0.841588 1.150883 -2.815253
v 0.841588 0.189083 -2.558138
v 0.841588 -0.601306 -2.139137
v 0.841588 -1.220286 -1.758226
v 0.841588 -1.886880 -1.044018
v 0.841588 -2.315404 -0.206015
v 0.522490 -2.307264 1.524997
v 0.300378 -1.867161 2.309529
v 0.390925 -2.066164 1.517343
v 0.000000 -2.000991 2.494285
v 0.000000 -2.766076 2.263337
v 0.681421 -3.884789 1.027776
v 0.767978 -3.527685 -0.757743
v 0.540249 -3.670209 0.009369
v 0.819743 -2.880136 -1.719543
v 0.845660 -1.746927 -2.633729
v 0.845660 -0.851786 -2.967026
v 0.845660 0.081445 -3.271755
v 0.696009 7.041698 -2.578076
v 0.348004 6.341277 -3.242554
v 0.802024 9.003353 -1.945407
v 0.330458 8.923429 -5.321526
v 0.373194 9.247203 -4.426386
v 0.985836 7.932635 1.525224
v 1.048403 7.843888 1.029379
v 0.947603 7.794432 0.044511
v 0.947603 7.921535 -0.854158
v 0.623219 8.411089 -2.788023
v 0.821806 7.805390 -1.861339
v 0.623219 8.065527 -4.071540
v 0.000000 8.324980 -6.137646
v 0.000000 7.677027 -6.971590
v 0.000000 7.356384 -6.941278
v 0.276618 8.422859 -5.652178
v 0.247369 8.119761 -5.996607
v 0.206736 7.818207 -6.504488
v 0.206736 7.548395 -6.933013
v 0.311610 7.442749 -6.284619
v 0.467414 7.694621 -5.786479
v 0.000000 5.583959 -4.214536
v 0.000000 5.290888 -4.105700
v 0.423363 6.985606 -3.884668
v 0.345460 6.639290 -5.000507
v 0.267558 6.319426 -5.695317
v 0.267558 5.968935 -6.164843
v 0.267558 5.618444 -7.024538
v 0.267558 5.261340 -7.460999
v 0.223298 4.686005 -8.082624
v 0.000000 4.928593 -8.326349
v 0.000000 4.608323 1.392466
v 0.680057 4.240827 -2.281045
v 0.771074 4.428290 -0.383425
v 0.841485 4.305243 -1.492544
v 0.475177 4.539516 0.608070
v 0.487651 4.216578 -2.521847
v 0.841588 4.236259 -2.829537
v 0.000000 4.137462 -4.721203
v 1.302142 8.871048 2.793863
v 1.053617 8.265933 0.064639
v 1.271851 8.309737 1.102123
v 1.053617 8.751594 -0.892844
v 1.335658 8.652556 2.140103
v 1.172592 8.481147 1.621113
v 0.963737 6.697227 -2.025139
v 0.976472 5.963209 -2.585544
v 0.749999 9.164047 -2.163057
v 0.780742 7.930637 -2.052959
v 0.904512 5.125326 -2.981825
v 0.904512 4.454336 -3.175699
v 0.904512 3.671967 -3.412501
v 0.904512 2.333626 -3.525658
v 0.904512 1.119683 -3.526375
v 1.303198 8.402510 1.102123
v 1.335658 8.745329 2.140103
v 1.225484 8.800581 2.804447
v 1.408376 8.362619 2.830486
v 1.413917 7.649930 2.882564
v 1.058186 7.173110 2.986721
v 0.034457 7.085763 3.481706
v 0.034457 6.812623 4.503164
v 0.817730 6.148942 -2.908314
v 0.703356 8.166669 -2.414075
v 0.610157 5.508694 -3.333561
v 0.610157 3.900651 -4.055429
v 0.610157 2.516704 -4.399779
v 1.224758 9.003847 2.773917
v 1.053617 8.358706 0.064639
v 1.053617 8.844366 -0.892844
v 1.252702 8.573919 1.621113
v 0.982216 6.866456 -2.296781
v 0.651956 9.466883 -2.573226
v 0.610157 4.865310 -3.632582
v 0.610157 1.060886 -4.671039
v 0.580217 -0.449838 -4.569575
v 0.580217 -1.317572 -4.414550
v 0.652218 -2.539619 -4.119353
v 0.652218 -3.882330 -3.281349
v 0.000000 -6.311407 -4.264175
v 0.500775 -5.577385 -3.776533
v 0.652218 -4.415606 -2.310026
v 0.652218 -5.510725 -2.310026
v 0.000000 -5.594192 -1.655685
v 0.151151 -4.550461 -1.373067
v 0.540249 -5.452873 0.923555
v 0.681421 -5.427479 1.922917
v 0.540249 -4.540251 0.413835
v 0.681421 -4.673862 1.422031
v 0.000000 -5.378940 2.729864
v 0.681421 -6.375947 2.539993
v 0.681421 -7.461544 3.762718
v 0.540249 -6.812726 2.032007
v 0.540249 -8.138297 3.254732
v 0.681421 -8.750929 5.682510
v 0.681421 -9.282299 7.225200
v 0.000000 -8.118292 5.994413
v 0.681421 -8.147184 4.745469
v 0.540249 -8.869646 4.283192
v 0.540249 -9.658133 5.483062
v 0.540249 -10.138081 7.197162
v 0.363167 -10.058088 5.220233
v 0.363167 -9.178184 4.066072
v 0.363167 -10.686592 6.991470
v 0.825353 -4.542343 -0.369105
v 0.825353 -5.668200 -0.072614
v 0.825353 -8.804282 2.230843
v 0.825353 -10.202988 3.399173
v 0.825353 -11.009300 4.501682
v 0.825353 -11.058666 6.723156
v 0.825353 -7.398261 0.943547
v 0.000000 -6.161919 -1.179175
v 0.000000 -7.751243 -0.551826
v 0.000000 -8.656285 -0.458503
v 0.000000 -9.289739 -0.421365
v 0.412677 -9.082626 0.076734
v 0.000000 -12.317761 4.060000
v 0.363167 -10.896093 7.505700
v 0.540249 -10.757061 8.854125
v 0.540249 -10.342821 7.868517
v 0.540249 -9.257224 7.839949
v 0.000000 -8.112978 7.845228
v 0.363167 -11.162731 8.867456
v 0.363167 -11.219868 10.029235
v 0.363167 -10.762774 9.924484
v 0.622359 -9.210562 11.324332
v 0.622359 -10.072372 10.672023
v 0.458822 -7.544075 12.067109
v 0.622359 -8.701093 11.724289
v 0.000000 -12.178789 10.985431
v 0.451708 -9.861444 8.985063
v 0.181584 -11.125581 10.828727
v 0.458822 -3.944465 12.329938
v 0.242776 0.180802 11.758572
v 0.160679 1.746347 11.392897
v 0.000000 0.289984 12.153375
v 0.350799 -1.881832 12.192810
v 0.000000 -3.897965 13.058242
v 0.458822 -5.515724 12.244233
v 0.000000 -7.583112 12.995152
v 0.000000 -2.033699 9.769152
v 0.000000 -7.860368 8.219801
v 0.242776 1.661785 11.116813
v 0.242776 3.956509 9.800817
v 0.242776 5.080726 8.960961
v 0.269395 6.224782 7.816905
v 0.417554 6.040560 7.485227
v 0.417554 4.830374 8.549926
v 0.417554 3.613575 9.343491
v 0.326173 4.765267 7.472508
v 0.000000 4.517614 7.145331
v 0.000000 5.196323 6.655963
v 0.234547 -2.000760 10.294824
v 0.211117 -0.528632 10.180346
v 0.257976 -4.421465 10.362760
v 0.257976 -6.261306 9.928064
v 0.257976 -7.450764 9.347583
v 0.326173 3.251145 8.529536
v 0.268645 1.361257 9.488259
v 0.000000 1.189110 9.092796
v 0.417554 1.575701 10.552883
v 0.461800 -1.927549 11.463195
v 0.386296 -0.091915 11.151877
v 0.537304 -5.802337 11.353863
v 0.537304 -7.508205 11.021682
v 0.538805 -8.210513 10.521103
v 0.537304 -4.127831 11.573725
v 0.000000 19.622387 2.379714
v 1.845089 21.638041 0.988277
v 1.549658 21.638041 1.791609
v 1.549658 21.638041 0.184944
v 0.821507 21.638041 -0.424009
v 1.688907 21.638041 1.412965
v 0.000000 21.645977 2.213420
v 0.000000 21.638041 -0.512095
v 1.845089 19.632198 0.981676
v 1.549658 19.632198 0.081466
v 1.688907 19.632198 1.457578
v 0.821507 19.632198 -0.600924
v 1.549658 19.632198 1.881885
v 0.000000 19.632198 -0.807724
v 0.960771 19.400188 2.178745
v 1.699734 14.086710 2.178745
v 1.699734 17.163689 2.178745
v 1.699734 16.492645 2.178745
v 1.699734 16.069981 2.178745
v 1.468773 18.313921 2.092312
v 1.794446 13.041695 2.178745
v 1.947470 12.720738 1.476670
v 2.301557 12.481611 1.137863
v 2.428744 12.341763 0.920006
v 2.512101 12.158901 0.721043
v 2.568584 12.024763 0.568324
v 0.874944 19.627293 2.206819
v 0.874944 21.642010 2.024500
v 1.359556 30.207994 0.988277
v 1.176906 30.207994 1.791609
v 1.355563 30.207994 0.184944
v 0.837579 30.207994 -0.279046
v 1.262997 30.207994 1.412965
v 0.000000 30.215931 2.213420
v 0.000000 30.207994 -0.512095
v 0.938420 30.211964 2.024500
v 1.359556 53.540184 1.300038
v 1.176906 53.540184 2.395960
v 1.355563 53.540184 0.204116
v 0.837579 53.540184 -0.428868
v 1.262997 53.540184 1.879405
v 0.000000 53.548119 2.971403
v 0.000000 53.540184 -0.746799
v 0.938420 53.544151 2.713674
v 1.553391 64.572906 1.304611
v 1.298953 64.572906 2.760501
v 1.547828 64.572906 -0.151279
v 0.826261 64.572906 -0.992175
v 1.418880 64.572906 2.074278
v 0.000000 64.580841 3.524954
v 0.000000 64.572906 -1.414533
v 0.966734 64.576874 3.182571
v 1.860806 64.753914 1.308112
v 1.606659 64.766914 3.039622
v 1.855243 64.753914 -0.423397
v 1.133675 64.753914 -1.423486
v 1.726295 64.753914 2.223488
v 0.000000 64.761848 3.948797
v 0.000000 64.753914 -1.925802
v 1.274441 64.770882 3.541596
v 1.860806 65.313393 1.308112
v 1.606659 65.326393 3.039622
v 1.855243 65.313393 -0.423397
v 1.133675 65.313393 -1.423486
v 1.726295 65.313393 2.223488
v 0.000000 65.321327 3.948797
v 0.000000 65.313393 -1.925802
v 1.274441 65.330360 3.541596
v 1.553391 65.675407 1.302925
v 1.298953 65.675407 2.626071
v 1.547828 65.675407 -0.020221
v 0.826261 65.675407 -0.784446
v 1.418880 65.675407 2.002416
v 0.000000 65.683342 3.320823
v 0.000000 65.675407 -1.168295
v 0.966734 65.679375 3.009658
v 1.553391 67.452583 1.302925
v 1.298953 67.452583 2.626071
v 1.547828 67.452583 -0.020221
v 0.826261 67.452583 -0.784446
v 1.418880 67.452583 2.002416
v 0.000000 67.460518 3.320823
v 0.000000 67.452583 -1.168295
v 0.966734 67.456551 3.009658
v 1.553391 67.748779 1.305307
v 1.298953 67.748779 2.815951
v 1.547828 67.748779 -0.205338
v 0.826261 67.748779 -1.077859
v 1.418880 67.748779 2.103920
v 0.000000 67.756714 3.609155
v 0.000000 67.748779 -1.516102
v 0.966734 67.752747 3.253895
v 2.012144 68.637375 1.309376
v 1.563774 68.637375 3.140366
v 2.002342 68.637375 -0.521614
v 0.730799 68.637375 -1.579161
v 1.775110 68.637375 2.277343
v 0.000000 68.645309 3.937222
v 0.000000 68.637375 -2.110337
v 0.978341 68.641342 3.506626
v 2.012144 69.706970 1.309376
v 1.563774 69.706970 3.140366
v 2.002342 69.706970 -0.521614
v 1.053244 69.706970 -1.085500
v 1.775110 69.706970 2.277343
v 0.000000 69.714905 3.937222
v 0.000000 69.706970 -1.616676
v 0.978341 69.710938 3.506626
v 1.575706 71.269791 0.782804
v 1.138998 71.269791 2.282751
v 1.402549 71.269791 0.004958
v 0.730799 71.269791 -0.558928
v 1.340289 71.269791 1.750771
v 0.000000 71.269791 2.982811
v 0.000000 71.269791 -1.090104
v 0.752388 71.269791 2.552215
v 1.575706 75.877289 0.289144
v 1.138998 75.877289 2.282751
v 1.402549 75.877289 -0.488703
v 0.730799 75.877289 -1.052589
v 1.340289 75.877289 1.750771
v 0.000000 75.877289 2.982811
v 0.000000 75.877289 -1.583765
v 0.752388 75.877289 2.552215
v 1.575706 77.934212 -0.862732
v 1.138998 77.934212 1.130876
v 1.402549 77.934212 -1.196284
v 0.730799 77.934212 -1.694348
v 1.340289 77.934212 0.598896
v 0.000000 77.934212 -2.077426
v 0.752388 77.934212 1.400340
v 0.000000 77.884842 1.682837
v 0.000000 77.884842 1.682837
v 0.000000 80.230721 4.715889
v 0.000000 78.768166 5.921081
v 1.175914 78.761589 3.151972
v 1.175914 77.299034 4.357163
v 0.000000 77.796638 7.105866
v 1.175914 76.327507 5.541949
v 0.000000 76.801414 8.788262
v 1.175914 75.332283 7.224346
v 0.000000 76.303802 10.565441
v 1.175914 74.834671 9.001525
v 0.000000 81.510292 3.957626
v 1.175914 80.041161 2.393709
v 0.000000 83.240082 3.223059
v 1.175914 82.908348 1.374793
v 1.175914 74.787277 12.579578
v 0.000000 76.137932 12.603273
v 1.061911 85.017265 0.711312
v 1.800658 83.962807 1.043052
v 0.000000 85.396393 2.512187
v 0.675406 84.365631 2.701753
v 1.106194 75.308586 14.878063
v 0.000000 76.659241 14.901758
v 1.009338 76.493370 16.607851
v 0.000000 77.844025 16.631546
v 0.894541 78.080986 18.076986
v 0.000000 79.431641 18.100681
v 0.859108 80.213600 19.356556
v 0.000000 81.564255 19.380251
v 0.548449 82.749039 20.114819
v 0.000000 84.099693 20.138514
v 0.000000 85.379265 20.256992
v 0.000000 82.606865 20.636124
v 0.000000 79.692291 20.067427
v 0.000000 77.156853 18.764162
v 0.000000 75.190109 16.868504
v 0.000000 74.005325 14.878063
v 0.000000 73.152283 12.555882
v 0.000000 73.247063 8.503914
v 0.000000 74.147499 6.181733
v 0.000000 75.261200 4.238684
v 0.000000 79.393250 0.780078
v 0.000000 81.438744 0.585813
v 0.000000 83.697174 5.188560
v 0.000000 85.853485 4.477689
v 0.675406 84.822723 4.667254
v 0.000000 85.377754 3.485978
v 0.675406 84.522903 3.675544
v 0.000000 83.573265 4.196850
v 0.000000 88.687462 1.986530
v 0.754592 88.138298 -0.758243
v 0.000000 91.369682 2.365003
v 0.741269 91.742020 -1.811386
v 0.000000 94.265831 3.829530
v 0.634556 95.979279 -0.525125
v 0.000000 97.013878 6.116826
v 0.530544 99.303261 2.831769
v 0.000000 98.577141 8.272478
v 0.530544 100.551132 6.399840
v 0.000000 99.663193 10.740783
v 0.530544 100.718430 8.868144
v 0.000000 100.091026 12.715425
v 0.000000 99.967613 14.690069
v 0.000000 100.985100 13.368155
v 0.000000 101.869873 10.071597
v 0.000000 101.547089 6.067154
v 0.438178 97.789368 0.906492
v 0.000000 95.689224 4.874446
v 0.648903 94.271484 -1.333275
v 0.000000 93.076065 3.227889
v 0.546339 90.058815 -1.350676
v 0.000000 90.021217 2.132329
v 0.000000 92.279739 2.682706
v 0.741269 93.063622 -1.686070
v 0.776322 101.261230 8.763393
v 0.617516 100.508934 12.886756
v 0.773389 100.681274 9.913452
v 0.776322 101.148537 9.953068
v 0.000000 101.898064 8.445107
v 0.601550 78.016617 5.121044
v 0.601550 79.479172 3.915853
v 0.601550 77.045090 6.305830
v 0.601550 76.049866 7.988226
v 0.601550 75.552254 9.765406
v 0.601550 80.758743 3.157590
v 0.601550 83.070381 2.277561
v 0.601550 75.446991 12.591152
v 1.251039 84.159561 1.853229
v 0.543230 85.202454 1.590933
v 0.565884 75.968307 14.889637
v 0.516336 77.153091 16.619423
v 0.457611 78.740707 18.088558
v 0.439485 80.873322 19.368130
v 0.280564 83.408752 20.126392
v 0.543230 88.406532 0.582416
v 0.543230 91.560150 0.228532
v 0.450864 95.142365 1.601866
v 0.543230 98.185036 4.436324
v 0.543230 99.586952 7.314512
v 0.543230 100.203011 9.782817
v 0.395634 100.467613 11.282050
v 0.000000 101.520775 11.698606
v 0.450864 96.763573 2.844602
v 0.450864 93.687592 0.894583
v 0.543230 90.040451 0.350565
v 0.543230 92.680740 0.447818
v 0.776322 100.910774 11.386001
v 0.842573 100.983292 6.258180
v 0.000000 100.056206 2.453988
v 0.842573 99.583443 2.696661
v 0.530544 100.110405 4.679580
v 0.000000 97.996132 7.180408
v 0.543230 99.077705 5.901086
v 0.842573 100.474968 4.540834
v 0.000000 101.038757 4.349809
v 0.000000 98.218307 0.301840
v 0.842573 98.031235 0.611173
v 0.000000 96.325935 -1.343696
v 0.842573 96.188232 -0.902720
v 0.000000 94.565216 -2.331018
v 0.842573 94.427513 -1.807765
v 0.000000 93.299522 -2.799539
v 0.842573 93.161819 -2.276286
v 0.000000 91.795692 -3.245205
v 0.842573 91.773178 -2.721952
v 0.000000 86.637550 -3.750918
v 0.842573 86.615036 -3.227665
v 0.842573 89.962875 -3.025561
v 0.000000 89.985390 -3.548814
v 0.842573 88.333900 -3.219504
v 0.000000 88.356415 -3.742757
v 0.000000 86.064903 -4.955451
v 0.534159 85.943657 -4.511184
v 0.000000 84.268364 -4.365788
v 0.000000 85.276848 -4.550403
v 0.000000 87.083069 2.125943
v 0.908251 86.618919 -0.146880
v 0.543230 86.845627 0.963259
v 1.138998 79.401482 0.280682
v 1.340289 79.401482 -0.073031
v 0.752388 79.401482 0.550146
v 0.752388 81.417267 0.187965
v 1.900120 82.925674 0.363503
v 1.138998 81.444687 -0.158128
v 1.138998 81.444687 -0.423242
v 1.575706 80.882462 -1.811201
v 1.402549 80.882462 -2.144752
v 0.730799 80.882462 -2.642817
v 0.328025 79.356239 -2.864610
v 1.357352 81.026443 -1.117221
v 0.730799 79.367668 -2.207276
v 0.328025 79.367668 -2.590354
v 1.402549 79.367668 -1.709212
v 1.575706 79.367668 -1.375660
v 1.766998 19.400188 1.162802
v 2.281150 14.148983 1.162802
v 2.281150 13.696579 1.162802
v 2.281150 17.225964 1.162802
v 2.281150 16.554920 1.162802
v 2.281150 16.132256 1.162802
v 1.970999 18.337299 1.147006
v 2.151110 13.181810 0.886104
v 2.380849 12.802099 0.738514
v 2.443816 12.596234 0.635623
v 2.491084 12.298557 0.552197
v 2.568584 12.080196 0.488160
v 1.766998 21.638041 1.200621
v 1.766998 19.632198 1.219627
v 1.311277 30.207994 1.200621
v 1.311277 53.540184 1.589722
v 1.486136 64.572906 1.689445
v 1.793550 64.753914 1.765800
v 1.793550 65.313393 1.765800
v 1.486136 65.675407 1.652670
v 1.486136 67.452583 1.652670
v 1.486136 67.748779 1.704613
v 1.893627 68.637375 1.793360
v 1.893627 69.706970 1.793360
v 1.457998 71.269791 1.266788
v 1.457998 75.877289 1.019958
v 1.457998 77.934212 -0.131918
v 1.457998 79.384575 -0.724346
v 1.457998 79.384575 -0.724346
v 0.000000 77.934212 -2.759809
v 0.000000 75.393211 -4.884740
v 0.000000 76.583717 -3.708001
v 0.000000 78.071342 -2.441472
v 1.900120 83.931282 0.009255
v 1.900120 84.948318 -0.379274
v 1.900120 85.953926 -0.722094
v 1.900120 82.719986 -0.527829
v 1.900120 83.839867 -0.847795
v 1.900120 84.456940 -1.601999
v 1.900120 84.399803 -2.619031
v 1.900120 83.017097 -3.761765
v 1.626095 81.931496 -3.773192
v 1.900120 83.719872 -3.258962
v 1.628736 81.690376 -0.662543
v 0.000000 83.365608 -4.891446
v 0.000000 82.177162 -5.828487
v 0.000000 81.194412 -7.771134
v 0.000000 80.977295 -9.485234
v 0.000000 81.051575 -8.605330
v 0.000000 81.537239 -6.731246
v 0.000000 82.679970 -5.325684
v 1.900120 82.468582 -3.801761
v 0.000000 83.051353 -5.022860
v 1.315459 81.406982 -3.299423
v 1.353122 81.506401 -5.171898
v 0.605854 79.068268 -4.798115
v 0.328025 79.253387 -3.337702
v 0.933220 80.985313 -6.460901
v 0.497301 80.765907 -7.530500
v 0.224135 80.765907 -8.558960
v 1.489609 81.718948 -4.472545
v 0.000000 80.416000 0.682946
v 0.752388 80.409378 0.369055
v 1.138998 80.423080 0.061277
v 1.239643 80.423080 -0.248136
v 0.730799 80.125061 -2.425046
v 0.821742 80.387329 -2.944889
v 1.402549 80.125061 -1.926982
v 1.575706 80.125061 -1.593431
v 1.407675 80.205505 -0.920783
v 0.977060 80.643867 -3.318901
v 0.908817 80.486168 -3.905123
v 0.840574 80.797455 -4.985006
v 0.000000 80.089874 -6.268525
v 0.000000 80.089874 -7.502677
v 0.000000 80.451889 -8.473543
v 0.000000 80.254425 -5.462212
v 0.000000 79.184830 -6.054605
v 0.000000 76.857742 -4.818918
v 0.000000 75.837509 -12.816224
v 0.000000 75.607132 -6.118893
v 0.000000 74.751457 -7.624557
v 0.000000 74.586899 -9.710274
v 0.000000 75.047653 -11.394892
v 0.000000 75.837509 -12.816224
v 0.000000 77.889641 -7.098753
v 0.000000 76.485100 -8.871435
v 0.000000 75.684097 -10.728642
v 0.452122 77.331161 -6.654557
v 0.346339 75.866631 -8.546924
v 0.174293 75.290695 -9.879808
v 0.174293 75.405884 -11.196238
v 0.355392 76.802063 -4.342120
v 1.857135 81.652809 -1.429873
v 1.900120 82.713524 -0.840481
v 1.900120 83.414940 -1.160447
v 1.900120 83.801430 -1.700731
v 1.858562 82.068649 -0.975194
v 1.900120 83.784973 -2.408311
v 1.900120 83.423111 -2.846359
v 1.900120 82.861267 -3.179656
v 1.900120 82.432739 -3.255838
v 1.900120 82.108963 -3.246316
v 1.900120 81.861374 -2.979678
v 1.900120 81.594734 -2.674949
v 1.900120 81.451889 -2.236902
v 1.900120 81.499504 -1.865513
v 1.963916 81.853035 -1.573667
v 2.006901 82.655884 -1.094321
v 2.006901 83.186783 -1.354546
v 2.006901 83.479317 -1.793953
v 1.965343 82.167778 -1.203882
v 2.006901 83.466858 -2.369421
v 2.006901 83.192970 -2.725680
v 2.006901 82.767708 -2.996747
v 2.006901 82.443359 -3.058706
v 2.006901 82.198296 -3.050961
v 2.006901 82.010895 -2.834107
v 2.006901 81.809074 -2.586274
v 2.006901 81.700958 -2.230015
v 2.006901 81.737000 -1.927969
v 2.024313 81.973549 -1.723407
v 2.067298 82.621193 -1.358657
v 2.067298 83.049454 -1.556670
v 2.067298 83.285431 -1.891030
v 2.025741 82.227448 -1.442025
v 2.067298 83.275383 -2.328922
v 2.067298 83.054443 -2.600012
v 2.067298 82.711395 -2.806276
v 2.067298 82.449753 -2.853421
v 2.067298 82.252068 -2.847528
v 2.067298 82.100891 -2.682517
v 2.067298 81.938087 -2.493933
v 2.067298 81.850876 -2.222844
v 2.067298 81.879951 -1.993007
v 2.101774 82.126732 -1.875611
v 2.144759 82.577095 -1.627343
v 2.144759 82.874901 -1.762121
v 2.144759 83.039001 -1.989704
v 2.103201 82.303291 -1.684088
v 2.144759 83.032013 -2.287757
v 2.144759 82.878372 -2.472275
v 2.144759 82.639824 -2.612669
v 2.144759 82.457878 -2.644759
v 2.144759 82.320412 -2.640748
v 2.144759 82.215286 -2.528433
v 2.144759 82.102074 -2.400072
v 2.144759 82.041428 -2.215554
v 2.144759 82.061646 -2.059115
v 2.149781 82.198990 -1.953874
v 2.192765 82.556297 -1.765500
v 2.192765 82.792564 -1.867763
v 2.192765 82.922760 -2.040442
v 2.170555 82.339066 -1.808555
v 2.192765 82.917213 -2.266590
v 2.192765 82.795319 -2.406593
v 2.192765 82.606064 -2.513118
v 2.192765 82.461708 -2.537466
v 2.192765 82.352646 -2.534422
v 2.192765 82.269249 -2.449203
v 2.192765 82.179428 -2.351809
v 2.192765 82.131310 -2.211806
v 2.192765 82.147354 -2.093108
v 2.231000 82.342880 -2.081786
v 2.247548 82.514877 -1.991302
v 2.247548 82.628609 -2.040423
v 2.247548 82.691284 -2.123368
v 2.225338 82.410309 -2.011983
v 2.247548 82.688614 -2.231995
v 2.247548 82.629936 -2.299244
v 2.247548 82.538834 -2.350412
v 2.247548 82.469345 -2.362107
v 2.247548 82.416847 -2.360645
v 2.247548 82.376701 -2.319711
v 2.247548 82.333466 -2.272929
v 2.247548 82.310303 -2.205680
v 2.247548 82.318024 -2.148665
v 2.276519 82.492111 -2.176705
v 0.000000 89.802773 4.875360
v 0.675406 88.895424 5.956259
v 0.000000 87.872536 4.489017
v 0.675406 86.841774 6.133765
v 0.000000 82.435593 6.998652
v 0.675406 85.234108 6.477345
v 0.675406 85.069550 5.709428
v 0.000000 83.230934 5.942765
v 0.000000 91.338608 5.986098
v 0.675406 90.911209 6.299079
v 0.675406 85.795403 5.596626
v 0.000000 86.826164 4.498475
v 0.000000 92.874443 8.893213
v 0.446034 92.570457 9.206194
v 0.000000 92.366142 7.421257
v 0.572751 92.062157 7.734238
v 0.000000 93.049004 10.875442
v 0.322558 92.752441 10.707019
v 0.000000 92.130249 13.261471
v 0.000000 92.363365 10.806878
v 0.000000 91.938271 9.435597
v 0.000000 91.307480 8.324860
v 0.000000 90.087036 7.282686
v 0.000000 88.606056 6.953579
v 0.000000 86.933090 7.172984
v 0.000000 86.357155 7.310112
v 0.000000 87.248489 11.423955
v 0.000000 88.016403 12.137021
v 0.000000 87.632446 12.918651
v 0.000000 87.755859 13.631717
v 0.000000 84.396225 8.448276
v 0.000000 85.520676 11.766775
v 0.000000 84.793900 8.777382
v 0.000000 81.297432 9.014435
v 0.544501 82.697243 8.630257
v 0.675406 84.008789 7.353471
v 0.000000 81.832932 7.813732
v 0.675406 85.508362 7.807488
v 0.000000 86.555992 8.297434
v 0.675406 86.429863 11.773232
v 0.000000 83.343079 9.303955
v 0.000000 85.208023 12.424990
v 0.000000 85.142204 13.165482
v 0.000000 85.668777 14.004705
v 0.000000 81.099968 10.478963
v 0.544501 81.792191 10.539080
v 0.000000 82.586128 10.768483
v 0.000000 81.280975 12.091589
v 0.252780 81.825096 12.118795
v 0.000000 82.289925 12.282377
v 0.000000 81.774635 13.292831
v 0.252780 82.203568 13.352948
v 0.000000 82.619034 13.483620
v 0.000000 82.505249 14.378886
v 0.252780 82.795959 14.439003
v 0.000000 83.013962 14.490688
v 0.000000 83.368210 15.142047
v 0.675406 86.745255 12.664564
v 0.000000 87.872421 12.610112
v 0.608942 87.768631 14.505043
v 0.000000 90.237877 16.086311
v 0.000000 87.851845 19.089417
v 0.000000 84.931015 16.607397
v 0.000000 89.757927 18.054100
v 0.000000 89.394547 14.461343
v 0.000000 86.199455 18.465485
v 0.000000 85.245049 15.141498
v 0.000000 85.909431 14.518250
v 0.000000 85.482956 17.728420
v 0.000000 87.025650 18.873440
v 0.000000 88.914589 18.832302
v 0.000000 90.244736 17.083918
v 0.000000 90.035614 15.205262
v 0.000000 88.630051 13.854550
v 0.310830 87.766075 13.955770
v 0.310830 89.950493 16.133905
v 0.310830 87.850563 18.798775
v 0.310830 85.230591 16.596304
v 0.310830 89.528091 17.880068
v 0.310830 89.208282 14.691957
v 0.310830 86.396294 18.245117
v 0.310830 85.556328 15.295507
v 0.310830 86.141045 14.742455
v 0.310830 85.765709 17.591066
v 0.310830 87.123428 18.607124
v 0.310830 88.785873 18.570620
v 0.310830 89.956528 17.019154
v 0.310830 89.772476 15.352089
v 0.310830 88.535454 14.153506
v 0.310830 86.893921 14.214999
v 0.627914 86.778328 13.938468
v 0.608942 89.515282 16.186701
v 0.608942 87.836182 18.244146
v 0.608942 85.840759 16.543701
v 0.608942 89.177536 17.534847
v 0.608942 88.921814 15.073425
v 0.608942 86.673355 17.816689
v 0.608942 86.001717 15.539404
v 0.608942 86.469254 15.112412
v 0.608942 86.169136 17.311720
v 0.608942 87.254768 18.096180
v 0.608942 88.584061 18.067997
v 0.608942 89.520111 16.870167
v 0.608942 89.372940 15.583089
v 0.608942 88.383820 14.657707
v 0.608942 87.071259 14.705184
v 0.832179 87.770805 14.888468
v 0.832179 89.145004 16.223555
v 0.832179 87.823952 17.856983
v 0.832179 86.229317 16.506981
v 0.832179 88.879280 17.293863
v 0.832179 88.678085 15.339712
v 0.832179 86.909081 17.517620
v 0.832179 86.380653 15.709658
v 0.832179 86.748497 15.370665
v 0.832179 86.512375 17.116720
v 0.832179 87.366516 17.739511
v 0.832179 88.412354 17.717136
v 0.832179 89.148804 16.766165
v 0.832179 89.033020 15.744340
v 0.832179 88.254814 15.009669
v 0.832179 87.222137 15.047361
v 0.976336 87.772232 15.181560
v 0.976336 88.902107 16.251726
v 0.976336 87.815926 17.561033
v 0.976336 86.502846 16.478912
v 0.976336 88.683624 17.109653
v 0.976336 88.518204 15.543263
v 0.976336 87.063713 17.289009
v 0.976336 86.629234 15.839801
v 0.976336 86.931679 15.568074
v 0.976336 86.737534 16.967661
v 0.976336 87.439819 17.466871
v 0.976336 88.299713 17.448936
v 0.976336 88.905235 16.686666
v 0.976336 88.810036 15.867601
v 0.976336 88.170189 15.278711
v 0.976336 87.321106 15.308924
v 1.068723 87.773529 15.362465
v 1.068723 88.680656 16.269114
v 1.068723 87.808609 17.378365
v 1.068723 86.778000 16.461588
v 1.068723 88.505249 16.995955
v 1.068723 88.372437 15.668901
v 1.068723 87.204697 17.147905
v 1.068723 86.855873 15.920130
v 1.068723 87.098686 15.689921
v 1.068723 86.942818 16.875658
v 1.068723 87.506653 17.298590
v 1.068723 88.197021 17.283396
v 1.068723 88.683167 16.637598
v 1.068723 88.606735 15.943683
v 1.068723 88.093033 15.444773
v 1.068723 87.411346 15.470368
v 1.219416 87.777130 15.943734
v 1.219416 88.067200 16.324984
v 1.219416 87.788345 16.791428
v 1.219416 87.440430 16.405920
v 1.219416 88.011108 16.630623
v 1.219416 87.968643 16.072592
v 1.219416 87.595230 16.694519
v 1.219416 87.483681 16.178234
v 1.219416 87.561333 16.081430
v 1.219416 87.511482 16.580038
v 1.219416 87.691788 16.757881
v 1.219416 87.912544 16.751492
v 1.219416 88.068008 16.479933
v 1.219416 88.043564 16.188139
v 1.219416 87.879295 15.978346
v 1.219416 87.661308 15.989108
v 1.219416 87.761467 16.373106
v -0.243877 5.450733 6.893061
v -1.845089 19.400188 0.921888
v -1.549658 19.400188 1.833304
v -1.549658 19.400188 0.010473
v -0.371884 19.400188 2.524187
v -0.821507 19.400188 -0.680410
v -2.359241 14.107716 0.921888
v -2.063810 14.090912 1.833304
v -2.063810 14.124519 0.010473
v -1.335658 14.082508 2.524187
v -1.335658 14.132923 -0.680410
v -1.335658 17.209902 -0.680410
v -2.063810 17.201498 0.010473
v -2.359241 17.184694 0.921888
v -2.063810 17.167891 1.833304
v -1.335658 17.159487 2.524187
v -1.335658 16.538858 -0.680410
v -2.063810 16.530455 0.010473
v -2.359241 16.513651 0.921888
v -2.063810 16.496847 1.833304
v -1.335658 16.488443 2.524187
v -1.335658 16.116194 -0.680410
v -2.063810 16.107790 0.010473
v -2.359241 16.090986 0.921888
v -2.063810 16.074183 1.833304
v -1.335658 16.065779 2.524187
v -1.783261 18.337299 0.074799
v -2.038454 18.337299 0.922844
v -1.783261 18.337299 1.770889
v -1.154285 18.290543 2.413735
v -1.154285 18.337299 -0.568048
v -2.359241 13.766484 0.921888
v -2.063810 13.329093 1.833304
v -2.063810 13.783288 0.010473
v -1.525082 12.754296 2.524187
v -1.449479 13.315555 -0.680410
v -1.688907 19.400188 1.403715
v -2.203059 14.190251 1.403715
v -2.203059 17.267231 1.403715
v -2.203059 16.596188 1.403715
v -2.203059 16.173523 1.403715
v -1.903544 18.337299 1.371169
v -2.203059 13.626674 1.403715
v -1.556614 11.002110 2.667028
v -1.525082 11.935340 2.724165
v -1.556614 10.087927 2.057572
v -1.449479 9.678449 0.048272
v -1.537181 9.711779 1.052922
v -1.449479 11.087815 -1.599163
v -1.449479 10.164109 -0.908764
v -1.449479 12.392432 -1.332526
v -1.449479 11.825829 -1.589640
v -1.449479 12.853993 -1.101696
v -1.106605 12.754296 5.419103
v -1.335658 11.935340 5.501633
v -1.096471 12.754296 3.985430
v -1.096471 11.935340 4.126125
v -1.335658 11.002110 4.201249
v -1.335658 11.002110 5.537079
v -0.774776 11.935340 8.279101
v -0.569378 11.002110 8.314547
v -1.335658 10.236481 2.667028
v -0.953591 10.236481 4.201249
v -1.139284 10.236481 5.537079
v -0.503230 10.399831 8.314547
v -0.284875 10.199207 9.212193
v -0.952518 11.002110 6.925813
v -1.055217 11.935340 6.890368
v -0.553303 13.086494 6.810292
v -0.736888 10.236481 6.925813
v -0.176167 9.483881 8.125687
v -0.755912 9.860181 6.831383
v -0.953591 9.436569 3.829862
v -0.953591 8.750931 3.382292
v -1.335658 9.531797 2.124231
v -1.335658 9.188978 1.086251
v -1.053617 9.145174 0.048768
v -1.053617 10.554541 -1.932734
v -1.053617 9.630835 -0.908715
v -1.053617 11.825829 -1.923206
v -0.724739 12.726505 -1.628802
v -0.889178 12.380918 -1.776004
v -2.168304 13.231028 0.746062
v -1.994667 12.923081 1.275865
v -1.994667 13.242858 0.216259
v -1.900273 12.518395 1.677474
v -1.824669 12.913549 -0.185349
v -2.133916 13.132593 1.026147
v -1.931805 11.284768 1.760507
v -1.900273 11.941809 1.793720
v -1.931805 10.641136 1.406232
v -1.824669 10.352843 0.238232
v -1.912372 10.376309 0.822232
v -1.824669 11.345109 -0.719418
v -1.824669 10.694773 -0.318090
v -1.824669 12.263625 -0.564422
v -1.824669 11.864707 -0.713882
v -1.824669 12.588588 -0.430241
v -1.449479 11.456821 -1.594402
v -1.053617 11.190185 -1.927970
v -1.824669 11.604908 -0.716650
v -2.398043 12.836309 0.643815
v -2.348754 12.622258 1.002076
v -2.224406 12.844532 0.285554
v -2.254359 12.340963 1.273649
v -2.178756 12.615632 0.013981
v -2.363655 12.767888 0.833212
v -2.285891 11.483479 1.329798
v -2.254359 11.940183 1.352257
v -2.285891 11.036095 1.090232
v -2.178756 10.835704 0.300413
v -2.266458 10.852015 0.695322
v -2.178756 11.525420 -0.347164
v -2.178756 11.073377 -0.075781
v -2.178756 12.163875 -0.242354
v -2.178756 11.886589 -0.343421
v -2.178756 12.389754 -0.151619
v -2.178756 11.706005 -0.345293
v -2.441457 12.623667 0.561544
v -2.461451 12.449333 0.840841
v -2.371683 12.608602 0.338357
v -2.396038 12.234193 0.999171
v -2.312310 12.461003 0.150606
v -2.446176 12.568802 0.709703
v -2.406582 11.587989 1.035843
v -2.385561 11.932570 1.063892
v -2.408598 11.273443 0.874985
v -2.319319 11.117657 0.341506
v -2.381026 11.119812 0.615517
v -2.304702 11.586378 -0.083992
v -2.304702 11.296295 0.087748
v -2.304702 12.105758 -0.040927
v -2.304702 11.909678 -0.099904
v -2.304702 12.286308 0.031557
v -2.304702 11.758602 -0.111771
v -2.489319 12.313612 0.508213
v -2.507885 12.217937 0.674041
v -2.459738 12.305344 0.375701
v -2.516317 12.099866 0.768046
v -2.432590 12.224340 0.264227
v -2.492849 12.283502 0.596180
v -2.526861 11.745224 0.789819
v -2.505840 11.934333 0.806473
v -2.528878 11.572599 0.694313
v -2.439598 11.487103 0.377570
v -2.501305 11.488285 0.540259
v -2.424981 11.744340 0.124939
v -2.424981 11.585140 0.226906
v -2.424981 12.029380 0.150508
v -2.424981 11.921769 0.115492
v -2.424981 12.128467 0.193544
v -2.424981 11.838858 0.108446
v -2.568584 12.086173 0.467278
v -2.568584 12.048196 0.546008
v -2.568584 12.082891 0.404365
v -2.568584 12.001330 0.590639
v -2.568584 12.050738 0.351440
v -2.568584 12.074221 0.509042
v -2.568584 11.860561 0.600977
v -2.568584 11.935624 0.608884
v -2.568584 11.792041 0.555633
v -2.568584 11.758104 0.405252
v -2.568584 11.758574 0.482492
v -2.568584 11.860210 0.285310
v -2.568584 11.797019 0.333721
v -2.568584 11.973351 0.297449
v -2.568584 11.930637 0.280825
v -2.568584 12.012683 0.317882
v -2.568584 11.897727 0.277479
v -2.568584 11.921613 0.440489
v -1.144625 9.836525 3.248445
v -1.144625 9.141364 2.753262
v -1.335658 8.841397 2.140103
v -1.335658 8.498578 1.102123
v -1.053617 8.454774 0.064639
v -1.053617 8.940434 -0.892844
v -0.550430 9.780478 -2.997970
v -1.053617 9.975240 -1.869249
v -1.144625 7.103495 3.162740
v -1.545011 7.626954 2.958001
v -1.541783 8.384159 2.855631
v -1.343204 8.800581 2.804447
v -1.335658 8.603329 2.140103
v -1.255218 8.260509 1.102123
v -1.053617 8.216705 0.064639
v -1.053617 8.702366 -0.892844
v -1.513216 8.089100 2.187716
v -1.436885 7.508212 2.187716
v -0.929014 6.898756 2.368649
v -1.103581 8.800581 2.804447
v -1.270229 8.340315 2.804447
v -1.278164 7.673722 2.804447
v -0.968675 7.245198 2.804447
v -0.070139 7.245198 3.286777
v -1.025785 8.626554 3.206889
v -0.417554 7.886698 3.864779
v -1.012956 8.343639 3.334613
v -0.070139 6.919139 4.568050
v -0.417554 7.560639 5.146052
v -0.331656 7.806267 5.224500
v -0.153937 6.060365 6.120274
v -0.417554 6.701864 6.698276
v -0.331656 6.947492 6.776723
v -1.546898 9.899853 1.555247
v -1.335658 9.360388 1.605241
v -1.922088 10.508722 1.114232
v -2.276175 10.944055 0.892777
v -2.394812 11.196628 0.745251
v -2.515091 11.530442 0.617286
v -2.568584 11.775307 0.519063
v -1.335658 8.669988 1.621113
v -1.130083 8.431919 1.621113
v -0.841588 7.433352 1.429335
v -0.841588 7.427268 0.956636
v -0.943025 7.493928 1.808526
v -0.666274 6.816093 2.139030
v -0.841588 7.372159 0.024383
v -0.682067 6.382586 -1.506225
v -0.841588 7.140703 -0.815472
v -0.680057 4.900286 -2.216677
v -0.680057 5.724553 -1.900937
v -0.680057 2.256589 -2.331103
v -0.681421 -2.095077 -0.153323
v -0.511550 -2.066164 1.107856
v -0.681421 -2.291048 0.511959
v -0.681421 -1.605445 -0.803037
v -0.682067 0.254801 -1.917609
v -0.680057 1.249573 -2.166633
v -0.680057 3.581368 -2.345412
v -0.690876 -0.983853 -1.210506
v -0.706576 0.249217 -1.923388
v -0.761821 0.773551 -0.603976
v -0.771074 2.433460 -0.731650
v -0.771074 3.769514 -0.578701
v -0.771074 5.087067 -0.188149
v -0.780056 5.856983 0.120021
v -0.870692 6.592726 0.316402
v -0.559775 -1.930861 0.769276
v -0.587118 -1.626348 0.377512
v -0.593678 -0.277061 -0.423801
v -0.841485 3.658610 -1.611629
v -0.841485 4.951876 -1.373460
v -0.857444 5.769054 -1.065652
v -1.002838 6.465656 -0.807706
v -0.822293 0.491992 -1.328905
v -0.841485 2.349056 -1.669057
v -0.746631 -0.362003 -1.572850
v -0.502826 0.826006 -0.007337
v -0.475177 2.508029 0.110065
v -0.475177 3.869119 0.342535
v -0.475177 5.209913 0.873605
v -0.521310 5.935942 1.186744
v -0.869497 6.707716 1.227716
v -0.714290 0.096152 -0.877180
v -0.587118 -1.016611 -0.092480
v -0.682067 -2.174418 -0.207854
v -0.682067 -1.709326 -0.944154
v -0.682067 -1.092327 -1.523976
v -0.694694 -0.318621 -1.973603
v -0.643184 0.360655 -2.307505
v -0.487651 2.287149 -2.610633
v -0.487651 3.571543 -2.604772
v -0.487651 4.861612 -2.438923
v -0.487651 5.761513 -2.097970
v -0.448767 6.458923 -1.625527
v -0.771074 1.530887 -0.736101
v -0.841485 1.385952 -1.592570
v -0.475177 1.653421 0.042259
v -0.526534 1.240023 -2.495514
v -0.841588 6.607428 -1.777271
v -0.841588 5.864652 -2.310546
v -0.841588 4.921898 -2.691457
v -0.841588 3.550620 -2.967617
v -0.841588 2.236478 -2.958095
v -0.841588 1.150883 -2.815253
v -0.841588 0.189083 -2.558138
v -0.841588 -0.601306 -2.139137
v -0.841588 -1.220286 -1.758226
v -0.841588 -1.886880 -1.044018
v -0.841588 -2.315404 -0.206015
v -0.522490 -2.307264 1.524997
v -0.300378 -1.867161 2.309529
v -0.390925 -2.066164 1.517343
v -0.681421 -3.884789 1.027776
v -0.767978 -3.527685 -0.757743
v -0.540249 -3.670209 0.009369
v -0.819743 -2.880136 -1.719543
v -0.845660 -1.746927 -2.633729
v -0.845660 -0.851786 -2.967026
v -0.845660 0.081445 -3.271755
v -0.696009 7.041698 -2.578076
v -0.348004 6.341277 -3.242554
v -0.802024 9.003353 -1.945407
v -0.330458 8.923429 -5.321526
v -0.373194 9.247203 -4.426386
v -0.985836 7.932635 1.525224
v -1.048403 7.843888 1.029379
v -0.947603 7.794432 0.044511
v -0.947603 7.921535 -0.854158
v -0.623219 8.411089 -2.788023
v -0.821806 7.805390 -1.861339
v -0.623219 8.065527 -4.071540
v -0.276618 8.422859 -5.652178
v -0.247369 8.119761 -5.996607
v -0.206736 7.818207 -6.504488
v -0.206736 7.548395 -6.933013
v -0.311610 7.442749 -6.284619
v -0.467414 7.694621 -5.786479
v -0.423363 6.985606 -3.884668
v -0.345460 6.639290 -5.000507
v -0.267558 6.319426 -5.695317
v -0.267558 5.968935 -6.164843
v -0.267558 5.618444 -7.024538
v -0.267558 5.261340 -7.460999
v -0.223298 4.686005 -8.082624
v -0.680057 4.240827 -2.281045
v -0.771074 4.428290 -0.383425
v -0.841485 4.305243 -1.492544
v -0.475177 4.539516 0.608070
v -0.487651 4.216578 -2.521847
v -0.841588 4.236259 -2.829537
v -1.302142 8.871048 2.793863
v -1.053617 8.265933 0.064639
v -1.271851 8.309737 1.102123
v -1.053617 8.751594 -0.892844
v -1.335658 8.652556 2.140103
v -1.172592 8.481147 1.621113
v -0.963737 6.697227 -2.025139
v -0.976472 5.963209 -2.585544
v -0.749999 9.164047 -2.163057
v -0.780742 7.930637 -2.052959
v -0.904512 5.125326 -2.981825
v -0.904512 4.454336 -3.175699
v -0.904512 3.671967 -3.412501
v -0.904512 2.333626 -3.525658
v -0.904512 1.119683 -3.526375
v -1.303198 8.402510 1.102123
v -1.335658 8.745329 2.140103
v -1.225484 8.800581 2.804447
v -1.408376 8.362619 2.830486
v -1.413917 7.649930 2.882564
v -1.058186 7.173110 2.986721
v -0.034457 7.085763 3.481706
v -0.034457 6.812623 4.503164
v -0.817730 6.148942 -2.908314
v -0.703356 8.166669 -2.414075
v -0.610157 5.508694 -3.333561
v -0.610157 3.900651 -4.055429
v -0.610157 2.516704 -4.399779
v -1.224758 9.003847 2.773917
v -1.053617 8.358706 0.064639
v -1.053617 8.844366 -0.892844
v -1.252702 8.573919 1.621113
v -0.982216 6.866456 -2.296781
v -0.651956 9.466883 -2.573226
v -0.610157 4.865310 -3.632582
v -0.610157 1.060886 -4.671039
v -0.580217 -0.449838 -4.569575
v -0.580217 -1.317572 -4.414550
v -0.652218 -2.539619 -4.119353
v -0.652218 -3.882330 -3.281349
v -0.500775 -5.577385 -3.776533
v -0.652218 -4.415606 -2.310026
v -0.652218 -5.510725 -2.310026
v -0.151151 -4.550461 -1.373067
v -0.540249 -5.452873 0.923555
v -0.681421 -5.427479 1.922917
v -0.540249 -4.540251 0.413835
v -0.681421 -4.673862 1.422031
v -0.681421 -6.375947 2.539993
v -0.681421 -7.461544 3.762718
v -0.540249 -6.812726 2.032007
v -0.540249 -8.138297 3.254732
v -0.681421 -8.750929 5.682510
v -0.681421 -9.282299 7.225200
v -0.681421 -8.147184 4.745469
v -0.540249 -8.869646 4.283192
v -0.540249 -9.658133 5.483062
v -0.540249 -10.138081 7.197162
v -0.363167 -10.058088 5.220233
v -0.363167 -9.178184 4.066072
v -0.363167 -10.686592 6.991470
v -0.825353 -4.542343 -0.369105
v -0.825353 -5.668200 -0.072614
v -0.825353 -8.804282 2.230843
v -0.825353 -10.202988 3.399173
v -0.825353 -11.009300 4.501682
v -0.825353 -11.058666 6.723156
v -0.825353 -7.398261 0.943547
v -0.412677 -9.082626 0.076734
v -0.363167 -10.896093 7.505700
v -0.540249 -10.757061 8.854125
v -0.540249 -10.342821 7.868517
v -0.540249 -9.257224 7.839949
v -0.363167 -11.162731 8.867456
v -0.363167 -11.219868 10.029235
v -0.363167 -10.762774 9.924484
v -0.622359 -9.210562 11.324332
v -0.622359 -10.072372 10.672023
v -0.458822 -7.544075 12.067109
v -0.622359 -8.701093 11.724289
v -0.451708 -9.861444 8.985063
v -0.181584 -11.125581 10.828727
v -0.458822 -3.944465 12.329938
v -0.242776 0.180802 11.758572
v -0.160679 1.746347 11.392897
v -0.350799 -1.881832 12.192810
v -0.458822 -5.515724 12.244233
v -0.242776 1.661785 11.116813
v -0.242776 3.956509 9.800817
v -0.242776 5.080726 8.960961
v -0.269395 6.224782 7.816905
v -0.417554 6.040560 7.485227
v -0.417554 4.830374 8.549926
v -0.417554 3.613575 9.343491
v -0.326173 4.765267 7.472508
v -0.234547 -2.000760 10.294824
v -0.211117 -0.528632 10.180346
v -0.257976 -4.421465 10.362760
v -0.257976 -6.261306 9.928064
v -0.257976 -7.450764 9.347583
v -0.326173 3.251145 8.529536
v -0.268645 1.361257 9.488259
v -0.417554 1.575701 10.552883
v -0.461800 -1.927549 11.463195
v -0.386296 -0.091915 11.151877
v -0.537304 -5.802337 11.353863
v -0.537304 -7.508205 11.021682
v -0.538805 -8.210513 10.521103
v -0.537304 -4.127831 11.573725
v -1.845089 21.638041 0.988277
v -1.549658 21.638041 1.791609
v -1.549658 21.638041 0.184944
v -0.821507 21.638041 -0.424009
v -1.688907 21.638041 1.412965
v -1.845089 19.632198 0.981676
v -1.549658 19.632198 0.081466
v -1.688907 19.632198 1.457578
v -0.821507 19.632198 -0.600924
v -1.549658 19.632198 1.881885
v -0.960771 19.400188 2.178745
v -1.699734 14.086710 2.178745
v -1.699734 17.163689 2.178745
v -1.699734 16.492645 2.178745
v -1.699734 16.069981 2.178745
v -1.468773 18.313921 2.092312
v -1.794446 13.041695 2.178745
v -1.947470 12.720738 1.476670
v -2.301557 12.481611 1.137863
v -2.428744 12.341763 0.920006
v -2.512101 12.158901 0.721043
v -2.568584 12.024763 0.568324
v -0.874944 19.627293 2.206819
v -0.874944 21.642010 2.024500
v -1.359556 30.207994 0.988277
v -1.176906 30.207994 1.791609
v -1.355563 30.207994 0.184944
v -0.837579 30.207994 -0.279046
v -1.262997 30.207994 1.412965
v -0.938420 30.211964 2.024500
v -1.359556 53.540184 1.300038
v -1.176906 53.540184 2.395960
v -1.355563 53.540184 0.204116
v -0.837579 53.540184 -0.428868
v -1.262997 53.540184 1.879405
v -0.938420 53.544151 2.713674
v -1.553391 64.572906 1.304611
v -1.298953 64.572906 2.760501
v -1.547828 64.572906 -0.151279
v -0.826261 64.572906 -0.992175
v -1.418880 64.572906 2.074278
v -0.966734 64.576874 3.182571
v -1.860806 64.753914 1.308112
v -1.606659 64.766914 3.039622
v -1.855243 64.753914 -0.423397
v -1.133675 64.753914 -1.423486
v -1.726295 64.753914 2.223488
v -1.274441 64.770882 3.541596
v -1.860806 65.313393 1.308112
v -1.606659 65.326393 3.039622
v -1.855243 65.313393 -0.423397
v -1.133675 65.313393 -1.423486
v -1.726295 65.313393 2.223488
v -1.274441 65.330360 3.541596
v -1.553391 65.675407 1.302925
v -1.298953 65.675407 2.626071
v -1.547828 65.675407 -0.020221
v -0.826261 65.675407 -0.784446
v -1.418880 65.675407 2.002416
v -0.966734 65.679375 3.009658
v -1.553391 67.452583 1.302925
v -1.298953 67.452583 2.626071
v -1.547828 67.452583 -0.020221
v -0.826261 67.452583 -0.784446
v -1.418880 67.452583 2.002416
v -0.966734 67.456551 3.009658
v -1.553391 67.748779 1.305307
v -1.298953 67.748779 2.815951
v -1.547828 67.748779 -0.205338
v -0.826261 67.748779 -1.077859
v -1.418880 67.748779 2.103920
v -0.966734 67.752747 3.253895
v -2.012144 68.637375 1.309376
v -1.563774 68.637375 3.140366
v -2.002342 68.637375 -0.521614
v -0.730799 68.637375 -1.579161
v -1.775110 68.637375 2.277343
v -0.978341 68.641342 3.506626
v -2.012144 69.706970 1.309376
v -1.563774 69.706970 3.140366
v -2.002342 69.706970 -0.521614
v -1.053244 69.706970 -1.085500
v -1.775110 69.706970 2.277343
v -0.978341 69.710938 3.506626
v -1.575706 71.269791 0.782804
v -1.138998 71.269791 2.282751
v -1.402549 71.269791 0.004958
v -0.730799 71.269791 -0.558928
v -1.340289 71.269791 1.750771
v -0.752388 71.269791 2.552215
v -1.575706 75.877289 0.289144
v -1.138998 75.877289 2.282751
v -1.402549 75.877289 -0.488703
v -0.730799 75.877289 -1.052589
v -1.340289 75.877289 1.750771
v -0.752388 75.877289 2.552215
v -1.575706 77.934212 -0.862732
v -1.138998 77.934212 1.130876
v -1.402549 77.934212 -1.196284
v -0.730799 77.934212 -1.694348
v -1.340289 77.934212 0.598896
v -0.752388 77.934212 1.400340
v -1.175914 78.761589 3.151972
v -1.175914 77.299034 4.357163
v -1.175914 76.327507 5.541949
v -1.175914 75.332283 7.224346
v -1.175914 74.834671 9.001525
v -1.175914 80.041161 2.393709
v -1.175914 82.908348 1.374793
v -1.175914 74.787277 12.579578
v -1.061911 85.017265 0.711312
v -1.800658 83.962807 1.043052
v -0.675406 84.365631 2.701753
v -1.106194 75.308586 14.878063
v -1.009338 76.493370 16.607851
v -0.894541 78.080986 18.076986
v -0.859108 80.213600 19.356556
v -0.548449 82.749039 20.114819
v -0.675406 84.822723 4.667254
v -0.675406 84.522903 3.675544
v -0.754592 88.138298 -0.758243
v -0.741269 91.742020 -1.811386
v -0.634556 95.979279 -0.525125
v -0.530544 99.303261 2.831769
v -0.530544 100.551132 6.399840
v -0.530544 100.718430 8.868144
v -0.438178 97.789368 0.906492
v -0.648903 94.271484 -1.333275
v -0.546339 90.058815 -1.350676
v -0.741269 93.063622 -1.686070
v -0.776322 101.261230 8.763393
v -0.617516 100.508934 12.886756
v -0.773389 100.681274 9.913452
v -0.776322 101.148537 9.953068
v -0.601550 78.016617 5.121044
v -0.601550 79.479172 3.915853
v -0.601550 77.045090 6.305830
v -0.601550 76.049866 7.988226
v -0.601550 75.552254 9.765406
v -0.601550 80.758743 3.157590
v -0.601550 83.070381 2.277561
v -0.601550 75.446991 12.591152
v -1.251039 84.159561 1.853229
v -0.543230 85.202454 1.590933
v -0.565884 75.968307 14.889637
v -0.516336 77.153091 16.619423
v -0.457611 78.740707 18.088558
v -0.439485 80.873322 19.368130
v -0.280564 83.408752 20.126392
v -0.543230 88.406532 0.582416
v -0.543230 91.560150 0.228532
v -0.450864 95.142365 1.601866
v -0.543230 98.185036 4.436324
v -0.543230 99.586952 7.314512
v -0.543230 100.203011 9.782817
v -0.395634 100.467613 11.282050
v -0.450864 96.763573 2.844602
v -0.450864 93.687592 0.894583
v -0.543230 90.040451 0.350565
v -0.543230 92.680740 0.447818
v -0.776322 100.910774 11.386001
v -0.842573 100.983292 6.258180
v -0.842573 99.583443 2.696661
v -0.530544 100.110405 4.679580
v -0.543230 99.077705 5.901086
v -0.842573 100.474968 4.540834
v -0.842573 98.031235 0.611173
v -0.842573 96.188232 -0.902720
v -0.842573 94.427513 -1.807765
v -0.842573 93.161819 -2.276286
v -0.842573 91.773178 -2.721952
v -0.842573 86.615036 -3.227665
v -0.842573 89.962875 -3.025561
v -0.842573 88.333900 -3.219504
v -0.534159 85.943657 -4.511184
v -0.908251 86.618919 -0.146880
v -0.543230 86.845627 0.963259
v -1.138998 79.401482 0.280682
v -1.340289 79.401482 -0.073031
v -0.752388 79.401482 0.550146
v -0.752388 81.417267 0.187965
v -1.900120 82.925674 0.363503
v -1.138998 81.444687 -0.158128
v -1.138998 81.444687 -0.423242
v -1.575706 80.882462 -1.811201
v -1.402549 80.882462 -2.144752
v -0.730799 80.882462 -2.642817
v -0.328025 79.356239 -2.864610
v -1.357352 81.026443 -1.117221
v -0.730799 79.367668 -2.207276
v -0.328025 79.367668 -2.590354
v -1.402549 79.367668 -1.709212
v -1.575706 79.367668 -1.375660
v -1.766998 19.400188 1.162802
v -2.281150 14.148983 1.162802
v -2.281150 13.696579 1.162802
v -2.281150 17.225964 1.162802
v -2.281150 16.554920 1.162802
v -2.281150 16.132256 1.162802
v -1.970999 18.337299 1.147006
v -2.151110 13.181810 0.886104
v -2.380849 12.802099 0.738514
v -2.443816 12.596234 0.635623
v -2.491084 12.298557 0.552197
v -2.568584 12.080196 0.488160
v -1.766998 21.638041 1.200621
v -1.766998 19.632198 1.219627
v -1.311277 30.207994 1.200621
v -1.311277 53.540184 1.589722
v -1.486136 64.572906 1.689445
v -1.793550 64.753914 1.765800
v -1.793550 65.313393 1.765800
v -1.486136 65.675407 1.652670
v -1.486136 67.452583 1.652670
v -1.486136 67.748779 1.704613
v -1.893627 68.637375 1.793360
v -1.893627 69.706970 1.793360
v -1.457998 71.269791 1.266788
v -1.457998 75.877289 1.019958
v -1.457998 77.934212 -0.131918
v -1.457998 79.384575 -0.724346
v -1.457998 79.384575 -0.724346
v -1.900120 83.931282 0.009255
v -1.900120 84.948318 -0.379274
v -1.900120 85.953926 -0.722094
v -1.900120 82.719986 -0.527829
v -1.900120 83.839867 -0.847795
v -1.900120 84.456940 -1.601999
v -1.900120 84.399803 -2.619031
v -1.900120 83.017097 -3.761765
v -1.626095 81.931496 -3.773192
v -1.900120 83.719872 -3.258962
v -1.628736 81.690376 -0.662543
v -1.900120 82.468582 -3.801761
v -1.315459 81.406982 -3.299423
v -1.353122 81.506401 -5.171898
v -0.605854 79.068268 -4.798115
v -0.328025 79.253387 -3.337702
v -0.933220 80.985313 -6.460901
v -0.497301 80.765907 -7.530500
v -0.224135 80.765907 -8.558960
v -1.489609 81.718948 -4.472545
v -0.752388 80.409378 0.369055
v -1.138998 80.423080 0.061277
v -1.239643 80.423080 -0.248136
v -0.730799 80.125061 -2.425046
v -0.821742 80.387329 -2.944889
v -1.402549 80.125061 -1.926982
v -1.575706 80.125061 -1.593431
v -1.407675 80.205505 -0.920783
v -0.977060 80.643867 -3.318901
v -0.908817 80.486168 -3.905123
v -0.840574 80.797455 -4.985006
v -0.452122 77.331161 -6.654557
v -0.346339 75.866631 -8.546924
v -0.174293 75.290695 -9.879808
v -0.174293 75.405884 -11.196238
v -0.355392 76.802063 -4.342120
v -1.857135 81.652809 -1.429873
v -1.900120 82.713524 -0.840481
v -1.900120 83.414940 -1.160447
v -1.900120 83.801430 -1.700731
v -1.858562 82.068649 -0.975194
v -1.900120 83.784973 -2.408311
v -1.900120 83.423111 -2.846359
v -1.900120 82.861267 -3.179656
v -1.900120 82.432739 -3.255838
v -1.900120 82.108963 -3.246316
v -1.900120 81.861374 -2.979678
v -1.900120 81.594734 -2.674949
v -1.900120 81.451889 -2.236902
v -1.900120 81.499504 -1.865513
v -1.963916 81.853035 -1.573667
v -2.006901 82.655884 -1.094321
v -2.006901 83.186783 -1.354546
v -2.006901 83.479317 -1.793953
v -1.965343 82.167778 -1.203882
v -2.006901 83.466858 -2.369421
v -2.006901 83.192970 -2.725680
v -2.006901 82.767708 -2.996747
v -2.006901 82.443359 -3.058706
v -2.006901 82.198296 -3.050961
v -2.006901 82.010895 -2.834107
v -2.006901 81.809074 -2.586274
v -2.006901 81.700958 -2.230015
v -2.006901 81.737000 -1.927969
v -2.024313 81.973549 -1.723407
v -2.067298 82.621193 -1.358657
v -2.067298 83.049454 -1.556670
v -2.067298 83.285431 -1.891030
v -2.025741 82.227448 -1.442025
v -2.067298 83.275383 -2.328922
v -2.067298 83.054443 -2.600012
v -2.067298 82.711395 -2.806276
v -2.067298 82.449753 -2.853421
v -2.067298 82.252068 -2.847528
v -2.067298 82.100891 -2.682517
v -2.067298 81.938087 -2.493933
v -2.067298 81.850876 -2.222844
v -2.067298 81.879951 -1.993007
v -2.101774 82.126732 -1.875611
v -2.144759 82.577095 -1.627343
v -2.144759 82.874901 -1.762121
v -2.144759 83.039001 -1.989704
v -2.103201 82.303291 -1.684088
v -2.144759 83.032013 -2.287757
v -2.144759 82.878372 -2.472275
v -2.144759 82.639824 -2.612669
v -2.144759 82.457878 -2.644759
v -2.144759 82.320412 -2.640748
v -2.144759 82.215286 -2.528433
v -2.144759 82.102074 -2.400072
v -2.144759 82.041428 -2.215554
v -2.144759 82.061646 -2.059115
v -2.149781 82.198990 -1.953874
v -2.192765 82.556297 -1.765500
v -2.192765 82.792564 -1.867763
v -2.192765 82.922760 -2.040442
v -2.170555 82.339066 -1.808555
v -2.192765 82.917213 -2.266590
v -2.192765 82.795319 -2.406593
v -2.192765 82.606064 -2.513118
v -2.192765 82.461708 -2.537466
v -2.192765 82.352646 -2.534422
v -2.192765 82.269249 -2.449203
v -2.192765 82.179428 -2.351809
v -2.192765 82.131310 -2.211806
v -2.192765 82.147354 -2.093108
v -2.231000 82.342880 -2.081786
v -2.247548 82.514877 -1.991302
v -2.247548 82.628609 -2.040423
v -2.247548 82.691284 -2.123368
v -2.225338 82.410309 -2.011983
v -2.247548 82.688614 -2.231995
v -2.247548 82.629936 -2.299244
v -2.247548 82.538834 -2.350412
v -2.247548 82.469345 -2.362107
v -2.247548 82.416847 -2.360645
v -2.247548 82.376701 -2.319711
v -2.247548 82.333466 -2.272929
v -2.247548 82.310303 -2.205680
v -2.247548 82.318024 -2.148665
v -2.276519 82.492111 -2.176705
v -0.675406 88.895424 5.956259
v -0.675406 86.841774 6.133765
v -0.675406 85.234108 6.477345
v -0.675406 85.069550 5.709428
v -0.675406 90.911209 6.299079
v -0.675406 85.795403 5.596626
v -0.446034 92.570457 9.206194
v -0.572751 92.062157 7.734238
v -0.322558 92.752441 10.707019
v -0.544501 82.697243 8.630257
v -0.675406 84.008789 7.353471
v -0.675406 85.508362 7.807488
v -0.675406 86.429863 11.773232
v -0.544501 81.792191 10.539080
v -0.252780 81.825096 12.118795
v -0.252780 82.203568 13.352948
v -0.252780 82.795959 14.439003
v -0.675406 86.745255 12.664564
v -0.608942 87.768631 14.505043
v -0.310830 87.766075 13.955770
v -0.310830 89.950493 16.133905
v -0.310830 87.850563 18.798775
v -0.310830 85.230591 16.596304
v -0.310830 89.528091 17.880068
v -0.310830 89.208282 14.691957
v -0.310830 86.396294 18.245117
v -0.310830 85.556328 15.295507
v -0.310830 86.141045 14.742455
v -0.310830 85.765709 17.591066
v -0.310830 87.123428 18.607124
v -0.310830 88.785873 18.570620
v -0.310830 89.956528 17.019154
v -0.310830 89.772476 15.352089
v -0.310830 88.535454 14.153506
v -0.310830 86.893921 14.214999
v -0.627914 86.778328 13.938468
v -0.608942 89.515282 16.186701
v -0.608942 87.836182 18.244146
v -0.608942 85.840759 16.543701
v -0.608942 89.177536 17.534847
v -0.608942 88.921814 15.073425
v -0.608942 86.673355 17.816689
v -0.608942 86.001717 15.539404
v -0.608942 86.469254 15.112412
v -0.608942 86.169136 17.311720
v -0.608942 87.254768 18.096180
v -0.608942 88.584061 18.067997
v -0.608942 89.520111 16.870167
v -0.608942 89.372940 15.583089
v -0.608942 88.383820 14.657707
v -0.608942 87.071259 14.705184
v -0.832179 87.770805 14.888468
v -0.832179 89.145004 16.223555
v -0.832179 87.823952 17.856983
v -0.832179 86.229317 16.506981
v -0.832179 88.879280 17.293863
v -0.832179 88.678085 15.339712
v -0.832179 86.909081 17.517620
v -0.832179 86.380653 15.709658
v -0.832179 86.748497 15.370665
v -0.832179 86.512375 17.116720
v -0.832179 87.366516 17.739511
v -0.832179 88.412354 17.717136
v -0.832179 89.148804 16.766165
v -0.832179 89.033020 15.744340
v -0.832179 88.254814 15.009669
v -0.832179 87.222137 15.047361
v -0.976336 87.772232 15.181560
v -0.976336 88.902107 16.251726
v -0.976336 87.815926 17.561033
v -0.976336 86.502846 16.478912
v -0.976336 88.683624 17.109653
v -0.976336 88.518204 15.543263
v -0.976336 87.063713 17.289009
v -0.976336 86.629234 15.839801
v -0.976336 86.931679 15.568074
v -0.976336 86.737534 16.967661
v -0.976336 87.439819 17.466871
v -0.976336 88.299713 17.448936
v -0.976336 88.905235 16.686666
v -0.976336 88.810036 15.867601
v -0.976336 88.170189 15.278711
v -0.976336 87.321106 15.308924
v -1.068723 87.773529 15.362465
v -1.068723 88.680656 16.269114
v -1.068723 87.808609 17.378365
v -1.068723 86.778000 16.461588
v -1.068723 88.505249 16.995955
v -1.068723 88.372437 15.668901
v -1.068723 87.204697 17.147905
v -1.068723 86.855873 15.920130
v -1.068723 87.098686 15.689921
v -1.068723 86.942818 16.875658
v -1.068723 87.506653 17.298590
v -1.068723 88.197021 17.283396
v -1.068723 88.683167 16.637598
v -1.068723 88.606735 15.943683
v -1.068723 88.093033 15.444773
v -1.068723 87.411346 15.470368
v -1.219416 87.777130 15.943734
v -1.219416 88.067200 16.324984
v -1.219416 87.788345 16.791428
v -1.219416 87.440430 16.405920
v -1.219416 88.011108 16.630623
v -1.219416 87.968643 16.072592
v -1.219416 87.595230 16.694519
v -1.219416 87.483681 16.178234
v -1.219416 87.561333 16.081430
v -1.219416 87.511482 16.580038
v -1.219416 87.691788 16.757881
v -1.219416 87.912544 16.751492
v -1.219416 88.068008 16.479933
v -1.219416 88.043564 16.188139
v -1.219416 87.879295 15.978346
v -1.219416 87.661308 15.989108
v -1.219416 87.761467 16.373106
vn 0.6883 -0.0000 -0.7254
vn 0.9513 -0.0000 -0.3084
vn 0.9513 -0.0000 0.3084
vn 0.6883 -0.0000 0.7254
vn 0.6833 0.1958 0.7034
vn 0.9278 0.2603 0.2673
vn 0.9245 0.2511 -0.2869
vn 0.6881 0.1950 -0.6989
vn 0.0957 0.0821 -0.9920
vn 0.0730 0.3502 -0.9338
vn 0.1837 0.1246 0.9750
vn 0.2631 0.2038 0.9430
vn 0.2034 -0.0000 -0.9791
vn 0.3794 0.4456 -0.8109
vn 0.5085 0.2575 -0.8217
vn 0.5677 -0.5294 -0.6304
vn 0.3753 -0.0040 -0.9269
vn 0.6156 -0.0000 0.7881
vn 0.2287 0.7788 0.5841
vn 0.5164 -0.5239 0.6774
vn 0.4650 -0.2363 0.8532
vn 0.5227 0.4614 0.7168
vn 0.2987 -0.0000 0.9544
vn 0.2851 0.0107 0.9584
vn 0.1795 -0.1112 -0.9775
vn 0.6953 0.1264 -0.7075
vn 0.9388 0.1795 -0.2938
vn 0.9399 0.1736 0.2941
vn 0.5850 0.1466 0.7977
vn 0.5021 0.7285 0.4660
vn 0.4137 0.4178 -0.8089
vn 0.7285 0.0382 0.6840
vn 0.7039 0.0692 -0.7069
vn 0.6865 0.0956 -0.7208
vn 0.9379 0.1847 0.2935
vn 0.9150 0.2504 0.3163
vn 0.6735 0.0960 0.7330
vn 0.3861 0.6219 -0.6813
vn 0.7631 0.6072 0.2214
vn 0.6893 0.7176 0.0994
vn 0.7344 0.6272 -0.2592
vn 0.7586 0.6423 0.1097
vn 0.9881 0.1262 -0.0877
vn 0.9563 0.0595 0.2863
vn 0.9665 0.1422 0.2138
vn 0.9887 0.1215 -0.0872
vn 0.5112 0.3959 0.7628
vn 0.5851 0.5257 0.6175
vn 0.9616 -0.1500 0.2297
vn 0.8748 0.4365 0.2102
vn 0.3037 0.9199 -0.2480
vn 0.9233 0.1491 0.3540
vn 0.8856 0.4638 0.0232
vn 0.8676 0.4890 -0.0909
vn 0.8327 0.5309 -0.1573
vn 0.7450 -0.4372 0.5038
vn 0.6221 -0.6330 0.4607
vn 0.5344 -0.0857 0.8409
vn 0.7410 0.4010 0.5386
vn 0.7131 0.4971 0.4944
vn 0.9315 -0.2506 0.2635
vn 0.9335 -0.3526 -0.0649
vn 0.9153 -0.3604 0.1799
vn 0.8871 -0.2560 0.3840
vn 0.8994 0.1979 0.3898
vn 0.8709 0.3083 0.3827
vn 0.8770 0.3773 0.2976
vn 0.9126 -0.1002 0.3963
vn 0.8222 -0.5679 -0.0387
vn 0.8314 -0.5212 -0.1928
vn 0.6269 -0.7788 -0.0216
vn 0.6031 -0.7921 -0.0942
vn 0.9546 -0.1966 0.2236
vn 0.9265 0.0338 0.3747
vn 0.9062 0.3552 0.2294
vn 0.9717 -0.0446 0.2321
vn 0.4911 -0.8517 0.1828
vn 0.7923 0.2308 0.5648
vn 0.7006 0.4894 0.5193
vn 0.7215 -0.6915 -0.0339
vn 0.6765 0.4388 0.5914
vn 0.9170 -0.0529 0.3954
vn 0.7353 -0.6602 -0.1534
vn 0.4702 -0.8814 -0.0456
vn 0.9603 -0.0213 0.2782
vn 0.5771 -0.8094 0.1088
vn 0.5900 -0.7744 0.2284
vn 0.6708 -0.7416 -0.0005
vn 0.5630 -0.7782 -0.2783
vn 0.4626 -0.7266 -0.5079
vn 0.3577 -0.9325 -0.0497
vn 0.7136 -0.3015 0.6323
vn 0.9643 -0.1115 0.2401
vn 0.7097 -0.3742 0.5969
vn 0.9668 -0.1441 0.2111
vn 0.8712 -0.2995 0.3889
vn 0.9281 -0.3538 0.1157
vn 0.6429 0.0073 -0.7659
vn 0.7685 -0.5706 -0.2895
vn 0.7747 -0.4301 -0.4635
vn 0.8603 -0.4910 -0.1372
vn 0.5074 0.4481 -0.7360
vn 0.5884 0.3491 -0.7293
vn 0.8857 -0.4073 -0.2227
vn 0.9203 -0.2059 0.3328
vn 0.9157 -0.3187 0.2449
vn 0.9390 -0.3065 0.1562
vn 0.9001 0.1691 -0.4016
vn 0.9248 0.0151 0.3801
vn 0.9236 -0.2318 -0.3052
vn 0.9193 0.0047 -0.3936
vn 0.9218 0.0857 0.3781
vn 0.8447 -0.1145 -0.5229
vn 0.8909 0.1912 -0.4120
vn 0.8696 0.3191 -0.3768
vn 0.8686 -0.4892 -0.0784
vn 0.8893 -0.4312 0.1522
vn 0.9110 -0.2351 -0.3389
vn 0.9320 -0.3395 0.1269
vn 0.4406 0.5129 -0.7367
vn 0.4992 0.4378 -0.7477
vn 0.7084 0.0611 -0.7032
vn 0.6693 0.0703 -0.7397
vn 0.9192 0.0047 -0.3938
vn 0.6400 0.0073 -0.7683
vn 0.7283 0.3945 -0.5604
vn 0.7833 -0.5279 -0.3281
vn 0.7816 0.3033 0.5452
vn 0.6907 0.2512 -0.6781
vn 0.7986 -0.2877 0.5286
vn 0.7227 0.0073 -0.6911
vn 0.7749 0.0123 0.6320
vn 0.6867 0.2748 -0.6730
vn 0.7734 0.1239 0.6217
vn 0.8630 0.4228 0.2767
vn 0.6927 0.4310 -0.5783
vn 0.7948 -0.5952 -0.1182
vn 0.7507 0.3458 0.5629
vn 0.8078 -0.5473 0.2189
vn 0.7228 0.0073 -0.6911
vn 0.8174 0.4864 -0.3087
vn 0.7551 -0.3415 -0.5596
vn 0.8642 0.1611 -0.4766
vn 0.9287 -0.1706 0.3293
vn 0.8828 0.0194 -0.4693
vn 0.9151 0.0347 0.4016
vn 0.8560 0.1926 -0.4797
vn 0.9032 0.0729 0.4231
vn 0.9719 0.1802 0.1512
vn 0.8446 0.2993 -0.4438
vn 0.8861 -0.4244 -0.1862
vn 0.8798 0.1160 0.4610
vn 0.8944 -0.0328 -0.4461
vn 0.9232 -0.3646 0.1218
vn 0.8497 0.3849 -0.3603
vn 0.8973 -0.2264 -0.3791
vn 0.8079 0.3516 -0.4729
vn 0.8932 -0.3653 -0.2621
vn 0.9227 0.2894 0.2546
vn 0.9884 0.1503 0.0196
vn 0.8759 0.2430 -0.4168
vn 0.9149 -0.3119 -0.2562
vn 0.9578 0.0504 0.2828
vn 0.8871 -0.0756 -0.4553
vn 0.9427 -0.3276 0.0628
vn 0.9369 0.2148 -0.2758
vn 0.9105 -0.2151 -0.3531
vn 0.8789 0.2209 -0.4229
vn 0.9284 -0.2719 -0.2531
vn 0.9850 0.1723 0.0097
vn 0.8612 0.1503 -0.4855
vn 0.9252 -0.1707 0.3390
vn 0.8711 0.0396 -0.4895
vn 0.8976 0.0339 0.4396
vn 0.8657 0.1911 -0.4626
vn 0.9016 0.0543 0.4292
vn 0.8632 -0.4024 -0.3048
vn 0.9531 0.2849 0.1024
vn 0.7343 0.2206 -0.6420
vn 0.9838 -0.0843 0.1584
vn 0.7513 0.0590 -0.6573
vn 0.9601 0.0508 0.2749
vn 0.7423 0.2793 -0.6090
vn 0.9576 0.0269 0.2867
vn 0.9461 0.3147 0.0763
vn 0.7713 0.3631 -0.5228
vn 0.9103 -0.3429 -0.2318
vn 0.9621 0.2025 0.1824
vn 0.7780 -0.1138 -0.6179
vn 0.9790 -0.2033 -0.0134
vn 0.9091 0.3845 -0.1603
vn 0.8157 -0.3241 -0.4793
vn 0.8257 0.3917 -0.4060
vn 1.0000 -0.0000 -0.0000
vn 0.9667 -0.1524 0.2056
vn 0.9650 -0.0060 -0.2621
vn 0.9556 0.0068 0.2944
vn 0.7609 0.2983 -0.5762
vn 0.8846 -0.3200 -0.3392
vn 0.9683 -0.1636 -0.1890
vn 0.8077 -0.4852 0.3349
vn 0.9449 0.3170 -0.0814
vn 0.9214 0.3558 -0.1564
vn 0.9952 -0.0603 -0.0772
vn 0.7749 -0.6314 -0.0298
vn 0.4006 -0.8630 0.3079
vn -0.0000 0.1485 0.9889
vn -0.0988 -0.0096 0.9951
vn -0.3551 0.0318 0.9343
vn -0.5621 0.4897 0.6666
vn 0.1314 0.8531 0.5049
vn 0.9665 -0.0798 0.2440
vn 0.6748 -0.5294 0.5142
vn 0.9480 0.1813 0.2616
vn 0.8932 0.3234 0.3125
vn 0.8893 0.1541 0.4306
vn 0.6066 0.1212 0.7857
vn 0.5694 0.3167 0.7586
vn 0.8996 0.0107 0.4365
vn 0.5332 -0.3851 0.7533
vn 0.3262 -0.7241 0.6076
vn 0.7538 -0.3100 0.5794
vn 0.9103 -0.4011 -0.1021
vn 0.7962 0.5990 0.0857
vn 0.7766 0.6202 0.1106
vn 0.9531 -0.2930 -0.0762
vn 0.9469 0.2814 0.1557
vn 0.9413 -0.2839 -0.1825
vn 0.6295 0.6831 0.3702
vn 0.9607 -0.2549 -0.1099
vn 0.8298 -0.4681 -0.3038
vn 0.8850 -0.3723 -0.2797
vn 0.5658 -0.6020 0.5635
vn 0.9011 -0.3890 -0.1915
vn 0.9736 -0.2282 0.0001
vn 0.9493 -0.3101 0.0519
vn 0.9245 -0.3618 0.1203
vn 0.8092 -0.5456 0.2181
vn 0.8848 -0.4393 0.1556
vn 0.9289 -0.3519 0.1150
vn 0.9234 -0.3716 0.0960
vn 0.8656 0.2592 -0.4285
vn 0.7935 -0.1043 -0.5996
vn 0.9726 -0.0000 -0.2325
vn 0.6677 0.5838 -0.4618
vn 0.9482 -0.2324 -0.2165
vn 0.5913 -0.2698 -0.7600
vn 0.4978 -0.6006 -0.6257
vn 0.6461 -0.5311 -0.5481
vn 0.6952 -0.7141 -0.0826
vn 0.9376 -0.3463 -0.0304
vn 0.9848 -0.1734 0.0104
vn -0.2733 -0.2341 -0.9330
vn 0.8123 0.4925 0.3125
vn 0.6561 0.6538 0.3770
vn 0.9820 0.1598 0.1010
vn 0.8537 0.2379 0.4633
vn 0.9456 -0.1765 0.2732
vn 0.7808 -0.0391 0.6236
vn 0.9742 0.0037 -0.2258
vn 0.9802 0.0275 -0.1959
vn 0.9773 0.0669 -0.2011
vn 0.9489 0.0471 -0.3121
vn 0.9421 -0.2983 0.1531
vn 0.9542 -0.1441 0.2623
vn 0.9531 -0.0992 0.2860
vn 0.9456 -0.0460 0.3220
vn 0.9386 -0.0142 0.3446
vn 0.9751 -0.1945 0.1066
vn 0.9970 -0.0413 0.0660
vn 0.9979 -0.0152 0.0630
vn 0.9974 -0.0057 0.0719
vn 0.9970 0.0030 0.0779
vn 0.9964 -0.0827 -0.0194
vn 0.8870 0.1233 0.4449
vn 0.7733 0.3495 0.5290
vn 0.9886 -0.0635 0.1363
vn 0.8054 -0.0616 0.5895
vn 0.8219 -0.1106 0.5588
vn 0.8320 -0.2166 0.5108
vn 0.8257 -0.2705 0.4951
vn 0.7749 -0.5186 0.3614
vn 0.8721 -0.1083 0.4772
vn -0.3042 -0.4888 -0.8176
vn 0.9813 -0.1649 0.0990
vn 0.9993 0.0386 -0.0005
vn 0.9993 0.0375 -0.0034
vn 0.9993 0.0365 -0.0022
vn 0.9912 0.0774 0.1078
vn 0.9442 0.2228 -0.2424
vn 0.9949 0.0390 0.0935
vn 0.9933 0.0823 0.0808
vn 0.5179 0.5141 -0.6838
vn 0.6082 0.4395 -0.6611
vn 0.7129 0.2496 -0.6553
vn 0.7884 0.0690 -0.6113
vn 0.8138 -0.0019 -0.5812
vn 0.9966 0.0024 0.0818
vn 0.9282 0.0301 0.3708
vn 0.9754 -0.0535 -0.2140
vn 0.9685 -0.0303 -0.2473
vn 0.8674 -0.0509 -0.4950
vn 0.9569 0.0063 -0.2902
vn 0.9864 -0.0061 -0.1645
vn 0.9915 -0.0093 -0.1295
vn 0.9928 -0.0929 -0.0760
vn 0.9998 -0.0160 -0.0105
vn 1.0000 0.0041 0.0028
vn 1.0000 0.0068 0.0020
vn 0.4599 -0.7766 0.4306
vn 0.5100 -0.4832 0.7116
vn 0.5713 -0.2994 0.7642
vn 0.8742 0.2429 0.4205
vn 0.8623 0.2545 0.4377
vn 0.7716 0.1952 0.6054
vn 0.7129 0.0970 0.6945
vn 0.7084 0.0010 0.7058
vn 0.6243 -0.1280 0.7706
vn 0.6566 0.7445 0.1212
vn 0.7141 0.6088 0.3456
vn 0.8171 0.4093 0.4060
vn 0.9397 0.3062 0.1523
vn 0.5558 0.6735 -0.4874
vn 0.5613 0.8110 0.1653
vn 0.8467 0.4700 0.2494
vn 0.5096 0.8516 -0.1231
vn 0.8779 0.4784 -0.0198
vn 0.5913 -0.2867 0.7537
vn 0.7994 -0.2941 0.5239
vn 0.8568 -0.2514 0.4501
vn 0.9020 -0.0445 0.4294
vn 0.9559 -0.1751 0.2357
vn 0.9880 -0.0476 -0.1470
vn 0.9999 -0.0131 0.0014
vn 0.9990 -0.0444 0.0022
vn 1.0000 0.0019 0.0039
vn 1.0000 0.0020 0.0048
vn 0.6874 0.3326 -0.6456
vn 0.9774 0.0163 -0.2109
vn 0.9977 -0.0465 -0.0484
vn 0.5246 0.7784 -0.3449
vn 0.5604 0.7731 -0.2971
vn 0.5486 0.8289 -0.1092
vn 0.9813 -0.0542 -0.1847
vn 0.8873 0.0608 -0.4571
vn 0.9830 -0.1741 -0.0575
vn 0.9341 -0.3346 -0.1243
vn 0.8838 -0.3871 0.2627
vn 0.9898 0.1035 -0.0982
vn 0.8648 -0.3718 -0.3376
vn 0.6815 0.3509 -0.6422
vn 0.7021 0.5051 -0.5019
vn 0.9872 -0.1049 -0.1200
vn 0.9818 0.1123 -0.1529
vn 0.4805 0.5731 -0.6639
vn 0.6246 0.6267 -0.4659
vn 0.7089 0.5798 -0.4015
vn 0.6733 -0.7300 0.1173
vn 0.8686 -0.4850 0.1017
vn 0.8121 -0.1088 -0.5732
vn 0.9291 0.2159 -0.3002
vn 0.8938 0.2963 -0.3366
vn 0.9501 0.2758 -0.1460
vn 0.9330 -0.3029 -0.1944
vn 0.9489 -0.3054 0.0797
vn 0.9813 -0.1506 -0.1201
vn 0.8240 -0.2332 -0.5164
vn 0.9699 -0.2364 0.0578
vn 0.9853 -0.1664 -0.0392
vn 0.8295 0.2754 -0.4859
vn 0.9407 -0.0553 -0.3346
vn 0.9500 0.2587 -0.1751
vn 0.8811 0.3214 -0.3468
vn 0.8418 0.3628 -0.3998
vn 0.7830 -0.5707 0.2474
vn 0.8917 -0.4063 0.1998
vn 0.9531 -0.2854 0.1010
vn 0.9698 -0.2257 0.0920
vn 0.9742 -0.2031 0.0979
vn 0.6237 0.2763 -0.7312
vn 0.6826 -0.1197 0.7209
vn 0.7622 0.0726 -0.6433
vn 0.8189 -0.2241 0.5284
vn 0.9976 -0.0162 0.0674
vn 0.9466 -0.1056 0.3045
vn 0.9773 0.0295 -0.2100
vn 0.9850 -0.0410 0.1676
vn 0.7328 0.2995 -0.6110
vn 0.7997 0.1880 -0.5702
vn 0.9951 0.0061 0.0983
vn 0.9601 0.0283 -0.2782
vn 0.9925 -0.0048 0.1223
vn 0.9892 -0.0362 0.1418
vn 0.8694 0.1735 -0.4626
vn 0.9555 -0.1496 0.2544
vn 0.9704 0.0912 0.2237
vn 0.9755 0.0027 -0.2200
vn 0.9012 -0.2529 0.3519
vn 0.9147 -0.3949 -0.0864
vn 0.9462 0.3234 -0.0137
vn 0.8225 -0.4941 0.2818
vn 0.9639 -0.1629 -0.2105
vn 0.9987 -0.0169 0.0486
vn 0.9760 -0.0631 -0.2084
vn 0.9837 -0.0444 -0.1741
vn 0.9296 -0.0341 -0.3670
vn 0.9059 -0.0131 -0.4232
vn 0.9576 -0.1618 -0.2385
vn 0.8386 -0.5038 0.2072
vn 0.9407 0.3298 0.0801
vn 0.9166 -0.3957 0.0574
vn 0.6804 0.3590 -0.6389
vn 0.8599 0.1285 -0.4940
vn 0.9359 0.0584 -0.3473
vn 0.9053 0.1500 -0.3973
vn 0.8652 0.1085 -0.4896
vn 0.9833 0.1806 0.0241
vn 0.9764 0.0087 -0.2160
vn 0.9787 0.0568 -0.1971
vn 0.9519 -0.2953 -0.0816
vn 0.2104 0.8463 0.4894
vn -0.5002 0.5774 0.6453
vn -0.3534 0.0957 0.9306
vn -0.1032 0.0437 0.9937
vn 0.9886 -0.0109 -0.1500
vn 0.9310 -0.0548 -0.3610
vn 0.9947 -0.0662 -0.0788
vn 0.9432 -0.1449 -0.2990
vn 0.8612 -0.3318 -0.3849
vn 0.8411 -0.2581 -0.4753
vn 0.9343 0.0205 -0.3560
vn 0.7045 -0.2563 0.6618
vn 0.8317 0.0366 0.5540
vn 0.8594 -0.0337 0.5103
vn 0.5596 -0.7264 -0.3988
vn 0.5008 -0.3631 -0.7857
vn 0.4222 -0.2579 0.8690
vn 0.5948 -0.0668 -0.8011
vn 0.5130 -0.0381 0.8575
vn 0.9948 -0.0896 -0.0492
vn 0.8427 -0.4919 0.2186
vn 0.9791 -0.0342 -0.2004
vn 0.8741 -0.2950 -0.3859
vn 0.8106 -0.5699 0.1347
vn 0.9861 -0.0721 -0.1498
vn 0.9858 -0.0869 -0.1433
vn 0.7647 0.2676 0.5862
vn 0.7140 0.3894 0.5819
vn 0.7235 0.4955 0.4807
vn 0.7384 0.4015 0.5418
vn 0.9829 -0.1312 -0.1294
vn 0.9824 -0.1119 -0.1497
vn 0.7509 0.6342 0.1841
vn 0.6797 0.6412 0.3560
vn 0.6679 0.5974 0.4439
vn 0.9872 -0.1520 -0.0472
vn 0.9869 -0.1352 -0.0881
vn 0.9865 -0.1337 -0.0942
vn 0.9379 -0.2900 -0.1906
vn 0.9052 -0.3463 -0.2462
vn 0.9051 -0.3381 -0.2578
vn 0.9472 -0.3057 -0.0972
vn 0.9281 0.1569 0.3376
vn 0.7367 0.4571 -0.4984
vn 0.8297 0.0308 -0.5574
vn 0.8465 0.5249 0.0891
vn 0.9338 0.2866 0.2142
vn 0.9510 0.1502 0.2701
vn 0.9500 0.1149 0.2904
vn 0.9672 0.1439 0.2093
vn 0.9730 0.1563 0.1701
vn 0.8629 -0.2098 -0.4597
vn 0.8260 -0.2602 -0.5000
vn 0.8335 -0.2799 -0.4765
vn 0.8806 -0.1339 -0.4545
vn 0.8793 -0.0489 -0.4738
vn 0.9516 -0.0806 -0.2965
vn 0.6944 -0.4032 0.5961
vn 0.7756 -0.0402 -0.6300
vn 0.6885 -0.7243 -0.0383
vn 0.8957 -0.3667 -0.2514
vn 0.8639 -0.3229 -0.3865
vn 0.8787 -0.2371 -0.4144
vn 0.9052 -0.3990 -0.1462
vn 0.8366 -0.5479 -0.0002
vn 0.5618 -0.7862 0.2574
vn 0.4738 -0.6575 0.5858
vn 0.8465 -0.1056 0.5219
vn 0.9608 -0.2617 -0.0914
vn 0.8583 0.5126 -0.0233
vn 0.9925 -0.0721 0.0989
vn 0.7407 -0.6664 -0.0854
vn 0.7542 -0.6522 -0.0757
vn 0.9789 -0.1910 0.0723
vn 0.9445 -0.3155 -0.0915
vn 0.9839 0.0734 0.1632
vn 0.9973 0.0414 0.0612
vn 0.8820 -0.2910 0.3706
vn 0.9371 -0.1284 0.3245
vn 0.9564 -0.2640 0.1251
vn 0.9472 -0.3181 0.0407
vn 0.9603 -0.2653 0.0864
vn 0.8593 0.1591 0.4862
vn 0.8419 0.1454 0.5197
vn 0.8393 0.0845 0.5371
vn 0.8750 0.0046 0.4841
vn 0.8849 -0.0352 0.4644
vn 0.8962 -0.0384 0.4419
vn 0.8560 0.2935 0.4257
vn 0.9826 0.0785 0.1684
vn 0.9088 -0.0055 -0.4173
vn 0.9952 -0.0092 0.0975
vn 0.9965 -0.0112 0.0823
vn 0.9762 0.0286 -0.2151
vn 0.9654 -0.1093 -0.2365
vn 0.9824 0.1160 -0.1465
vn 0.9361 0.3267 0.1301
vn 0.9933 0.0704 -0.0917
vn 0.9614 0.1094 0.2524
vn 0.8797 0.2560 0.4007
vn 0.6789 0.5951 0.4302
vn 0.7712 0.4488 0.4514
vn 0.8016 0.3564 0.4800
vn 0.9490 0.1805 0.2587
vn 0.9338 0.2391 0.2661
vn 0.9303 0.2765 0.2411
vn 0.9065 0.2154 -0.3632
vn 0.8999 0.1087 -0.4224
vn 0.9776 0.0128 -0.2101
vn 0.9086 -0.0134 -0.4174
vn 0.8463 -0.3814 -0.3720
vn 0.7959 -0.3429 -0.4989
vn 0.9681 -0.1639 -0.1894
vn 0.9891 -0.0696 -0.1297
vn 0.7687 -0.3712 -0.5208
vn 0.9949 -0.0565 -0.0834
vn 0.8845 -0.1671 -0.4357
vn 0.8069 -0.2710 -0.5248
vn 0.9529 0.1527 0.2620
vn 0.9919 -0.0723 -0.1047
vn 0.9917 0.0496 0.1188
vn 0.9966 0.0809 0.0167
vn 0.9811 0.0581 -0.1843
vn 0.9751 0.0406 -0.2182
vn 0.9825 0.0054 -0.1861
vn 0.9678 0.0839 0.2374
vn 0.9883 -0.0733 -0.1339
vn 0.2947 0.8162 0.4969
vn 0.9447 0.0090 -0.3277
vn 0.9448 0.0052 0.3277
vn 0.6626 0.0522 -0.7472
vn 0.9447 0.0110 0.3277
vn 0.1755 0.1152 -0.9777
vn 0.2368 0.3389 -0.9105
vn 0.9485 -0.0683 0.3094
vn 0.6677 0.2296 -0.7081
vn 0.9481 -0.0738 0.3092
vn 0.9471 0.0871 -0.3089
vn 0.2869 0.5034 0.8150
vn 0.2017 0.0842 0.9758
vn 0.3812 0.0625 0.9224
vn 0.4680 -0.0597 0.8817
vn 0.9639 0.1985 0.1776
vn 0.9275 0.1116 0.3568
vn 0.8928 0.0940 0.4405
vn 0.7687 0.3275 0.5493
vn 0.9115 -0.1731 0.3731
vn 0.7161 0.0857 0.6927
vn 0.5684 0.2641 0.7792
vn 0.6851 0.1846 0.7047
vn 0.2040 -0.0008 0.9790
vn 0.6524 0.0132 -0.7577
vn 0.1900 0.0081 -0.9817
vn 0.9573 0.0492 0.2849
vn 0.4544 0.0082 0.8908
vn 0.9575 0.0446 0.2849
vn 0.9823 0.0390 -0.1831
vn 0.2313 -0.0302 0.9724
vn 0.9820 -0.0043 0.1889
vn 1.0000 -0.0000 -0.0042
vn 0.7556 -0.0182 0.6548
vn 0.3124 -0.0078 -0.9499
vn 0.7270 -0.0019 -0.6866
vn 0.9820 -0.0035 0.1889
vn 0.9855 -0.0167 0.1688
vn 0.9998 -0.0176 -0.0037
vn 0.7913 -0.0285 0.6108
vn 0.4060 -0.0507 -0.9125
vn 0.7649 -0.0331 -0.6433
vn 0.9855 -0.0170 0.1688
vn 0.3000 -0.0445 0.9529
vn 0.3255 -0.9141 0.2419
vn 0.1474 -0.9385 -0.3124
vn 0.2888 -0.9303 -0.2264
vn 0.4846 -0.8713 0.0774
vn 0.1311 -0.9132 0.3859
vn 0.4757 -0.8756 0.0834
vn 0.5068 -0.8621 -0.0018
vn 0.8339 -0.0000 0.5519
vn 0.4051 -0.0000 -0.9143
vn 0.8110 -0.0000 -0.5851
vn 0.9894 -0.0000 0.1454
vn 0.3044 -0.0000 0.9526
vn 0.9894 -0.0000 0.1450
vn 1.0000 -0.0000 -0.0032
vn 0.4448 0.8341 0.3263
vn 0.1893 0.8881 -0.4188
vn 0.4161 0.8432 -0.3403
vn 0.7283 0.6745 0.1213
vn 0.1540 0.8601 0.4864
vn 0.7009 0.7047 0.1103
vn 0.7615 0.6482 -0.0028
vn 0.7271 -0.0000 -0.6865
vn 0.9820 -0.0000 0.1888
vn 0.3064 -0.0000 0.9519
vn 0.7559 -0.0000 0.6547
vn 0.4213 -0.0000 -0.9069
vn 0.2458 -0.6480 0.7208
vn 0.9806 -0.0866 0.1761
vn 1.0000 -0.0012 -0.0039
vn 0.7036 -0.4200 0.5731
vn 0.3199 -0.6959 -0.6429
vn 0.6616 -0.4712 -0.5833
vn 0.9832 -0.0457 0.1766
vn 0.9087 -0.3711 0.1911
vn 0.8891 -0.4576 -0.0041
vn 0.6211 -0.3278 0.7119
vn 0.4737 -0.4436 -0.7608
vn 0.6293 -0.4261 -0.6499
vn 0.8921 -0.4110 0.1876
vn 0.3572 -0.2922 0.8871
vn 0.5304 -0.0000 0.8478
vn 0.4874 0.3043 -0.8185
vn 0.5869 0.0970 -0.8038
vn 0.9713 -0.0000 0.2378
vn 0.4028 -0.0000 0.9153
vn 0.9713 -0.0000 0.2379
vn 1.0000 -0.0000 -0.0054
vn 0.4709 0.5142 0.7168
vn 0.4841 0.3238 -0.8129
vn 0.5218 0.4066 -0.7499
vn 0.9168 0.3307 0.2237
vn 0.3861 0.5023 0.7737
vn 0.8936 0.3628 0.2643
vn 0.9471 0.3140 -0.0664
vn 0.6408 -0.0818 -0.7634
vn 0.9817 0.0051 0.1902
vn 0.4967 -0.0000 0.8679
vn 0.9353 -0.0000 0.3539
vn 0.9758 -0.0233 -0.2172
vn 0.5718 -0.0000 0.8204
vn 0.5857 -0.0863 -0.8059
vn 0.9174 0.1944 0.3471
vn 0.9462 -0.1333 -0.2948
vn 0.5196 0.4175 0.7455
vn 0.5164 -0.2278 -0.8255
vn 0.6005 -0.2492 -0.7598
vn 0.9834 0.0887 0.1584
vn 0.3624 0.4814 0.7981
vn 0.8765 0.3061 0.3715
vn 0.8752 0.3740 0.3067
vn 0.8685 0.4266 0.2523
vn 0.8421 0.5193 0.1454
vn 0.8720 0.2496 0.4212
vn 0.8518 0.1804 0.4919
vn 0.7720 0.6354 0.0151
vn 0.7802 -0.2637 0.5672
vn 0.7456 0.5719 0.3421
vn 0.7552 0.6405 -0.1394
vn 0.7241 0.5738 -0.3826
vn 0.6922 0.4970 -0.5233
vn 0.6116 0.4089 -0.6772
vn 0.4806 0.2651 -0.8359
vn 0.1810 0.0907 -0.9793
vn 0.6878 -0.1345 0.7133
vn 0.6717 0.1004 0.7340
vn 0.8333 -0.4634 -0.3014
vn 0.7990 -0.5197 -0.3023
vn 0.7987 -0.5696 -0.1943
vn 0.8086 -0.5883 -0.0110
vn 0.7745 -0.6031 0.1911
vn 0.7374 -0.5609 0.3764
vn 0.7551 -0.4377 0.4881
vn 0.7381 -0.3223 0.5927
vn 0.8407 -0.3170 -0.4391
vn 0.8247 -0.2895 -0.4859
vn 0.8173 -0.0545 -0.5737
vn 0.7244 -0.2309 -0.6496
vn 0.8142 0.5407 -0.2114
vn 0.8571 -0.5038 0.1076
vn 0.8591 -0.4964 0.1250
vn 0.8161 0.5764 -0.0410
vn 0.8899 0.1329 0.4364
vn 0.9974 -0.0514 0.0509
vn 0.9965 -0.0323 0.0768
vn 0.9992 -0.0315 -0.0262
vn 0.9999 0.0096 -0.0029
vn 0.9999 0.0143 -0.0023
vn 0.8489 -0.5102 0.1378
vn 0.9986 0.0180 0.0502
vn 0.9938 0.0466 0.1006
vn 0.9953 0.0732 0.0642
vn 0.9956 -0.0131 0.0927
vn 0.9620 -0.2447 -0.1209
vn 0.9165 -0.3956 0.0598
vn 0.6552 0.7545 0.0377
vn 0.6667 0.7320 0.1404
vn 0.7358 0.5366 0.4131
vn 0.5695 -0.8204 -0.0513
vn 0.6780 0.6950 0.2395
vn 0.6629 -0.7452 -0.0725
vn 0.9706 -0.0616 0.2329
vn 0.9467 0.0093 0.3221
vn 0.9781 -0.0597 0.1996
vn 0.9811 -0.1161 0.1546
vn 0.9005 -0.4348 0.0052
vn 0.8872 -0.4361 0.1504
vn 0.9327 -0.3306 0.1439
vn 0.9714 -0.1855 0.1480
vn 0.9824 -0.0828 0.1672
vn 0.9637 -0.0103 0.2667
vn 0.9092 0.2082 0.3607
vn 0.5259 0.2880 -0.8003
vn 0.6153 0.4112 -0.6725
vn 0.7023 0.5038 -0.5030
vn 0.7299 0.5780 -0.3650
vn 0.7565 0.6413 -0.1281
vn 0.7318 0.5976 0.3276
vn 0.7906 -0.2308 0.5671
vn 0.7771 0.6284 0.0350
vn 0.8526 0.1939 0.4853
vn 0.6118 0.7855 -0.0929
vn 0.8726 -0.4853 0.0551
vn 0.5539 0.7444 -0.3730
vn 0.8036 -0.5737 0.1584
vn 0.7465 -0.6044 0.2781
vn 0.5767 0.7833 -0.2319
vn 0.9567 -0.2337 0.1733
vn 1.0000 0.0070 -0.0036
vn 0.6861 -0.5855 0.4318
vn 0.4546 0.6955 -0.5564
vn 0.4212 0.5857 -0.6925
vn 0.5026 0.4092 -0.7615
vn 0.7975 -0.3521 0.4899
vn 0.9174 -0.1732 0.3583
vn 0.5385 0.2925 -0.7902
vn 0.5278 0.2501 -0.8117
vn 0.9909 -0.0277 0.1314
vn 0.9655 -0.0489 0.2558
vn 0.5276 0.0040 -0.8495
vn 0.5250 0.1408 -0.8394
vn 0.5268 0.1005 -0.8440
vn 0.3991 0.7994 -0.4491
vn 0.5366 -0.3857 -0.7505
vn 0.9871 -0.0482 0.1530
vn 0.9932 0.0688 0.0939
vn 0.9719 0.1147 0.2054
vn 0.9236 0.0622 0.3784
vn 0.9988 0.0485 0.0057
vn 0.5164 0.4293 0.7409
vn 0.8901 0.2099 0.4046
vn 0.2642 0.4895 0.8310
vn 0.3370 0.1278 0.9328
vn 0.5455 -0.6113 0.5734
vn 0.5891 0.1564 0.7928
vn 0.9817 0.0816 0.1720
vn 0.9669 -0.2503 -0.0493
vn 0.5803 -0.2250 -0.7827
vn 0.8798 -0.1313 -0.4568
vn 0.8757 -0.1627 -0.4546
vn 0.5724 -0.2763 -0.7720
vn 0.8436 -0.3621 -0.3965
vn 0.9834 0.0722 0.1666
vn 0.9839 0.0639 0.1668
vn 0.9816 0.0153 0.1902
vn 0.9167 0.3311 0.2237
vn 0.8795 -0.4384 0.1850
vn 0.9841 -0.0162 0.1767
vn 0.7462 0.6540 0.1243
vn 0.4981 -0.8635 0.0795
vn 0.9855 -0.0173 0.1688
vn 0.9820 -0.0028 0.1889
vn 0.9571 0.0526 0.2848
vn 0.9478 -0.0777 0.3091
vn 0.9448 0.0010 0.3277
vn 0.9469 0.3126 0.0756
vn 0.9881 0.1524 0.0203
vn 0.9537 0.2456 0.1735
vn 0.8694 0.4115 0.2736
vn 0.9475 -0.2833 0.1484
vn 0.9391 0.1783 0.2939
vn 0.9267 0.2649 0.2665
vn 0.9618 0.0978 0.2559
vn 0.9685 0.1230 0.2166
vn 0.9161 -0.1546 0.3700
vn 0.8373 0.4202 0.3497
vn 0.7044 0.3308 0.6281
vn 0.5517 0.8340 -0.0128
vn 0.5897 -0.5205 0.6175
vn 0.8664 -0.4917 0.0875
vn 0.5733 -0.6094 0.5477
vn 0.5220 -0.2445 0.8172
vn 0.9311 0.2821 -0.2312
vn 0.8727 0.3139 -0.3739
vn 0.7248 0.0587 -0.6864
vn 0.5287 0.4578 -0.7147
vn 0.4621 -0.1597 -0.8724
vn 0.5476 0.1630 -0.8207
vn 0.6281 0.0451 -0.7769
vn 0.5268 -0.3392 -0.7794
vn 0.9058 -0.4049 0.1249
vn 0.6388 0.6926 -0.3351
vn 0.5699 0.5810 -0.5810
vn 0.9733 -0.2196 0.0666
vn 0.7898 0.6112 -0.0516
vn 0.5568 0.6852 -0.4696
vn 0.6107 0.7246 -0.3193
vn 0.7257 0.6697 -0.1578
vn 0.9050 -0.4230 0.0457
vn 0.9662 -0.2489 0.0674
vn 0.8427 -0.5235 -0.1260
vn 0.8962 -0.4434 -0.0150
vn 0.9022 -0.4278 0.0544
vn 0.9748 0.1181 0.1895
vn 0.9752 0.0847 0.2043
vn 0.8912 -0.1055 0.4412
vn 0.9031 0.1239 0.4112
vn 0.6338 0.1498 0.7589
vn 0.4262 0.1228 0.8963
vn 0.7299 -0.6067 -0.3151
vn 0.7376 -0.6740 -0.0395
vn 0.7323 -0.6770 -0.0741
vn 0.7778 -0.5912 -0.2133
vn 0.4610 -0.8695 0.1774
vn 0.7640 0.0293 -0.6446
vn 0.8536 0.3368 -0.3973
vn 0.8678 0.3788 -0.3215
vn 0.9430 0.2840 -0.1735
vn 0.8769 0.4789 0.0419
vn 0.8728 0.4867 0.0358
vn 0.9202 -0.3422 -0.1902
vn 0.9489 -0.3098 -0.0595
vn 0.9629 -0.2696 0.0099
vn 0.9701 -0.2135 0.1156
vn 0.9563 -0.2342 0.1751
vn 0.9327 -0.1595 0.3236
vn 0.8621 -0.3563 0.3605
vn 0.8030 0.0268 -0.5954
vn 0.9927 -0.1162 -0.0320
vn 0.9512 -0.2136 0.2226
vn 0.8512 -0.4469 0.2752
vn 0.8316 -0.4588 0.3131
vn 0.8024 -0.5754 -0.1582
vn 0.5131 -0.7135 -0.4771
vn 0.5623 -0.7729 -0.2941
vn 0.7422 -0.5948 -0.3089
vn 0.9315 -0.3053 -0.1976
vn 0.8765 0.0869 -0.4736
vn 0.8798 -0.0144 -0.4751
vn 0.8848 -0.3464 -0.3116
vn 0.9268 0.1600 0.3398
vn 0.8952 -0.3399 -0.2882
vn 0.9448 0.2692 0.1866
vn 0.9106 -0.3940 -0.1245
vn 0.9484 0.3170 -0.0071
vn 0.9087 -0.1506 0.3892
vn 0.9166 -0.3967 0.0493
vn 0.9270 0.2929 -0.2344
vn 0.9106 -0.3108 0.2723
vn 0.9137 -0.3437 0.2166
vn 0.8948 0.2332 -0.3808
vn 0.9510 0.1632 -0.2627
vn 0.9569 0.0531 -0.2854
vn 0.9715 0.1022 0.2139
vn 0.9593 -0.0087 -0.2822
vn 0.9647 0.2176 0.1486
vn 0.9432 -0.2485 -0.2203
vn 0.9643 -0.1401 0.2249
vn 0.9372 -0.2678 -0.2237
vn 0.9550 -0.2254 0.1927
vn 0.9258 -0.3609 -0.1124
vn 0.9539 0.3000 -0.0067
vn 0.9266 -0.3732 0.0457
vn 0.9486 0.2485 -0.1960
vn 0.9423 -0.2560 0.2159
vn 0.9587 0.1185 0.2586
vn 0.9375 -0.0103 -0.3477
vn 0.9583 0.2329 0.1658
vn 0.9257 -0.2778 -0.2567
vn 0.9451 -0.1755 0.2757
vn 0.9234 -0.2894 -0.2520
vn 0.9416 -0.2519 0.2236
vn 0.9218 -0.3687 -0.1196
vn 0.9532 0.3023 -0.0070
vn 0.9248 -0.3773 0.0481
vn 0.9411 0.2611 -0.2147
vn 0.9292 -0.2564 0.2661
vn 0.9334 0.1838 -0.3083
vn 0.9346 0.0625 -0.3501
vn 0.8930 -0.3256 -0.3108
vn 0.9020 -0.1954 0.3851
vn 0.8854 -0.3456 -0.3108
vn 0.8767 -0.3779 0.2975
vn 0.8768 -0.4559 -0.1528
vn 0.9230 0.3847 -0.0092
vn 0.8802 -0.4706 0.0620
vn 0.9072 0.3207 -0.2723
vn 0.8907 -0.2966 0.3445
vn 0.9027 0.2150 -0.3726
vn 0.9086 0.0712 -0.4115
vn 0.9401 0.1383 0.3117
vn 0.9128 -0.0117 -0.4083
vn 0.9348 0.2862 0.2104
vn 0.9525 -0.2881 -0.0991
vn 0.9726 0.2322 -0.0057
vn 0.9551 -0.2937 0.0397
vn 0.9628 0.2038 -0.1776
vn 0.9192 -0.1994 0.3395
vn 0.9542 0.1467 -0.2608
vn 0.9526 0.0505 -0.2998
vn 0.9713 0.0945 0.2184
vn 0.9546 -0.0083 -0.2979
vn 0.9738 0.1814 0.1368
vn 0.9504 -0.2222 -0.2176
vn 0.9564 -0.1779 0.2318
vn 0.9500 -0.2294 -0.2117
vn 0.9383 -0.2795 0.2037
vn 0.9868 -0.1607 0.0218
vn 0.9537 -0.1139 0.2783
vn 0.9628 -0.1511 0.2241
vn 0.9547 -0.2381 0.1784
vn 0.9872 0.0633 0.1465
vn 0.9887 0.1196 0.0904
vn 0.9894 0.1449 -0.0036
vn 0.9879 0.1169 -0.1020
vn 0.9865 0.0803 -0.1429
vn 0.9872 0.0265 -0.1575
vn 0.9881 -0.0043 -0.1539
vn 0.9876 -0.1119 -0.1097
vn 0.9875 -0.1156 -0.1068
vn 0.9875 -0.1492 -0.0514
vn 0.9021 0.0226 -0.4310
vn 0.9197 0.0960 -0.3808
vn 0.9506 -0.2934 -0.1015
vn 0.9037 -0.4250 -0.0519
vn 0.7991 0.2277 -0.5564
vn 0.8365 0.2405 -0.4924
vn 0.6013 0.7629 -0.2376
vn 0.6095 0.6419 -0.4653
vn 0.6214 0.7813 -0.0580
vn 0.7227 0.6450 0.2484
vn 0.8725 -0.3345 0.3563
vn 0.8449 -0.4729 0.2500
vn 0.8127 -0.5620 0.1537
vn 0.7606 -0.6463 -0.0614
vn 0.8474 -0.1002 0.5215
vn 0.8292 0.0592 0.5558
vn 0.8368 0.1268 0.5327
vn 0.8408 0.1131 0.5294
vn 0.9057 -0.3613 -0.2215
vn 0.8915 -0.3077 -0.3326
vn 0.8097 0.5748 -0.1185
vn 0.9532 -0.0876 0.2894
vn 0.8719 -0.3122 0.3772
vn 0.8092 0.5759 -0.1160
vn 0.7980 0.5877 -0.1337
vn 0.8002 -0.5836 0.1383
vn 0.8570 0.3181 0.4053
vn 0.8407 0.4858 0.2393
vn 0.8662 -0.4750 -0.1552
vn 0.8553 0.5032 0.1235
vn 0.8314 -0.5441 0.1124
vn 0.8337 0.5303 -0.1541
vn 0.8687 -0.4663 0.1670
vn 0.6997 0.6462 -0.3048
vn 0.7375 -0.5768 0.3513
vn 0.5508 0.7332 -0.3988
vn 0.5041 -0.5721 0.6469
vn 0.9170 -0.3974 -0.0353
vn 0.9109 -0.3726 -0.1770
vn 0.7847 -0.5844 0.2068
vn 0.8800 0.3232 -0.3480
vn 0.7960 0.5706 -0.2019
vn 0.8439 0.5132 0.1562
vn 0.7852 0.4888 0.3802
vn 0.8197 0.5722 -0.0255
vn 0.9041 -0.4076 0.1283
vn 0.6741 0.1743 0.7177
vn 0.6905 -0.5197 0.5032
vn 0.6858 -0.6473 0.3326
vn 0.6714 -0.1881 0.7168
vn 0.7103 -0.6858 -0.1586
vn 0.6715 0.5036 0.5436
vn 0.6759 0.6592 0.3295
vn 0.6793 0.7338 -0.0050
vn 0.6879 0.4523 -0.5676
vn 0.6864 0.5518 -0.4737
vn 0.6738 -0.3282 0.6620
vn 0.7087 0.1749 -0.6835
vn 0.7214 -0.4748 -0.5042
vn 0.6822 0.7128 -0.1630
vn 0.9524 -0.2448 0.1816
vn 0.9505 0.3061 -0.0542
vn 0.8271 0.5477 -0.1266
vn 0.8535 -0.3552 -0.3814
vn 0.8545 -0.4704 0.2204
vn 0.8546 -0.3710 0.3632
vn 0.8752 0.1130 0.4704
vn 0.8692 -0.1389 -0.4745
vn 0.8717 -0.1231 0.4743
vn 0.8708 -0.4414 0.2162
vn 0.8585 0.3464 0.3781
vn 0.8740 -0.4755 -0.1004
vn 0.8252 0.5649 -0.0039
vn 0.8406 0.4834 0.2443
vn 0.8391 0.4109 -0.3566
vn 0.8512 0.3249 -0.4123
vn 0.8712 0.1205 -0.4760
vn 0.8640 -0.2216 0.4520
vn 0.8578 -0.2919 -0.4231
vn 0.8566 0.5160 -0.0036
vn 0.8602 0.4536 0.2329
vn 0.8500 0.3951 -0.3483
vn 0.8489 0.3240 -0.4177
vn 0.8575 0.1244 -0.4992
vn 0.8567 -0.2242 0.4645
vn 0.8557 -0.2907 -0.4281
vn 0.8624 -0.3421 -0.3731
vn 0.8561 -0.1431 -0.4966
vn 0.8619 -0.3595 0.3576
vn 0.8676 -0.4899 -0.0849
vn 0.8552 0.5046 -0.1185
vn 0.8579 -0.1272 0.4979
vn 0.8631 -0.4617 0.2049
vn 0.8605 0.3412 0.3783
vn 0.8624 0.1165 0.4927
vn 0.8914 -0.1115 0.4392
vn 0.8945 0.1023 0.4353
vn 0.8831 0.3131 0.3494
vn 0.8611 0.4949 -0.1170
vn 0.8601 0.5101 -0.0036
vn 0.8710 0.4364 0.2255
vn 0.8677 0.3718 -0.3299
vn 0.8760 0.2945 -0.3820
vn 0.8909 0.1091 -0.4408
vn 0.8859 -0.2006 0.4183
vn 0.8815 -0.2641 -0.3914
vn 0.8795 -0.3205 -0.3517
vn 0.8792 -0.4678 -0.0904
vn 0.8894 -0.1258 -0.4395
vn 0.8805 -0.3350 0.3353
vn 0.8771 -0.4344 0.2047
vn 0.9230 0.3847 -0.0027
vn 0.9190 0.3511 0.1795
vn 0.9060 0.3181 -0.2794
vn 0.8932 0.2763 -0.3547
vn 0.8870 0.1120 -0.4479
vn 0.8942 -0.1952 0.4029
vn 0.8989 -0.2469 -0.3621
vn 0.9137 -0.2753 -0.2990
vn 0.9392 -0.3385 -0.0586
vn 0.8867 -0.1285 -0.4442
vn 0.9117 -0.2919 0.2891
vn 0.9341 -0.3264 0.1444
vn 0.8869 -0.1148 0.4475
vn 0.8918 0.1045 0.4402
vn 0.9061 0.2840 0.3137
vn 0.9204 0.3808 -0.0891
vn 0.9731 -0.2138 0.0857
vn 0.9662 -0.0705 0.2479
vn 0.9678 0.0640 0.2433
vn 0.9691 0.1746 0.1740
vn 0.9705 0.2359 -0.0498
vn 0.9712 0.2384 -0.0015
vn 0.9711 0.2167 0.1000
vn 0.9679 0.1970 -0.1561
vn 0.9652 0.1708 -0.1978
vn 0.9662 0.0688 -0.2483
vn 0.9672 -0.1201 0.2237
vn 0.9676 -0.1521 -0.2013
vn 0.9714 -0.1695 -0.1661
vn 0.9744 -0.2221 -0.0350
vn 0.9659 -0.0790 -0.2464
vn 0.9706 -0.1796 0.1605
vn -0.6883 -0.0000 -0.7254
vn -0.9513 -0.0000 -0.3084
vn -0.9513 -0.0000 0.3084
vn -0.6883 -0.0000 0.7254
vn -0.6833 0.1958 0.7034
vn -0.9278 0.2603 0.2673
vn -0.9245 0.2511 -0.2869
vn -0.6881 0.1950 -0.6989
vn -0.0957 0.0821 -0.9920
vn -0.0730 0.3502 -0.9338
vn -0.1837 0.1246 0.9750
vn -0.2631 0.2038 0.9430
vn -0.2034 -0.0000 -0.9791
vn -0.3794 0.4456 -0.8109
vn -0.5085 0.2575 -0.8217
vn -0.5677 -0.5294 -0.6304
vn -0.3753 -0.0040 -0.9269
vn -0.6156 -0.0000 0.7881
vn -0.2287 0.7788 0.5841
vn -0.5164 -0.5239 0.6774
vn -0.4650 -0.2363 0.8532
vn -0.5227 0.4614 0.7168
vn -0.2987 -0.0000 0.9544
vn -0.2851 0.0107 0.9584
vn -0.1795 -0.1112 -0.9775
vn -0.6953 0.1264 -0.7075
vn -0.9388 0.1795 -0.2938
vn -0.9399 0.1736 0.2941
vn -0.5850 0.1466 0.7977
vn -0.5021 0.7285 0.4660
vn -0.4137 0.4178 -0.8089
vn -0.7285 0.0382 0.6840
vn -0.7039 0.0692 -0.7069
vn -0.6865 0.0956 -0.7208
vn -0.9379 0.1847 0.2935
vn -0.9150 0.2504 0.3163
vn -0.6735 0.0960 0.7330
vn -0.3861 0.6219 -0.6813
vn -0.7631 0.6072 0.2214
vn -0.6893 0.7176 0.0994
vn -0.7344 0.6272 -0.2592
vn -0.7586 0.6422 0.1097
vn -0.9881 0.1262 -0.0877
vn -0.9563 0.0595 0.2863
vn -0.9665 0.1422 0.2138
vn -0.9887 0.1215 -0.0872
vn -0.5112 0.3959 0.7628
vn -0.5851 0.5257 0.6175
vn -0.9616 -0.1500 0.2297
vn -0.8748 0.4365 0.2102
vn -0.3037 0.9199 -0.2480
vn -0.9233 0.1491 0.3540
vn -0.8856 0.4638 0.0232
vn -0.8676 0.4890 -0.0909
vn -0.8327 0.5309 -0.1573
vn -0.7450 -0.4372 0.5038
vn -0.6221 -0.6330 0.4607
vn -0.5344 -0.0857 0.8409
vn -0.7410 0.4010 0.5386
vn -0.7131 0.4971 0.4944
vn -0.9315 -0.2506 0.2635
vn -0.9335 -0.3526 -0.0649
vn -0.9153 -0.3604 0.1799
vn -0.8871 -0.2560 0.3840
vn -0.8994 0.1979 0.3898
vn -0.8709 0.3083 0.3827
vn -0.8770 0.3773 0.2976
vn -0.9126 -0.1002 0.3963
vn -0.8222 -0.5679 -0.0387
vn -0.8314 -0.5212 -0.1928
vn -0.6269 -0.7788 -0.0216
vn -0.6031 -0.7921 -0.0942
vn -0.9546 -0.1966 0.2236
vn -0.9265 0.0338 0.3747
vn -0.9062 0.3552 0.2294
vn -0.9717 -0.0446 0.2321
vn -0.4911 -0.8517 0.1828
vn -0.7923 0.2308 0.5648
vn -0.7006 0.4894 0.5193
vn -0.7215 -0.6915 -0.0339
vn -0.6765 0.4388 0.5914
vn -0.9170 -0.0529 0.3954
vn -0.7353 -0.6602 -0.1534
vn -0.4702 -0.8814 -0.0456
vn -0.9603 -0.0213 0.2782
vn -0.5771 -0.8094 0.1088
vn -0.5900 -0.7744 0.2284
vn -0.6708 -0.7416 -0.0005
vn -0.5630 -0.7782 -0.2783
vn -0.4626 -0.7266 -0.5079
vn -0.3577 -0.9325 -0.0497
vn -0.7136 -0.3015 0.6323
vn -0.9643 -0.1115 0.2401
vn -0.7097 -0.3742 0.5969
vn -0.9668 -0.1441 0.2111
vn -0.8712 -0.2995 0.3889
vn -0.9281 -0.3538 0.1157
vn -0.6429 0.0073 -0.7659
vn -0.7685 -0.5706 -0.2895
vn -0.7747 -0.4301 -0.4635
vn -0.8603 -0.4910 -0.1372
vn -0.5074 0.4481 -0.7360
vn -0.5884 0.3491 -0.7293
vn -0.8857 -0.4073 -0.2227
vn -0.9203 -0.2059 0.3328
vn -0.9157 -0.3187 0.2449
vn -0.9390 -0.3065 0.1562
vn -0.9001 0.1691 -0.4016
vn -0.9248 0.0151 0.3801
vn -0.9236 -0.2318 -0.3052
vn -0.9193 0.0047 -0.3936
vn -0.9218 0.0857 0.3781
vn -0.8447 -0.1145 -0.5229
vn -0.8909 0.1912 -0.4120
vn -0.8696 0.3191 -0.3768
vn -0.8686 -0.4892 -0.0784
vn -0.8893 -0.4312 0.1522
vn -0.9110 -0.2351 -0.3389
vn -0.9320 -0.3395 0.1269
vn -0.4406 0.5129 -0.7367
vn -0.4992 0.4378 -0.7477
vn -0.7084 0.0611 -0.7032
vn -0.6693 0.0703 -0.7397
vn -0.9192 0.0047 -0.3938
vn -0.6400 0.0073 -0.7683
vn -0.7283 0.3945 -0.5604
vn -0.7833 -0.5279 -0.3281
vn -0.7816 0.3033 0.5451
vn -0.6907 0.2512 -0.6781
vn -0.7986 -0.2877 0.5286
vn -0.7227 0.0073 -0.6911
vn -0.7749 0.0123 0.6320
vn -0.6867 0.2748 -0.6730
vn -0.7734 0.1239 0.6217
vn -0.8630 0.4228 0.2767
vn -0.6927 0.4310 -0.5783
vn -0.7948 -0.5952 -0.1182
vn -0.7507 0.3458 0.5629
vn -0.8078 -0.5473 0.2189
vn -0.7228 0.0073 -0.6911
vn -0.8174 0.4864 -0.3087
vn -0.7551 -0.3415 -0.5596
vn -0.8642 0.1611 -0.4766
vn -0.9287 -0.1706 0.3293
vn -0.8828 0.0194 -0.4693
vn -0.9151 0.0347 0.4016
vn -0.8560 0.1926 -0.4797
vn -0.9032 0.0729 0.4231
vn -0.9719 0.1802 0.1512
vn -0.8446 0.2993 -0.4438
vn -0.8861 -0.4244 -0.1862
vn -0.8798 0.1160 0.4610
vn -0.8944 -0.0328 -0.4461
vn -0.9232 -0.3646 0.1218
vn -0.8497 0.3849 -0.3603
vn -0.8973 -0.2264 -0.3791
vn -0.8079 0.3516 -0.4729
vn -0.8932 -0.3653 -0.2621
vn -0.9227 0.2894 0.2546
vn -0.9884 0.1503 0.0196
vn -0.8759 0.2430 -0.4168
vn -0.9149 -0.3119 -0.2562
vn -0.9578 0.0504 0.2828
vn -0.8871 -0.0756 -0.4553
vn -0.9427 -0.3276 0.0628
vn -0.9369 0.2148 -0.2758
vn -0.9105 -0.2151 -0.3531
vn -0.8789 0.2209 -0.4229
vn -0.9284 -0.2719 -0.2531
vn -0.9850 0.1723 0.0097
vn -0.8612 0.1503 -0.4855
vn -0.9252 -0.1707 0.3390
vn -0.8711 0.0396 -0.4895
vn -0.8976 0.0339 0.4396
vn -0.8657 0.1911 -0.4626
vn -0.9016 0.0543 0.4292
vn -0.8632 -0.4024 -0.3048
vn -0.9531 0.2849 0.1024
vn -0.7343 0.2206 -0.6420
vn -0.9838 -0.0843 0.1584
vn -0.7513 0.0590 -0.6573
vn -0.9601 0.0508 0.2749
vn -0.7423 0.2793 -0.6090
vn -0.9576 0.0269 0.2867
vn -0.9461 0.3147 0.0763
vn -0.7713 0.3631 -0.5228
vn -0.9103 -0.3429 -0.2318
vn -0.9621 0.2025 0.1824
vn -0.7780 -0.1138 -0.6179
vn -0.9790 -0.2033 -0.0134
vn -0.9091 0.3845 -0.1603
vn -0.8157 -0.3241 -0.4793
vn -0.8257 0.3917 -0.4060
vn -1.0000 -0.0000 -0.0000
vn -0.9667 -0.1524 0.2056
vn -0.9650 -0.0060 -0.2621
vn -0.9556 0.0068 0.2944
vn -0.7609 0.2983 -0.5762
vn -0.8846 -0.3200 -0.3392
vn -0.9683 -0.1636 -0.1890
vn -0.8077 -0.4852 0.3349
vn -0.9449 0.3170 -0.0814
vn -0.9214 0.3558 -0.1564
vn -0.9952 -0.0603 -0.0772
vn -0.7749 -0.6314 -0.0298
vn -0.4006 -0.8630 0.3079
vn 0.0988 -0.0096 0.9951
vn 0.3551 0.0318 0.9343
vn 0.5621 0.4897 0.6666
vn -0.1314 0.8531 0.5049
vn -0.9665 -0.0798 0.2440
vn -0.6748 -0.5294 0.5142
vn -0.9480 0.1813 0.2616
vn -0.8932 0.3234 0.3125
vn -0.8893 0.1541 0.4306
vn -0.6066 0.1212 0.7857
vn -0.5694 0.3167 0.7586
vn -0.8996 0.0107 0.4365
vn -0.5332 -0.3851 0.7533
vn -0.3262 -0.7241 0.6076
vn -0.7538 -0.3100 0.5794
vn -0.9103 -0.4011 -0.1021
vn -0.7962 0.5990 0.0857
vn -0.7766 0.6202 0.1106
vn -0.9531 -0.2930 -0.0762
vn -0.9469 0.2814 0.1557
vn -0.9413 -0.2839 -0.1825
vn -0.6295 0.6831 0.3702
vn -0.9607 -0.2549 -0.1099
vn -0.8298 -0.4681 -0.3038
vn -0.8850 -0.3723 -0.2797
vn -0.5658 -0.6020 0.5635
vn -0.9011 -0.3890 -0.1915
vn -0.9736 -0.2282 0.0001
vn -0.9493 -0.3101 0.0519
vn -0.9245 -0.3618 0.1203
vn -0.8092 -0.5456 0.2181
vn -0.8848 -0.4393 0.1556
vn -0.9289 -0.3519 0.1150
vn -0.9234 -0.3716 0.0960
vn -0.8656 0.2592 -0.4285
vn -0.7935 -0.1043 -0.5996
vn -0.9726 -0.0000 -0.2325
vn -0.6677 0.5838 -0.4618
vn -0.9482 -0.2324 -0.2165
vn -0.5913 -0.2698 -0.7600
vn -0.4978 -0.6006 -0.6257
vn -0.6461 -0.5311 -0.5481
vn -0.6952 -0.7141 -0.0826
vn -0.9376 -0.3463 -0.0304
vn -0.9848 -0.1734 0.0104
vn 0.2733 -0.2341 -0.9330
vn -0.8123 0.4925 0.3125
vn -0.6561 0.6538 0.3770
vn -0.9820 0.1598 0.1010
vn -0.8537 0.2379 0.4633
vn -0.9456 -0.1765 0.2732
vn -0.7808 -0.0391 0.6236
vn -0.9742 0.0037 -0.2258
vn -0.9802 0.0275 -0.1959
vn -0.9773 0.0669 -0.2011
vn -0.9489 0.0471 -0.3121
vn -0.9421 -0.2983 0.1531
vn -0.9542 -0.1441 0.2623
vn -0.9531 -0.0992 0.2860
vn -0.9456 -0.0460 0.3220
vn -0.9386 -0.0142 0.3446
vn -0.9751 -0.1945 0.1066
vn -0.9970 -0.0413 0.0660
vn -0.9979 -0.0152 0.0630
vn -0.9974 -0.0057 0.0719
vn -0.9970 0.0030 0.0779
vn -0.9964 -0.0827 -0.0194
vn -0.8870 0.1233 0.4449
vn -0.7733 0.3495 0.5290
vn -0.9886 -0.0635 0.1363
vn -0.8054 -0.0616 0.5895
vn -0.8219 -0.1106 0.5588
vn -0.8320 -0.2166 0.5108
vn -0.8257 -0.2705 0.4951
vn -0.7749 -0.5186 0.3614
vn -0.8721 -0.1083 0.4772
vn 0.3042 -0.4888 -0.8176
vn -0.9813 -0.1649 0.0990
vn -0.9993 0.0386 -0.0005
vn -0.9993 0.0375 -0.0034
vn -0.9993 0.0365 -0.0022
vn -0.9912 0.0774 0.1078
vn -0.9442 0.2228 -0.2424
vn -0.9949 0.0390 0.0935
vn -0.9933 0.0823 0.0808
vn -0.5179 0.5141 -0.6838
vn -0.6082 0.4395 -0.6611
vn -0.7129 0.2496 -0.6553
vn -0.7884 0.0690 -0.6113
vn -0.8138 -0.0019 -0.5812
vn -0.9966 0.0024 0.0818
vn -0.9282 0.0301 0.3708
vn -0.9754 -0.0535 -0.2140
vn -0.9685 -0.0303 -0.2473
vn -0.8674 -0.0509 -0.4950
vn -0.9569 0.0063 -0.2902
vn -0.9864 -0.0061 -0.1645
vn -0.9915 -0.0093 -0.1295
vn -0.9928 -0.0929 -0.0760
vn -0.9998 -0.0160 -0.0105
vn -1.0000 0.0041 0.0028
vn -1.0000 0.0068 0.0020
vn -0.4599 -0.7766 0.4306
vn -0.5100 -0.4832 0.7116
vn -0.5713 -0.2994 0.7642
vn -0.8742 0.2429 0.4205
vn -0.8623 0.2545 0.4377
vn -0.7716 0.1952 0.6054
vn -0.7129 0.0970 0.6945
vn -0.7084 0.0010 0.7058
vn -0.6243 -0.1280 0.7706
vn -0.6566 0.7445 0.1212
vn -0.7141 0.6088 0.3456
vn -0.8171 0.4093 0.4060
vn -0.9397 0.3062 0.1523
vn -0.5558 0.6735 -0.4874
vn -0.5613 0.8110 0.1653
vn -0.8467 0.4700 0.2494
vn -0.5096 0.8516 -0.1231
vn -0.8779 0.4784 -0.0198
vn -0.5913 -0.2867 0.7537
vn -0.7994 -0.2941 0.5239
vn -0.8568 -0.2514 0.4501
vn -0.9020 -0.0445 0.4294
vn -0.9559 -0.1751 0.2357
vn -0.9880 -0.0476 -0.1470
vn -0.9999 -0.0131 0.0014
vn -0.9990 -0.0444 0.0022
vn -1.0000 0.0019 0.0039
vn -1.0000 0.0020 0.0048
vn -0.6874 0.3326 -0.6456
vn -0.9774 0.0163 -0.2109
vn -0.9977 -0.0465 -0.0484
vn -0.5246 0.7784 -0.3449
vn -0.5604 0.7731 -0.2971
vn -0.5486 0.8289 -0.1092
vn -0.9813 -0.0542 -0.1847
vn -0.8873 0.0608 -0.4571
vn -0.9830 -0.1741 -0.0575
vn -0.9341 -0.3346 -0.1243
vn -0.8838 -0.3871 0.2627
vn -0.9898 0.1035 -0.0982
vn -0.8648 -0.3718 -0.3376
vn -0.6815 0.3509 -0.6422
vn -0.7021 0.5051 -0.5019
vn -0.9872 -0.1049 -0.1200
vn -0.9818 0.1123 -0.1529
vn -0.4805 0.5731 -0.6639
vn -0.6246 0.6267 -0.4659
vn -0.7089 0.5798 -0.4015
vn -0.6733 -0.7300 0.1173
vn -0.8686 -0.4850 0.1017
vn -0.8121 -0.1088 -0.5732
vn -0.9291 0.2159 -0.3002
vn -0.8938 0.2963 -0.3366
vn -0.9501 0.2758 -0.1460
vn -0.9330 -0.3029 -0.1944
vn -0.9489 -0.3054 0.0797
vn -0.9813 -0.1506 -0.1201
vn -0.8240 -0.2332 -0.5164
vn -0.9699 -0.2364 0.0578
vn -0.9853 -0.1664 -0.0392
vn -0.8295 0.2754 -0.4859
vn -0.9407 -0.0553 -0.3346
vn -0.9500 0.2587 -0.1751
vn -0.8811 0.3214 -0.3468
vn -0.8418 0.3628 -0.3998
vn -0.7830 -0.5707 0.2474
vn -0.8917 -0.4063 0.1998
vn -0.9531 -0.2854 0.1010
vn -0.9698 -0.2257 0.0920
vn -0.9742 -0.2031 0.0979
vn -0.6237 0.2763 -0.7312
vn -0.6826 -0.1197 0.7209
vn -0.7622 0.0726 -0.6433
vn -0.8189 -0.2241 0.5284
vn -0.9976 -0.0162 0.0674
vn -0.9466 -0.1056 0.3045
vn -0.9773 0.0295 -0.2100
vn -0.9850 -0.0410 0.1676
vn -0.7328 0.2995 -0.6110
vn -0.7997 0.1880 -0.5702
vn -0.9951 0.0061 0.0983
vn -0.9601 0.0283 -0.2782
vn -0.9925 -0.0048 0.1223
vn -0.9892 -0.0362 0.1418
vn -0.8694 0.1735 -0.4626
vn -0.9555 -0.1496 0.2544
vn -0.9704 0.0912 0.2237
vn -0.9755 0.0027 -0.2200
vn -0.9012 -0.2529 0.3519
vn -0.9147 -0.3949 -0.0864
vn -0.9462 0.3234 -0.0137
vn -0.8225 -0.4941 0.2818
vn -0.9639 -0.1629 -0.2105
vn -0.9987 -0.0169 0.0486
vn -0.9760 -0.0631 -0.2084
vn -0.9837 -0.0444 -0.1741
vn -0.9296 -0.0341 -0.3670
vn -0.9059 -0.0131 -0.4232
vn -0.9576 -0.1618 -0.2385
vn -0.8386 -0.5038 0.2072
vn -0.9407 0.3298 0.0801
vn -0.9166 -0.3957 0.0574
vn -0.6804 0.3590 -0.6389
vn -0.8599 0.1285 -0.4940
vn -0.9359 0.0584 -0.3473
vn -0.9053 0.1500 -0.3973
vn -0.8652 0.1085 -0.4896
vn -0.9833 0.1806 0.0241
vn -0.9764 0.0087 -0.2160
vn -0.9787 0.0568 -0.1971
vn -0.9519 -0.2953 -0.0816
vn -0.2104 0.8463 0.4894
vn 0.5002 0.5774 0.6453
vn 0.3534 0.0957 0.9306
vn 0.1032 0.0437 0.9937
vn -0.9886 -0.0109 -0.1500
vn -0.9310 -0.0548 -0.3610
vn -0.9947 -0.0662 -0.0788
vn -0.9432 -0.1449 -0.2990
vn -0.8612 -0.3318 -0.3849
vn -0.8411 -0.2581 -0.4753
vn -0.9343 0.0205 -0.3560
vn -0.7045 -0.2563 0.6618
vn -0.8317 0.0366 0.5540
vn -0.8594 -0.0337 0.5103
vn -0.5596 -0.7264 -0.3988
vn -0.5008 -0.3631 -0.7857
vn -0.4222 -0.2579 0.8690
vn -0.5948 -0.0668 -0.8011
vn -0.5130 -0.0381 0.8575
vn -0.9948 -0.0896 -0.0492
vn -0.8427 -0.4919 0.2186
vn -0.9791 -0.0342 -0.2004
vn -0.8741 -0.2950 -0.3859
vn -0.8106 -0.5699 0.1347
vn -0.9861 -0.0721 -0.1498
vn -0.9858 -0.0869 -0.1433
vn -0.7647 0.2676 0.5862
vn -0.7140 0.3894 0.5819
vn -0.7235 0.4955 0.4807
vn -0.7384 0.4015 0.5418
vn -0.9829 -0.1312 -0.1294
vn -0.9824 -0.1119 -0.1497
vn -0.7509 0.6342 0.1841
vn -0.6797 0.6412 0.3560
vn -0.6679 0.5974 0.4439
vn -0.9872 -0.1520 -0.0472
vn -0.9869 -0.1352 -0.0881
vn -0.9865 -0.1337 -0.0942
vn -0.9379 -0.2900 -0.1906
vn -0.9052 -0.3463 -0.2462
vn -0.9051 -0.3381 -0.2578
vn -0.9472 -0.3057 -0.0972
vn -0.9281 0.1569 0.3376
vn -0.7367 0.4571 -0.4984
vn -0.8297 0.0308 -0.5574
vn -0.8465 0.5249 0.0891
vn -0.9338 0.2866 0.2142
vn -0.9510 0.1502 0.2701
vn -0.9500 0.1149 0.2904
vn -0.9672 0.1439 0.2093
vn -0.9730 0.1563 0.1701
vn -0.8629 -0.2098 -0.4597
vn -0.8260 -0.2602 -0.5000
vn -0.8335 -0.2799 -0.4765
vn -0.8806 -0.1339 -0.4545
vn -0.8793 -0.0489 -0.4738
vn -0.9516 -0.0806 -0.2965
vn -0.6944 -0.4032 0.5961
vn -0.7756 -0.0402 -0.6300
vn -0.6885 -0.7243 -0.0383
vn -0.8957 -0.3667 -0.2514
vn -0.8639 -0.3229 -0.3865
vn -0.8787 -0.2371 -0.4144
vn -0.9052 -0.3990 -0.1462
vn -0.8366 -0.5479 -0.0002
vn -0.5618 -0.7862 0.2574
vn -0.4738 -0.6575 0.5858
vn -0.8465 -0.1056 0.5219
vn -0.9608 -0.2617 -0.0914
vn -0.8583 0.5126 -0.0233
vn -0.9925 -0.0721 0.0989
vn -0.7407 -0.6664 -0.0854
vn -0.7542 -0.6522 -0.0757
vn -0.9789 -0.1910 0.0723
vn -0.9445 -0.3155 -0.0915
vn -0.9839 0.0734 0.1632
vn -0.9973 0.0414 0.0612
vn -0.8820 -0.2910 0.3706
vn -0.9371 -0.1284 0.3245
vn -0.9564 -0.2640 0.1251
vn -0.9472 -0.3181 0.0407
vn -0.9603 -0.2653 0.0864
vn -0.8593 0.1591 0.4862
vn -0.8419 0.1454 0.5197
vn -0.8393 0.0845 0.5371
vn -0.8750 0.0046 0.4841
vn -0.8849 -0.0352 0.4644
vn -0.8962 -0.0384 0.4419
vn -0.8560 0.2935 0.4257
vn -0.9826 0.0785 0.1684
vn -0.9088 -0.0055 -0.4173
vn -0.9952 -0.0092 0.0975
vn -0.9965 -0.0112 0.0823
vn -0.9762 0.0286 -0.2151
vn -0.9654 -0.1093 -0.2365
vn -0.9824 0.1160 -0.1465
vn -0.9361 0.3267 0.1301
vn -0.9933 0.0704 -0.0917
vn -0.9614 0.1094 0.2524
vn -0.8797 0.2560 0.4007
vn -0.6789 0.5951 0.4302
vn -0.7712 0.4488 0.4514
vn -0.8016 0.3564 0.4800
vn -0.9490 0.1805 0.2587
vn -0.9338 0.2391 0.2661
vn -0.9303 0.2765 0.2411
vn -0.9065 0.2154 -0.3632
vn -0.8999 0.1087 -0.4224
vn -0.9776 0.0128 -0.2101
vn -0.9086 -0.0134 -0.4174
vn -0.8463 -0.3814 -0.3720
vn -0.7959 -0.3429 -0.4989
vn -0.9681 -0.1639 -0.1894
vn -0.9891 -0.0696 -0.1297
vn -0.7687 -0.3712 -0.5208
vn -0.9949 -0.0565 -0.0834
vn -0.8845 -0.1671 -0.4357
vn -0.8069 -0.2710 -0.5248
vn -0.9529 0.1527 0.2620
vn -0.9919 -0.0723 -0.1047
vn -0.9917 0.0496 0.1188
vn -0.9966 0.0809 0.0167
vn -0.9811 0.0581 -0.1843
vn -0.9751 0.0406 -0.2182
vn -0.9825 0.0054 -0.1861
vn -0.9678 0.0839 0.2374
vn -0.9883 -0.0733 -0.1339
vn -0.2947 0.8162 0.4969
vn -0.9447 0.0090 -0.3277
vn -0.9448 0.0052 0.3277
vn -0.6626 0.0522 -0.7472
vn -0.9447 0.0110 0.3277
vn -0.1755 0.1152 -0.9777
vn -0.2368 0.3389 -0.9105
vn -0.9485 -0.0683 0.3094
vn -0.6677 0.2296 -0.7081
vn -0.9481 -0.0738 0.3092
vn -0.9471 0.0871 -0.3089
vn -0.2869 0.5034 0.8150
vn -0.2017 0.0842 0.9758
vn -0.3812 0.0625 0.9224
vn -0.4680 -0.0597 0.8817
vn -0.9639 0.1985 0.1776
vn -0.9275 0.1116 0.3568
vn -0.8928 0.0940 0.4405
vn -0.7687 0.3275 0.5493
vn -0.9115 -0.1731 0.3731
vn -0.7161 0.0857 0.6927
vn -0.5684 0.2641 0.7792
vn -0.6851 0.1846 0.7047
vn -0.2040 -0.0008 0.9790
vn -0.6524 0.0132 -0.7577
vn -0.1900 0.0081 -0.9817
vn -0.9573 0.0492 0.2849
vn -0.4544 0.0082 0.8908
vn -0.9575 0.0446 0.2849
vn -0.9823 0.0390 -0.1831
vn -0.2313 -0.0302 0.9724
vn -0.9820 -0.0043 0.1889
vn -1.0000 -0.0000 -0.0042
vn -0.7556 -0.0182 0.6548
vn -0.3124 -0.0078 -0.9499
vn -0.7270 -0.0019 -0.6866
vn -0.9820 -0.0035 0.1889
vn -0.9855 -0.0167 0.1688
vn -0.9998 -0.0176 -0.0037
vn -0.7913 -0.0285 0.6108
vn -0.4060 -0.0507 -0.9125
vn -0.7649 -0.0331 -0.6433
vn -0.9855 -0.0170 0.1688
vn -0.3000 -0.0445 0.9529
vn -0.3255 -0.9141 0.2419
vn -0.1474 -0.9385 -0.3124
vn -0.2888 -0.9303 -0.2264
vn -0.4846 -0.8713 0.0774
vn -0.1311 -0.9132 0.3859
vn -0.4757 -0.8756 0.0834
vn -0.5068 -0.8621 -0.0018
vn -0.8339 -0.0000 0.5519
vn -0.4051 -0.0000 -0.9143
vn -0.8110 -0.0000 -0.5851
vn -0.9894 -0.0000 0.1454
vn -0.3044 -0.0000 0.9526
vn -0.9894 -0.0000 0.1450
vn -1.0000 -0.0000 -0.0032
vn -0.4448 0.8341 0.3263
vn -0.1893 0.8881 -0.4188
vn -0.4161 0.8432 -0.3403
vn -0.7283 0.6745 0.1213
vn -0.1540 0.8601 0.4864
vn -0.7009 0.7047 0.1103
vn -0.7615 0.6482 -0.0028
vn -0.7271 -0.0000 -0.6865
vn -0.9820 -0.0000 0.1888
vn -0.3064 -0.0000 0.9519
vn -0.7559 -0.0000 0.6547
vn -0.4213 -0.0000 -0.9069
vn -0.2458 -0.6480 0.7208
vn -0.9806 -0.0866 0.1761
vn -1.0000 -0.0012 -0.0039
vn -0.7036 -0.4200 0.5731
vn -0.3199 -0.6959 -0.6429
vn -0.6616 -0.4712 -0.5833
vn -0.9832 -0.0457 0.1766
vn -0.9087 -0.3711 0.1911
vn -0.8891 -0.4576 -0.0041
vn -0.6211 -0.3278 0.7119
vn -0.4737 -0.4436 -0.7608
vn -0.6293 -0.4261 -0.6499
vn -0.8921 -0.4110 0.1876
vn -0.3572 -0.2922 0.8871
vn -0.5304 -0.0000 0.8478
vn -0.4874 0.3043 -0.8185
vn -0.5869 0.0970 -0.8038
vn -0.9713 -0.0000 0.2378
vn -0.4028 -0.0000 0.9153
vn -0.9713 -0.0000 0.2379
vn -1.0000 -0.0000 -0.0054
vn -0.4709 0.5142 0.7168
vn -0.4841 0.3238 -0.8129
vn -0.5218 0.4066 -0.7499
vn -0.9168 0.3307 0.2237
vn -0.3861 0.5023 0.7737
vn -0.8936 0.3628 0.2643
vn -0.9471 0.3140 -0.0664
vn -0.6408 -0.0818 -0.7634
vn -0.9817 0.0051 0.1902
vn -0.4967 -0.0000 0.8679
vn -0.9353 -0.0000 0.3539
vn -0.9758 -0.0233 -0.2172
vn -0.5718 -0.0000 0.8204
vn -0.5857 -0.0863 -0.8059
vn -0.9174 0.1944 0.3471
vn -0.9462 -0.1333 -0.2948
vn -0.5196 0.4175 0.7455
vn -0.5164 -0.2278 -0.8255
vn -0.6005 -0.2492 -0.7598
vn -0.9834 0.0887 0.1584
vn -0.3624 0.4814 0.7981
vn -0.8765 0.3061 0.3715
vn -0.8752 0.3740 0.3067
vn -0.8685 0.4266 0.2523
vn -0.8421 0.5193 0.1454
vn -0.8720 0.2496 0.4212
vn -0.8518 0.1804 0.4919
vn -0.7720 0.6354 0.0151
vn -0.7802 -0.2637 0.5672
vn -0.7456 0.5719 0.3421
vn -0.7552 0.6405 -0.1394
vn -0.7241 0.5738 -0.3826
vn -0.6922 0.4970 -0.5233
vn -0.6116 0.4089 -0.6772
vn -0.4806 0.2651 -0.8359
vn -0.1810 0.0907 -0.9793
vn -0.6878 -0.1345 0.7133
vn -0.6717 0.1004 0.7340
vn -0.8333 -0.4634 -0.3014
vn -0.7990 -0.5197 -0.3023
vn -0.7987 -0.5696 -0.1943
vn -0.8086 -0.5883 -0.0110
vn -0.7745 -0.6031 0.1911
vn -0.7374 -0.5609 0.3764
vn -0.7551 -0.4377 0.4881
vn -0.7381 -0.3223 0.5927
vn -0.8407 -0.3170 -0.4391
vn -0.8247 -0.2895 -0.4859
vn -0.8173 -0.0545 -0.5737
vn -0.7244 -0.2309 -0.6496
vn -0.8142 0.5407 -0.2114
vn -0.8571 -0.5038 0.1076
vn -0.8591 -0.4964 0.1250
vn -0.8161 0.5764 -0.0410
vn -0.8899 0.1329 0.4364
vn -0.9974 -0.0514 0.0509
vn -0.9965 -0.0323 0.0768
vn -0.9992 -0.0315 -0.0262
vn -0.9999 0.0096 -0.0029
vn -0.9999 0.0143 -0.0023
vn -0.8489 -0.5102 0.1378
vn -0.9986 0.0180 0.0502
vn -0.9938 0.0466 0.1006
vn -0.9953 0.0732 0.0642
vn -0.9956 -0.0131 0.0927
vn -0.9620 -0.2447 -0.1209
vn -0.9165 -0.3956 0.0598
vn -0.6552 0.7545 0.0377
vn -0.6667 0.7320 0.1404
vn -0.7358 0.5366 0.4131
vn -0.5695 -0.8204 -0.0513
vn -0.6780 0.6950 0.2395
vn -0.6629 -0.7452 -0.0725
vn -0.9706 -0.0616 0.2329
vn -0.9467 0.0093 0.3221
vn -0.9781 -0.0597 0.1996
vn -0.9811 -0.1161 0.1546
vn -0.9005 -0.4348 0.0052
vn -0.8872 -0.4361 0.1504
vn -0.9327 -0.3306 0.1439
vn -0.9714 -0.1855 0.1480
vn -0.9824 -0.0828 0.1672
vn -0.9637 -0.0103 0.2667
vn -0.9092 0.2082 0.3607
vn -0.5259 0.2880 -0.8003
vn -0.6153 0.4112 -0.6725
vn -0.7023 0.5038 -0.5030
vn -0.7299 0.5780 -0.3650
vn -0.7565 0.6413 -0.1281
vn -0.7318 0.5976 0.3276
vn -0.7906 -0.2308 0.5671
vn -0.7771 0.6284 0.0350
vn -0.8526 0.1939 0.4853
vn -0.6118 0.7855 -0.0929
vn -0.8726 -0.4853 0.0551
vn -0.5539 0.7444 -0.3730
vn -0.8036 -0.5737 0.1584
vn -0.7465 -0.6044 0.2781
vn -0.5767 0.7833 -0.2319
vn -0.9567 -0.2337 0.1733
vn -1.0000 0.0070 -0.0036
vn -0.6861 -0.5855 0.4318
vn -0.4546 0.6955 -0.5564
vn -0.4212 0.5857 -0.6925
vn -0.5026 0.4092 -0.7615
vn -0.7975 -0.3521 0.4899
vn -0.9174 -0.1732 0.3583
vn -0.5385 0.2925 -0.7902
vn -0.5278 0.2501 -0.8117
vn -0.9909 -0.0277 0.1314
vn -0.9655 -0.0489 0.2558
vn -0.5276 0.0040 -0.8495
vn -0.5250 0.1408 -0.8394
vn -0.5268 0.1005 -0.8440
vn -0.3991 0.7994 -0.4491
vn -0.5366 -0.3857 -0.7505
vn -0.9871 -0.0482 0.1530
vn -0.9932 0.0688 0.0939
vn -0.9719 0.1147 0.2054
vn -0.9236 0.0622 0.3784
vn -0.9988 0.0485 0.0057
vn -0.5164 0.4293 0.7409
vn -0.8901 0.2099 0.4046
vn -0.2642 0.4895 0.8310
vn -0.3370 0.1278 0.9328
vn -0.5455 -0.6113 0.5734
vn -0.5891 0.1564 0.7928
vn -0.9817 0.0816 0.1720
vn -0.9669 -0.2503 -0.0493
vn -0.5803 -0.2250 -0.7827
vn -0.8798 -0.1313 -0.4568
vn -0.8757 -0.1627 -0.4546
vn -0.5724 -0.2763 -0.7720
vn -0.8436 -0.3621 -0.3965
vn -0.9834 0.0722 0.1666
vn -0.9839 0.0639 0.1668
vn -0.9816 0.0153 0.1902
vn -0.9167 0.3311 0.2237
vn -0.8795 -0.4384 0.1850
vn -0.9841 -0.0162 0.1767
vn -0.7462 0.6540 0.1243
vn -0.4981 -0.8635 0.0795
vn -0.9855 -0.0173 0.1688
vn -0.9820 -0.0028 0.1889
vn -0.9571 0.0526 0.2848
vn -0.9478 -0.0777 0.3091
vn -0.9448 0.0010 0.3277
vn -0.9469 0.3126 0.0756
vn -0.9881 0.1524 0.0203
vn -0.9537 0.2456 0.1735
vn -0.8694 0.4115 0.2736
vn -0.9475 -0.2833 0.1484
vn -0.9391 0.1783 0.2939
vn -0.9267 0.2649 0.2665
vn -0.9618 0.0978 0.2559
vn -0.9685 0.1230 0.2166
vn -0.9161 -0.1546 0.3700
vn -0.8373 0.4202 0.3497
vn -0.7044 0.3308 0.6281
vn -0.5517 0.8340 -0.0128
vn -0.5897 -0.5205 0.6175
vn -0.8664 -0.4917 0.0875
vn -0.5733 -0.6094 0.5477
vn -0.5220 -0.2445 0.8172
vn -0.9311 0.2821 -0.2312
vn -0.8727 0.3139 -0.3739
vn -0.7248 0.0587 -0.6864
vn -0.5287 0.4578 -0.7147
vn -0.4621 -0.1597 -0.8724
vn -0.5476 0.1630 -0.8207
vn -0.6281 0.0451 -0.7769
vn -0.5268 -0.3392 -0.7794
vn -0.9058 -0.4049 0.1249
vn -0.6388 0.6926 -0.3351
vn -0.5699 0.5810 -0.5810
vn -0.9733 -0.2196 0.0666
vn -0.7898 0.6112 -0.0516
vn -0.5568 0.6852 -0.4696
vn -0.6107 0.7246 -0.3193
vn -0.7257 0.6697 -0.1578
vn -0.9050 -0.4230 0.0457
vn -0.9662 -0.2489 0.0674
vn -0.8427 -0.5235 -0.1260
vn -0.8962 -0.4434 -0.0150
vn -0.9022 -0.4278 0.0544
vn -0.9748 0.1181 0.1895
vn -0.9752 0.0847 0.2043
vn -0.8912 -0.1055 0.4412
vn -0.9031 0.1239 0.4112
vn -0.6338 0.1498 0.7589
vn -0.4262 0.1228 0.8963
vn -0.7299 -0.6067 -0.3151
vn -0.7376 -0.6740 -0.0395
vn -0.7323 -0.6770 -0.0741
vn -0.7778 -0.5912 -0.2133
vn -0.4610 -0.8695 0.1774
vn -0.7640 0.0293 -0.6446
vn -0.8536 0.3368 -0.3973
vn -0.8678 0.3788 -0.3215
vn -0.9430 0.2840 -0.1735
vn -0.8769 0.4789 0.0419
vn -0.8728 0.4867 0.0358
vn -0.9202 -0.3422 -0.1902
vn -0.9489 -0.3098 -0.0595
vn -0.9629 -0.2696 0.0099
vn -0.9701 -0.2135 0.1156
vn -0.9563 -0.2342 0.1751
vn -0.9327 -0.1595 0.3236
vn -0.8621 -0.3563 0.3605
vn -0.8030 0.0268 -0.5954
vn -0.9927 -0.1162 -0.0320
vn -0.9512 -0.2136 0.2226
vn -0.8512 -0.4469 0.2752
vn -0.8316 -0.4588 0.3131
vn -0.8024 -0.5754 -0.1582
vn -0.5131 -0.7135 -0.4771
vn -0.5623 -0.7729 -0.2941
vn -0.7422 -0.5948 -0.3089
vn -0.9315 -0.3053 -0.1976
vn -0.8765 0.0869 -0.4736
vn -0.8798 -0.0144 -0.4750
vn -0.8848 -0.3464 -0.3116
vn -0.9268 0.1600 0.3398
vn -0.8952 -0.3399 -0.2882
vn -0.9448 0.2692 0.1866
vn -0.9106 -0.3940 -0.1245
vn -0.9484 0.3170 -0.0071
vn -0.9087 -0.1506 0.3892
vn -0.9166 -0.3967 0.0493
vn -0.9270 0.2929 -0.2344
vn -0.9106 -0.3108 0.2723
vn -0.9137 -0.3437 0.2166
vn -0.8948 0.2332 -0.3808
vn -0.9510 0.1632 -0.2627
vn -0.9569 0.0531 -0.2854
vn -0.9715 0.1022 0.2139
vn -0.9593 -0.0087 -0.2822
vn -0.9647 0.2176 0.1486
vn -0.9432 -0.2485 -0.2203
vn -0.9643 -0.1401 0.2249
vn -0.9372 -0.2678 -0.2237
vn -0.9550 -0.2254 0.1927
vn -0.9258 -0.3609 -0.1124
vn -0.9539 0.3000 -0.0067
vn -0.9266 -0.3732 0.0457
vn -0.9486 0.2485 -0.1960
vn -0.9423 -0.2560 0.2159
vn -0.9587 0.1185 0.2586
vn -0.9375 -0.0103 -0.3477
vn -0.9583 0.2329 0.1658
vn -0.9257 -0.2778 -0.2567
vn -0.9451 -0.1755 0.2757
vn -0.9234 -0.2894 -0.2520
vn -0.9416 -0.2519 0.2236
vn -0.9218 -0.3687 -0.1196
vn -0.9532 0.3023 -0.0070
vn -0.9248 -0.3773 0.0481
vn -0.9411 0.2611 -0.2147
vn -0.9292 -0.2564 0.2661
vn -0.9334 0.1838 -0.3083
vn -0.9346 0.0625 -0.3501
vn -0.8930 -0.3256 -0.3108
vn -0.9020 -0.1954 0.3851
vn -0.8854 -0.3456 -0.3108
vn -0.8767 -0.3779 0.2975
vn -0.8768 -0.4559 -0.1528
vn -0.9230 0.3847 -0.0092
vn -0.8802 -0.4706 0.0620
vn -0.9072 0.3207 -0.2723
vn -0.8907 -0.2966 0.3445
vn -0.9028 0.2150 -0.3726
vn -0.9086 0.0712 -0.4115
vn -0.9401 0.1383 0.3117
vn -0.9128 -0.0117 -0.4083
vn -0.9348 0.2862 0.2104
vn -0.9525 -0.2881 -0.0991
vn -0.9726 0.2322 -0.0057
vn -0.9551 -0.2937 0.0397
vn -0.9628 0.2038 -0.1776
vn -0.9192 -0.1994 0.3395
vn -0.9542 0.1467 -0.2608
vn -0.9526 0.0505 -0.2998
vn -0.9713 0.0945 0.2184
vn -0.9546 -0.0083 -0.2979
vn -0.9738 0.1814 0.1368
vn -0.9504 -0.2222 -0.2176
vn -0.9564 -0.1779 0.2318
vn -0.9500 -0.2294 -0.2117
vn -0.9383 -0.2795 0.2037
vn -0.9868 -0.1607 0.0218
vn -0.9537 -0.1139 0.2783
vn -0.9628 -0.1511 0.2241
vn -0.9547 -0.2381 0.1784
vn -0.9872 0.0633 0.1465
vn -0.9887 0.1196 0.0904
vn -0.9894 0.1449 -0.0036
vn -0.9879 0.1169 -0.1020
vn -0.9865 0.0803 -0.1429
vn -0.9872 0.0265 -0.1575
vn -0.9881 -0.0043 -0.1539
vn -0.9876 -0.1119 -0.1097
vn -0.9875 -0.1156 -0.1068
vn -0.9875 -0.1492 -0.0514
vn -0.9021 0.0226 -0.4310
vn -0.9197 0.0960 -0.3808
vn -0.9506 -0.2934 -0.1015
vn -0.9037 -0.4250 -0.0519
vn -0.7991 0.2277 -0.5564
vn -0.8365 0.2405 -0.4924
vn -0.6013 0.7629 -0.2376
vn -0.6095 0.6419 -0.4653
vn -0.6214 0.7813 -0.0580
vn -0.7227 0.6450 0.2484
vn -0.8725 -0.3345 0.3563
vn -0.8449 -0.4729 0.2500
vn -0.8127 -0.5620 0.1537
vn -0.7606 -0.6463 -0.0614
vn -0.8474 -0.1002 0.5215
vn -0.8292 0.0592 0.5558
vn -0.8368 0.1268 0.5327
vn -0.8408 0.1131 0.5294
vn -0.9057 -0.3613 -0.2215
vn -0.8915 -0.3077 -0.3326
vn -0.8097 0.5748 -0.1185
vn -0.9532 -0.0876 0.2894
vn -0.8719 -0.3122 0.3772
vn -0.8092 0.5759 -0.1160
vn -0.7980 0.5877 -0.1337
vn -0.8002 -0.5836 0.1383
vn -0.8570 0.3181 0.4053
vn -0.8407 0.4858 0.2393
vn -0.8662 -0.4749 -0.1552
vn -0.8553 0.5032 0.1235
vn -0.8314 -0.5441 0.1124
vn -0.8337 0.5303 -0.1541
vn -0.8687 -0.4663 0.1670
vn -0.6997 0.6462 -0.3048
vn -0.7375 -0.5768 0.3513
vn -0.5508 0.7332 -0.3988
vn -0.5041 -0.5721 0.6469
vn -0.9170 -0.3974 -0.0353
vn -0.9109 -0.3726 -0.1770
vn -0.7847 -0.5844 0.2068
vn -0.8800 0.3232 -0.3480
vn -0.7960 0.5706 -0.2019
vn -0.8439 0.5132 0.1562
vn -0.7852 0.4888 0.3802
vn -0.8197 0.5722 -0.0255
vn -0.9041 -0.4076 0.1283
vn -0.6741 0.1743 0.7177
vn -0.6905 -0.5197 0.5032
vn -0.6858 -0.6473 0.3326
vn -0.6714 -0.1881 0.7168
vn -0.7103 -0.6858 -0.1586
vn -0.6715 0.5036 0.5436
vn -0.6759 0.6592 0.3295
vn -0.6793 0.7338 -0.0050
vn -0.6879 0.4523 -0.5676
vn -0.6864 0.5518 -0.4736
vn -0.6738 -0.3282 0.6620
vn -0.7087 0.1749 -0.6835
vn -0.7214 -0.4748 -0.5042
vn -0.6822 0.7128 -0.1630
vn -0.9524 -0.2448 0.1816
vn -0.9505 0.3061 -0.0542
vn -0.8271 0.5477 -0.1266
vn -0.8535 -0.3552 -0.3813
vn -0.8545 -0.4704 0.2204
vn -0.8546 -0.3710 0.3632
vn -0.8752 0.1130 0.4704
vn -0.8692 -0.1389 -0.4745
vn -0.8717 -0.1231 0.4743
vn -0.8708 -0.4414 0.2162
vn -0.8585 0.3464 0.3781
vn -0.8740 -0.4755 -0.1004
vn -0.8252 0.5649 -0.0039
vn -0.8406 0.4834 0.2443
vn -0.8391 0.4109 -0.3566
vn -0.8512 0.3249 -0.4123
vn -0.8712 0.1205 -0.4760
vn -0.8640 -0.2216 0.4520
vn -0.8578 -0.2919 -0.4231
vn -0.8566 0.5160 -0.0036
vn -0.8602 0.4536 0.2329
vn -0.8500 0.3951 -0.3483
vn -0.8489 0.3240 -0.4177
vn -0.8575 0.1244 -0.4992
vn -0.8567 -0.2242 0.4645
vn -0.8557 -0.2907 -0.4281
vn -0.8624 -0.3421 -0.3731
vn -0.8561 -0.1431 -0.4966
vn -0.8619 -0.3595 0.3576
vn -0.8676 -0.4899 -0.0849
vn -0.8552 0.5046 -0.1185
vn -0.8579 -0.1272 0.4979
vn -0.8631 -0.4617 0.2049
vn -0.8605 0.3412 0.3783
vn -0.8624 0.1165 0.4927
vn -0.8914 -0.1115 0.4392
vn -0.8945 0.1023 0.4353
vn -0.8831 0.3131 0.3494
vn -0.8611 0.4949 -0.1170
vn -0.8601 0.5101 -0.0036
vn -0.8710 0.4364 0.2255
vn -0.8677 0.3718 -0.3299
vn -0.8760 0.2945 -0.3820
vn -0.8909 0.1091 -0.4408
vn -0.8859 -0.2006 0.4183
vn -0.8815 -0.2641 -0.3914
vn -0.8795 -0.3205 -0.3517
vn -0.8792 -0.4678 -0.0904
vn -0.8894 -0.1258 -0.4395
vn -0.8805 -0.3350 0.3353
vn -0.8771 -0.4344 0.2047
vn -0.9230 0.3847 -0.0027
vn -0.9190 0.3511 0.1795
vn -0.9060 0.3181 -0.2794
vn -0.8932 0.2763 -0.3547
vn -0.8870 0.1120 -0.4479
vn -0.8942 -0.1952 0.4029
vn -0.8989 -0.2469 -0.3621
vn -0.9137 -0.2753 -0.2990
vn -0.9392 -0.3385 -0.0586
vn -0.8867 -0.1285 -0.4442
vn -0.9117 -0.2919 0.2891
vn -0.9341 -0.3264 0.1444
vn -0.8869 -0.1148 0.4475
vn -0.8918 0.1045 0.4402
vn -0.9061 0.2840 0.3137
vn -0.9204 0.3808 -0.0891
vn -0.9731 -0.2138 0.0857
vn -0.9662 -0.0705 0.2479
vn -0.9678 0.0640 0.2433
vn -0.9691 0.1746 0.1740
vn -0.9705 0.2359 -0.0498
vn -0.9712 0.2384 -0.0015
vn -0.9711 0.2167 0.1000
vn -0.9679 0.1970 -0.1561
vn -0.9652 0.1708 -0.1978
vn -0.9662 0.0688 -0.2483
vn -0.9672 -0.1201 0.2237
vn -0.9676 -0.1521 -0.2013
vn -0.9714 -0.1695 -0.1661
vn -0.9744 -0.2221 -0.0350
vn -0.9659 -0.0790 -0.2464
vn -0.9706 -0.1796 0.1605
vt 0.550438 0.711406
vt 0.561146 0.720673
vt 0.556995 0.723679
vt 0.546287 0.714411
vt 0.555945 0.707469
vt 0.566653 0.716735
vt 0.557154 0.706214
vt 0.567862 0.715481
vt 0.563528 0.702029
vt 0.574236 0.711295
vt 0.572160 0.712798
vt 0.561452 0.703531
vt 0.550899 0.691925
vt 0.557623 0.696918
vt 0.555547 0.698421
vt 0.548862 0.693232
vt 0.545155 0.695981
vt 0.551249 0.701104
vt 0.550040 0.702358
vt 0.543823 0.696968
vt 0.544533 0.706296
vt 0.538783 0.700705
vt 0.540382 0.709301
vt 0.534962 0.703538
vt 0.533945 0.704048
vt 0.539629 0.709499
vt 0.541224 0.712679
vt 0.555069 0.690220
vt 0.562866 0.695423
vt 0.559698 0.695416
vt 0.552935 0.690617
vt 0.561246 0.700054
vt 0.559170 0.701556
vt 0.554872 0.704239
vt 0.553663 0.705494
vt 0.548156 0.709432
vt 0.544005 0.712436
vt 0.566367 0.696252
vt 0.563321 0.698551
vt 0.540916 0.717269
vt 0.542528 0.720029
vt 0.547265 0.720472
vt 0.552261 0.724677
vt 0.565603 0.700526
vt 0.571629 0.695778
vt 0.572125 0.700764
vt 0.574132 0.703915
vt 0.577433 0.704572
vt 0.576311 0.709793
vt 0.548911 0.683974
vt 0.547600 0.684946
vt 0.527245 0.700039
vt 0.528556 0.699067
vt 0.532662 0.696022
vt 0.538078 0.692006
vt 0.539510 0.690945
vt 0.545547 0.686468
vt 0.543495 0.687990
vt 0.582691 0.703779
vt 0.556508 0.737348
vt 0.579878 0.716179
vt 0.576273 0.716358
vt 0.568495 0.718330
vt 0.562988 0.722268
vt 0.570305 0.717595
vt 0.561408 0.727497
vt 0.572114 0.716860
vt 0.569071 0.714227
vt 0.546487 0.694993
vt 0.540941 0.689883
vt 0.558363 0.704960
vt 0.556081 0.702985
vt 0.552458 0.699849
vt 0.583482 0.715999
vt 0.561396 0.731511
vt 0.558952 0.734429
vt 0.588940 0.701644
vt 0.592131 0.699851
vt 0.593902 0.696827
vt 0.600687 0.703242
vt 0.592167 0.709560
vt 0.597424 0.712767
vt 0.605599 0.706706
vt 0.589093 0.718944
vt 0.593792 0.723557
vt 0.602910 0.716797
vt 0.610848 0.710910
vt 0.597263 0.697773
vt 0.601406 0.698137
vt 0.613852 0.700586
vt 0.622105 0.694467
vt 0.627355 0.698671
vt 0.619101 0.704791
vt 0.607161 0.695560
vt 0.613635 0.687878
vt 0.610789 0.686288
vt 0.611107 0.686976
vt 0.611426 0.687666
vt 0.616877 0.685700
vt 0.621806 0.680436
vt 0.628407 0.671634
vt 0.628866 0.687746
vt 0.627118 0.694527
vt 0.630578 0.695017
vt 0.636663 0.695146
vt 0.623235 0.708368
vt 0.614982 0.714487
vt 0.607043 0.720374
vt 0.597926 0.727134
vt 0.595106 0.730514
vt 0.641182 0.695644
vt 0.644915 0.696724
vt 0.637024 0.698467
vt 0.630606 0.701485
vt 0.638371 0.700964
vt 0.634254 0.702353
vt 0.630839 0.704349
vt 0.633856 0.705456
vt 0.638095 0.705657
vt 0.634429 0.706597
vt 0.635002 0.707739
vt 0.624706 0.710542
vt 0.631415 0.709393
vt 0.628815 0.711902
vt 0.626648 0.714785
vt 0.624612 0.716539
vt 0.621713 0.717547
vt 0.614558 0.718386
vt 0.609155 0.725748
vt 0.616343 0.723300
vt 0.603540 0.726441
vt 0.610197 0.730924
vt 0.617652 0.728566
vt 0.604351 0.731871
vt 0.598504 0.732819
vt 0.593136 0.733606
vt 0.596346 0.735907
vt 0.566012 0.740210
vt 0.565469 0.742926
vt 0.562065 0.739935
vt 0.564048 0.738465
vt 0.585376 0.741281
vt 0.588258 0.743770
vt 0.579945 0.745721
vt 0.577066 0.743229
vt 0.568873 0.745917
vt 0.567976 0.741955
vt 0.591166 0.736699
vt 0.594187 0.738995
vt 0.562517 0.734685
vt 0.559943 0.736692
vt 0.577711 0.738147
vt 0.582863 0.737293
vt 0.588248 0.730799
vt 0.586878 0.726231
vt 0.577439 0.720772
vt 0.575153 0.720711
vt 0.572537 0.720833
vt 0.567777 0.731902
vt 0.569042 0.734424
vt 0.583528 0.723014
vt 0.570342 0.721607
vt 0.567129 0.723886
vt 0.570428 0.735650
vt 0.571815 0.736876
vt 0.579724 0.720832
vt 0.566521 0.727195
vt 0.566820 0.729792
vt 0.586207 0.734610
vt 0.587228 0.732705
vt 0.571439 0.721220
vt 0.556798 0.738927
vt 0.557975 0.745202
vt 0.560566 0.748524
vt 0.563216 0.751801
vt 0.569691 0.725442
vt 0.569313 0.727708
vt 0.577107 0.735310
vt 0.580626 0.734763
vt 0.575150 0.723323
vt 0.573360 0.723387
vt 0.570229 0.730949
vt 0.571126 0.732690
vt 0.584238 0.730346
vt 0.583246 0.727200
vt 0.572089 0.733541
vt 0.580914 0.724967
vt 0.569549 0.729493
vt 0.578283 0.723441
vt 0.572613 0.723644
vt 0.571865 0.723902
vt 0.582885 0.732947
vt 0.576716 0.723382
vt 0.583561 0.731646
vt 0.573053 0.734394
vt 0.571740 0.730333
vt 0.572448 0.731509
vt 0.581677 0.730186
vt 0.580935 0.728007
vt 0.573194 0.732267
vt 0.579241 0.726273
vt 0.571196 0.729169
vt 0.577228 0.725149
vt 0.573113 0.725059
vt 0.572524 0.725258
vt 0.570960 0.727828
vt 0.579348 0.733264
vt 0.580965 0.732047
vt 0.576177 0.724996
vt 0.575125 0.724842
vt 0.574288 0.732949
vt 0.581321 0.731116
vt 0.571279 0.726312
vt 0.576875 0.733548
vt 0.573701 0.724862
vt 0.574224 0.726818
vt 0.573881 0.726942
vt 0.572913 0.728434
vt 0.573011 0.729193
vt 0.577567 0.731379
vt 0.578528 0.730657
vt 0.575981 0.726727
vt 0.575383 0.726658
vt 0.574069 0.730922
vt 0.574677 0.731291
vt 0.578758 0.730120
vt 0.578988 0.729584
vt 0.573138 0.727564
vt 0.576143 0.731585
vt 0.574567 0.726694
vt 0.573290 0.729846
vt 0.573663 0.730503
vt 0.578624 0.728356
vt 0.577701 0.727400
vt 0.576580 0.726796
vt 0.575634 0.730124
vt 0.576269 0.729991
vt 0.575539 0.728015
vt 0.575179 0.728057
vt 0.574466 0.729460
vt 0.574598 0.729733
vt 0.576979 0.729170
vt 0.576879 0.728650
vt 0.574756 0.729902
vt 0.576520 0.728264
vt 0.574375 0.729186
vt 0.576057 0.728038
vt 0.575022 0.728121
vt 0.574866 0.728185
vt 0.574369 0.728861
vt 0.576725 0.729649
vt 0.575798 0.728026
vt 0.575005 0.730042
vt 0.576852 0.729409
vt 0.574510 0.728477
vt 0.575595 0.729072
vt 0.598009 0.742151
vt 0.592080 0.746927
vt 0.583767 0.748877
vt 0.600168 0.739063
vt 0.602327 0.735975
vt 0.572378 0.748344
vt 0.566721 0.754228
vt 0.599028 0.743033
vt 0.599294 0.743263
vt 0.593365 0.748039
vt 0.593099 0.747809
vt 0.585053 0.749989
vt 0.584787 0.749759
vt 0.601187 0.739945
vt 0.601453 0.740175
vt 0.603346 0.736857
vt 0.606052 0.732956
vt 0.606495 0.733238
vt 0.603612 0.737087
vt 0.609047 0.734958
vt 0.606671 0.739280
vt 0.613744 0.738045
vt 0.609807 0.741994
vt 0.617787 0.739589
vt 0.614173 0.744045
vt 0.619292 0.744135
vt 0.621728 0.738156
vt 0.605216 0.732423
vt 0.609015 0.735170
vt 0.608980 0.735389
vt 0.613171 0.738270
vt 0.612579 0.738503
vt 0.616365 0.740040
vt 0.614893 0.740506
vt 0.619778 0.738266
vt 0.617281 0.729920
vt 0.609826 0.732278
vt 0.612113 0.733037
vt 0.617730 0.732836
vt 0.617759 0.738380
vt 0.627105 0.728714
vt 0.627134 0.734258
vt 0.626245 0.727220
vt 0.625385 0.725727
vt 0.627324 0.735041
vt 0.640107 0.724393
vt 0.640967 0.725886
vt 0.640995 0.731431
vt 0.639020 0.722744
vt 0.627506 0.735798
vt 0.633880 0.733956
vt 0.641585 0.733265
vt 0.618985 0.747162
vt 0.601111 0.745530
vt 0.603579 0.742930
vt 0.605705 0.745686
vt 0.602928 0.747797
vt 0.577173 0.753221
vt 0.575011 0.753429
vt 0.561985 0.757768
vt 0.607631 0.743732
vt 0.613255 0.745443
vt 0.617365 0.749267
vt 0.595525 0.750101
vt 0.597686 0.752163
vt 0.589499 0.753467
vt 0.593944 0.756945
vt 0.617721 0.790426
vt 0.624568 0.794028
vt 0.624572 0.793977
vt 0.652757 0.795166
vt 0.652341 0.792349
vt 0.653471 0.788872
vt 0.655084 0.791490
vt 0.656183 0.788359
vt 0.647745 0.797182
vt 0.648369 0.792653
vt 0.649049 0.787203
vt 0.642283 0.791875
vt 0.643158 0.784567
vt 0.631612 0.790133
vt 0.626790 0.790274
vt 0.629578 0.785764
vt 0.632841 0.782890
vt 0.636626 0.780538
vt 0.628668 0.778805
vt 0.631940 0.775546
vt 0.614742 0.783096
vt 0.611307 0.786445
vt 0.604069 0.780318
vt 0.608013 0.776724
vt 0.605230 0.773178
vt 0.600891 0.776953
vt 0.597713 0.773588
vt 0.602446 0.769632
vt 0.595140 0.768345
vt 0.599863 0.764457
vt 0.593932 0.763531
vt 0.597635 0.760065
vt 0.612348 0.753752
vt 0.606435 0.758821
vt 0.603629 0.754518
vt 0.608424 0.749965
vt 0.614407 0.758524
vt 0.608760 0.763777
vt 0.616448 0.762827
vt 0.611157 0.767715
vt 0.624457 0.774513
vt 0.619857 0.778571
vt 0.613553 0.771654
vt 0.618490 0.767129
vt 0.624704 0.782808
vt 0.620397 0.787259
vt 0.629952 0.795339
vt 0.636321 0.789879
vt 0.635462 0.796649
vt 0.627988 0.771069
vt 0.622523 0.763439
vt 0.620739 0.759049
vt 0.618954 0.754658
vt 0.641240 0.797757
vt 0.592811 0.763700
vt 0.593769 0.769041
vt 0.596601 0.774748
vt 0.602581 0.781507
vt 0.599591 0.778127
vt 0.609481 0.787534
vt 0.615819 0.791919
vt 0.621684 0.795200
vt 0.627336 0.796903
vt 0.634185 0.798537
vt 0.640962 0.798865
vt 0.647849 0.797793
vt 0.591108 0.763675
vt 0.591949 0.769496
vt 0.594775 0.775580
vt 0.633484 0.800167
vt 0.627878 0.798953
vt 0.621121 0.797106
vt 0.614400 0.793745
vt 0.607690 0.789302
vt 0.600538 0.783203
vt 0.597657 0.779392
vt 0.648621 0.798444
vt 0.641327 0.800134
vt 0.658864 0.790778
vt 0.659466 0.785431
vt 0.660739 0.780560
vt 0.661151 0.785264
vt 0.657517 0.789685
vt 0.662971 0.785076
vt 0.665729 0.789669
vt 0.667417 0.795454
vt 0.664427 0.800340
vt 0.657216 0.803825
vt 0.651887 0.806539
vt 0.631124 0.806485
vt 0.642676 0.807752
vt 0.624310 0.803771
vt 0.617461 0.800754
vt 0.586622 0.764754
vt 0.586862 0.770801
vt 0.583837 0.771375
vt 0.584004 0.765174
vt 0.578905 0.759195
vt 0.575363 0.759701
vt 0.570939 0.753821
vt 0.584140 0.758448
vt 0.558952 0.763015
vt 0.561112 0.763014
vt 0.557540 0.768471
vt 0.555705 0.768078
vt 0.551392 0.772218
vt 0.569601 0.766972
vt 0.556103 0.772147
vt 0.558278 0.772267
vt 0.557868 0.775201
vt 0.555921 0.774864
vt 0.555387 0.781997
vt 0.554565 0.784770
vt 0.554464 0.781566
vt 0.555007 0.778044
vt 0.556477 0.778848
vt 0.556375 0.782931
vt 0.558576 0.782395
vt 0.559811 0.779634
vt 0.561411 0.776262
vt 0.583483 0.775417
vt 0.576542 0.771194
vt 0.571780 0.777730
vt 0.582149 0.779197
vt 0.569378 0.782285
vt 0.561050 0.783216
vt 0.578945 0.784938
vt 0.564010 0.800438
vt 0.563014 0.806601
vt 0.561252 0.800378
vt 0.568480 0.785992
vt 0.560661 0.789715
vt 0.565264 0.791418
vt 0.561211 0.795518
vt 0.564598 0.795010
vt 0.566357 0.800632
vt 0.570340 0.795216
vt 0.575176 0.790538
vt 0.587791 0.775667
vt 0.594422 0.779898
vt 0.591951 0.775908
vt 0.589488 0.779991
vt 0.592183 0.786361
vt 0.586948 0.788189
vt 0.584378 0.780087
vt 0.597609 0.794345
vt 0.591206 0.797448
vt 0.610342 0.797024
vt 0.603792 0.791349
vt 0.603857 0.802343
vt 0.597239 0.784597
vt 0.589782 0.770247
vt 0.589150 0.764348
vt 0.582325 0.758707
vt 0.584286 0.749326
vt 0.602845 0.736424
vt 0.600686 0.739512
vt 0.598528 0.742599
vt 0.592598 0.747375
vt 0.612616 0.808955
vt 0.618223 0.812327
vt 0.607600 0.817448
vt 0.611919 0.821185
vt 0.597142 0.807851
vt 0.626575 0.816736
vt 0.622027 0.826986
vt 0.638805 0.819317
vt 0.633600 0.831699
vt 0.645014 0.829419
vt 0.663105 0.836412
vt 0.646079 0.834998
vt 0.645188 0.820906
vt 0.653495 0.829142
vt 0.647456 0.817528
vt 0.653369 0.822645
vt 0.658762 0.827022
vt 0.651390 0.824636
vt 0.654898 0.820666
vt 0.649730 0.815277
vt 0.653753 0.814030
vt 0.657709 0.820152
vt 0.671030 0.802290
vt 0.664317 0.806108
vt 0.678076 0.803604
vt 0.672274 0.808126
vt 0.676958 0.798801
vt 0.682609 0.799821
vt 0.699484 0.800872
vt 0.699992 0.805001
vt 0.686864 0.805317
vt 0.689007 0.800288
vt 0.700627 0.810402
vt 0.686203 0.809596
vt 0.725337 0.794194
vt 0.730399 0.798251
vt 0.718362 0.802566
vt 0.716800 0.798236
vt 0.709534 0.803875
vt 0.709819 0.800133
vt 0.734853 0.802374
vt 0.722075 0.807684
vt 0.710687 0.809287
vt 0.722672 0.810711
vt 0.711063 0.811686
vt 0.736592 0.805843
vt 0.659675 0.809568
vt 0.737006 0.808764
vt 0.723538 0.818322
vt 0.712633 0.819413
vt 0.698138 0.818025
vt 0.667516 0.813522
vt 0.682896 0.817128
vt 0.663606 0.820706
vt 0.669591 0.822382
vt 0.675915 0.825367
vt 0.681356 0.829185
vt 0.686839 0.828818
vt 0.690252 0.829786
vt 0.691538 0.836923
vt 0.705391 0.827897
vt 0.720423 0.831571
vt 0.727978 0.826382
vt 0.739433 0.817475
vt 0.740227 0.811468
vt 0.743154 0.807307
vt 0.740779 0.804556
vt 0.739948 0.800372
vt 0.727770 0.790056
vt 0.733917 0.795425
vt 0.761577 0.796474
vt 0.751779 0.801383
vt 0.750312 0.799801
vt 0.757524 0.794949
vt 0.748042 0.797964
vt 0.754434 0.793275
vt 0.743985 0.793202
vt 0.754372 0.779854
vt 0.753999 0.775711
vt 0.763165 0.773218
vt 0.770629 0.783669
vt 0.755149 0.786755
vt 0.776066 0.795624
vt 0.768384 0.795216
vt 0.761767 0.790986
vt 0.696479 0.726748
vt 0.708004 0.731808
vt 0.706248 0.734058
vt 0.695622 0.728355
vt 0.722763 0.739231
vt 0.719965 0.741782
vt 0.735993 0.747389
vt 0.731916 0.750816
vt 0.745397 0.754420
vt 0.739890 0.758535
vt 0.749789 0.768793
vt 0.755515 0.764887
vt 0.674993 0.723049
vt 0.704115 0.738006
vt 0.715875 0.745211
vt 0.709327 0.750702
vt 0.722801 0.761713
vt 0.720276 0.764731
vt 0.706381 0.753172
vt 0.728412 0.755005
vt 0.736146 0.763798
vt 0.743383 0.773232
vt 0.744200 0.778720
vt 0.728508 0.783540
vt 0.733123 0.780341
vt 0.728633 0.787224
vt 0.694438 0.729966
vt 0.674227 0.725043
vt 0.650899 0.721284
vt 0.650190 0.723186
vt 0.663924 0.721441
vt 0.663166 0.723491
vt 0.673361 0.728660
vt 0.662075 0.726472
vt 0.649214 0.725509
vt 0.727454 0.776017
vt 0.730151 0.772226
vt 0.699162 0.747172
vt 0.700699 0.744328
vt 0.648880 0.730874
vt 0.648844 0.733107
vt 0.656024 0.731523
vt 0.655417 0.734122
vt 0.670481 0.733941
vt 0.669176 0.736190
vt 0.684961 0.741094
vt 0.686382 0.738546
vt 0.691551 0.732853
vt 0.545542 0.684544
vt 0.531831 0.694625
vt 0.521616 0.684797
vt 0.526390 0.681257
vt 0.537181 0.690659
vt 0.538595 0.689610
vt 0.527652 0.680321
vt 0.528914 0.679386
vt 0.540009 0.688562
vt 0.527776 0.697632
vt 0.517997 0.687480
vt 0.531164 0.677717
vt 0.542530 0.686692
vt 0.526547 0.698544
vt 0.517474 0.687869
vt 0.544488 0.685283
vt 0.532527 0.676673
vt 0.533628 0.675821
vt 0.486256 0.636629
vt 0.487358 0.635778
vt 0.472588 0.646798
vt 0.475346 0.644754
vt 0.471203 0.647825
vt 0.481382 0.640278
vt 0.482644 0.639343
vt 0.484894 0.637674
vt 0.480120 0.641214
vt 0.364378 0.524571
vt 0.365888 0.523417
vt 0.359441 0.528266
vt 0.362511 0.525989
vt 0.349485 0.535648
vt 0.355998 0.530819
vt 0.343834 0.539838
vt 0.345724 0.538437
vt 0.357720 0.529542
vt 0.301032 0.475856
vt 0.305110 0.472832
vt 0.287806 0.485663
vt 0.296458 0.479247
vt 0.307597 0.470953
vt 0.280299 0.491229
vt 0.282809 0.489368
vt 0.298745 0.477551
vt 0.309610 0.469426
vt 0.305722 0.470695
vt 0.308683 0.468465
vt 0.276283 0.492637
vt 0.279268 0.490423
vt 0.285212 0.486016
vt 0.298222 0.476369
vt 0.300942 0.474352
vt 0.311152 0.466713
vt 0.295502 0.478386
vt 0.302701 0.468081
vt 0.305663 0.465851
vt 0.273262 0.490022
vt 0.276247 0.487809
vt 0.282191 0.483402
vt 0.295201 0.473755
vt 0.297921 0.471738
vt 0.308131 0.464099
vt 0.292481 0.475772
vt 0.298359 0.468273
vt 0.300617 0.466564
vt 0.275809 0.484993
vt 0.278091 0.483301
vt 0.282632 0.479934
vt 0.292574 0.472562
vt 0.294652 0.471021
vt 0.302445 0.465174
vt 0.290495 0.474103
vt 0.268495 0.474997
vt 0.273037 0.471630
vt 0.282979 0.464258
vt 0.285057 0.462717
vt 0.291022 0.458260
vt 0.292849 0.456870
vt 0.288763 0.459969
vt 0.280900 0.465799
vt 0.266214 0.476689
vt 0.290874 0.455800
vt 0.292964 0.454216
vt 0.284061 0.460886
vt 0.288293 0.457748
vt 0.270338 0.471061
vt 0.279315 0.464405
vt 0.262548 0.476837
vt 0.265153 0.474906
vt 0.281688 0.462645
vt 0.280294 0.455969
vt 0.285423 0.452166
vt 0.263660 0.468303
vt 0.274542 0.460235
vt 0.287578 0.450534
vt 0.254219 0.475304
vt 0.257375 0.472963
vt 0.277418 0.458102
vt 0.290116 0.448618
vt 0.279648 0.447169
vt 0.281803 0.445536
vt 0.251378 0.468131
vt 0.254534 0.465790
vt 0.257885 0.463305
vt 0.271643 0.453104
vt 0.274519 0.450972
vt 0.284341 0.443620
vt 0.268767 0.455237
vt 0.266113 0.443646
vt 0.267715 0.442458
vt 0.246069 0.458508
vt 0.249226 0.456167
vt 0.252577 0.453683
vt 0.260076 0.448122
vt 0.262952 0.445990
vt 0.270274 0.440561
vt 0.257200 0.450255
vt 0.221416 0.436814
vt 0.224767 0.434329
vt 0.233732 0.427681
vt 0.238075 0.424461
vt 0.242838 0.420929
vt 0.245397 0.419032
vt 0.241237 0.422117
vt 0.229389 0.430901
vt 0.218259 0.439154
vt 0.220124 0.419925
vt 0.223286 0.417581
vt 0.209456 0.427836
vt 0.211438 0.426366
vt 0.224887 0.416394
vt 0.204219 0.431719
vt 0.206496 0.430031
vt 0.215781 0.423146
vt 0.226833 0.415380
vt 0.231495 0.398090
vt 0.246554 0.399614
vt 0.245889 0.406333
vt 0.230830 0.404809
vt 0.247251 0.392576
vt 0.259537 0.391895
vt 0.258840 0.398932
vt 0.274909 0.389132
vt 0.274212 0.396169
vt 0.288157 0.383626
vt 0.287460 0.390663
vt 0.219415 0.402172
vt 0.220080 0.395453
vt 0.197879 0.393265
vt 0.202369 0.388529
vt 0.304821 0.378703
vt 0.308315 0.381837
vt 0.286795 0.397382
vt 0.190215 0.389799
vt 0.193967 0.385310
vt 0.186777 0.381593
vt 0.191205 0.376627
vt 0.197897 0.380608
vt 0.301163 0.375421
vt 0.312008 0.362857
vt 0.315666 0.366139
vt 0.315891 0.349699
vt 0.319549 0.352981
vt 0.316050 0.335807
vt 0.319708 0.339089
vt 0.312140 0.320204
vt 0.315799 0.323486
vt 0.302957 0.305016
vt 0.306616 0.308297
vt 0.296752 0.298514
vt 0.310109 0.311431
vt 0.319292 0.326619
vt 0.313974 0.309798
vt 0.326331 0.325923
vt 0.258175 0.405651
vt 0.256187 0.416376
vt 0.273546 0.402888
vt 0.273747 0.413018
vt 0.292409 0.406993
vt 0.317001 0.389581
vt 0.319160 0.369273
vt 0.326196 0.375362
vt 0.323043 0.356115
vt 0.331628 0.361055
vt 0.323202 0.342222
vt 0.332275 0.343512
vt 0.213323 0.412310
vt 0.207224 0.407959
vt 0.201125 0.403608
vt 0.202835 0.375582
vt 0.197093 0.372423
vt 0.200418 0.365830
vt 0.207110 0.369811
vt 0.211060 0.377722
vt 0.216285 0.372773
vt 0.207072 0.383570
vt 0.174176 0.376681
vt 0.179803 0.370448
vt 0.153285 0.364453
vt 0.143076 0.371863
vt 0.131250 0.366028
vt 0.144355 0.357889
vt 0.136827 0.345014
vt 0.120434 0.352102
vt 0.116016 0.340562
vt 0.133175 0.335100
vt 0.131807 0.322048
vt 0.114751 0.325796
vt 0.118019 0.310238
vt 0.133592 0.308393
vt 0.137477 0.297767
vt 0.124642 0.298324
vt 0.132486 0.288685
vt 0.143128 0.289159
vt 0.146252 0.277026
vt 0.154470 0.275404
vt 0.161951 0.267561
vt 0.172503 0.263005
vt 0.163078 0.273705
vt 0.139608 0.351687
vt 0.124859 0.359301
vt 0.163485 0.371065
vt 0.156965 0.378226
vt 0.152664 0.272594
vt 0.142698 0.274952
vt 0.150377 0.270236
vt 0.160176 0.265033
vt 0.137368 0.273378
vt 0.147187 0.266343
vt 0.158741 0.260805
vt 0.171555 0.255951
vt 0.184904 0.254880
vt 0.171265 0.260297
vt 0.158080 0.349365
vt 0.155054 0.343713
vt 0.170312 0.363566
vt 0.163978 0.356691
vt 0.153995 0.337590
vt 0.151147 0.329379
vt 0.149671 0.318124
vt 0.154272 0.289656
vt 0.150920 0.297183
vt 0.149902 0.306460
vt 0.168802 0.382632
vt 0.182550 0.386334
vt 0.220777 0.388416
vt 0.232192 0.391053
vt 0.129311 0.287289
vt 0.125132 0.285497
vt 0.117670 0.295440
vt 0.121850 0.297232
vt 0.115703 0.309524
vt 0.111709 0.308385
vt 0.111690 0.325967
vt 0.108842 0.326456
vt 0.112644 0.341249
vt 0.109280 0.342549
vt 0.116772 0.353464
vt 0.112919 0.355127
vt 0.120821 0.361443
vt 0.116968 0.363105
vt 0.125670 0.369895
vt 0.122439 0.372096
vt 0.138051 0.390358
vt 0.141283 0.388158
vt 0.150514 0.396225
vt 0.147283 0.398426
vt 0.133640 0.379692
vt 0.130409 0.381892
vt 0.146511 0.405018
vt 0.143217 0.406409
vt 0.149879 0.408307
vt 0.210311 0.414472
vt 0.211913 0.413284
vt 0.208209 0.416030
vt 0.205395 0.409373
vt 0.191776 0.397640
vt 0.198877 0.405461
vt 0.203492 0.410665
vt 0.201653 0.412028
vt 0.195096 0.408027
vt 0.196672 0.406858
vt 0.193432 0.427281
vt 0.201315 0.432682
vt 0.191863 0.428543
vt 0.190325 0.423014
vt 0.184941 0.420434
vt 0.187901 0.418239
vt 0.193285 0.420819
vt 0.189883 0.416770
vt 0.195267 0.419349
vt 0.198668 0.423398
vt 0.200650 0.421928
vt 0.195708 0.425593
vt 0.185819 0.424079
vt 0.204430 0.418979
vt 0.193230 0.413039
vt 0.198830 0.416009
vt 0.184241 0.394502
vt 0.176441 0.391462
vt 0.168974 0.388274
vt 0.187589 0.402528
vt 0.179641 0.398706
vt 0.171827 0.399146
vt 0.192347 0.407933
vt 0.166092 0.403894
vt 0.165960 0.409891
vt 0.166766 0.415391
vt 0.158171 0.418740
vt 0.156421 0.412205
vt 0.169490 0.418130
vt 0.159087 0.420788
vt 0.172560 0.420513
vt 0.159292 0.423857
vt 0.182212 0.424528
vt 0.178207 0.420877
vt 0.169551 0.424588
vt 0.166543 0.428663
vt 0.159019 0.428422
vt 0.200164 0.434725
vt 0.189607 0.431108
vt 0.143766 0.450142
vt 0.148594 0.445918
vt 0.150412 0.447048
vt 0.157109 0.435390
vt 0.161696 0.436778
vt 0.152780 0.441574
vt 0.156524 0.442516
vt 0.179579 0.427848
vt 0.171481 0.431152
vt 0.181928 0.438408
vt 0.152615 0.448139
vt 0.167673 0.440114
vt 0.160339 0.445553
vt 0.171577 0.435792
vt 0.173831 0.443400
vt 0.180274 0.454706
vt 0.174619 0.454053
vt 0.171667 0.468427
vt 0.176935 0.469887
vt 0.164955 0.480354
vt 0.172124 0.478452
vt 0.163678 0.483715
vt 0.151720 0.488836
vt 0.164432 0.486264
vt 0.176931 0.480993
vt 0.188438 0.471034
vt 0.192766 0.460401
vt 0.193739 0.448829
vt 0.201820 0.445214
vt 0.196873 0.446988
vt 0.201255 0.455962
vt 0.185766 0.403936
vt 0.180077 0.402069
vt 0.188447 0.407543
vt 0.174780 0.402644
vt 0.187990 0.411490
vt 0.186229 0.414126
vt 0.184279 0.415985
vt 0.180905 0.417248
vt 0.177654 0.417344
vt 0.174733 0.417363
vt 0.172928 0.415892
vt 0.171067 0.413554
vt 0.170014 0.409460
vt 0.170664 0.405839
vt 0.172659 0.413185
vt 0.174042 0.414973
vt 0.175411 0.416084
vt 0.177712 0.416004
vt 0.184569 0.405324
vt 0.180156 0.403990
vt 0.180274 0.415855
vt 0.175965 0.404559
vt 0.182975 0.414791
vt 0.172612 0.407154
vt 0.186553 0.408088
vt 0.184576 0.413291
vt 0.171974 0.410003
vt 0.186055 0.411188
vt 0.173469 0.410097
vt 0.174095 0.412609
vt 0.175228 0.414039
vt 0.183185 0.406651
vt 0.179696 0.405523
vt 0.176330 0.414936
vt 0.176435 0.405893
vt 0.178127 0.414916
vt 0.184816 0.408858
vt 0.180126 0.414846
vt 0.184514 0.411285
vt 0.182208 0.414058
vt 0.173887 0.407870
vt 0.183417 0.412910
vt 0.181826 0.408041
vt 0.179418 0.407244
vt 0.176424 0.413082
vt 0.177190 0.413706
vt 0.177179 0.407479
vt 0.178425 0.413702
vt 0.182967 0.409571
vt 0.179799 0.413666
vt 0.182782 0.411240
vt 0.181223 0.413136
vt 0.175445 0.408826
vt 0.182043 0.412352
vt 0.175178 0.410357
vt 0.175632 0.412090
vt 0.177648 0.413087
vt 0.178604 0.413101
vt 0.182035 0.409952
vt 0.181118 0.408747
vt 0.179668 0.413092
vt 0.181927 0.411247
vt 0.180760 0.412700
vt 0.177505 0.408246
vt 0.176191 0.409269
vt 0.181379 0.412102
vt 0.176017 0.410455
vt 0.176406 0.411809
vt 0.177041 0.412591
vt 0.179234 0.408094
vt 0.179305 0.412024
vt 0.179830 0.411836
vt 0.178262 0.409693
vt 0.177631 0.410184
vt 0.180127 0.411549
vt 0.177548 0.410755
vt 0.180390 0.411138
vt 0.177736 0.411406
vt 0.178042 0.411782
vt 0.179999 0.409936
vt 0.179093 0.409621
vt 0.178333 0.412021
vt 0.178794 0.412029
vt 0.180441 0.410515
vt 0.179020 0.410859
vt 0.204924 0.353915
vt 0.189584 0.356346
vt 0.181459 0.345625
vt 0.192781 0.345101
vt 0.207381 0.361171
vt 0.195290 0.361194
vt 0.223284 0.371628
vt 0.211971 0.364066
vt 0.215646 0.359913
vt 0.233853 0.370692
vt 0.179767 0.333554
vt 0.183935 0.334172
vt 0.186250 0.322470
vt 0.182748 0.322428
vt 0.188752 0.313567
vt 0.192253 0.313609
vt 0.199589 0.304017
vt 0.200189 0.306145
vt 0.218729 0.297796
vt 0.193834 0.323394
vt 0.194230 0.333688
vt 0.197029 0.315552
vt 0.202883 0.307523
vt 0.200270 0.342059
vt 0.210607 0.348909
vt 0.214531 0.350996
vt 0.241951 0.369916
vt 0.227468 0.361777
vt 0.242137 0.362280
vt 0.251978 0.367127
vt 0.222070 0.352770
vt 0.231882 0.355143
vt 0.231691 0.351835
vt 0.219325 0.345716
vt 0.234167 0.328703
vt 0.240662 0.330989
vt 0.245533 0.335266
vt 0.242654 0.356293
vt 0.255444 0.353377
vt 0.258367 0.358097
vt 0.261748 0.361597
vt 0.266040 0.348090
vt 0.267578 0.350983
vt 0.270354 0.353645
vt 0.271402 0.341259
vt 0.272869 0.343776
vt 0.274827 0.346045
vt 0.275255 0.334976
vt 0.276125 0.336222
vt 0.277337 0.337846
vt 0.277213 0.330450
vt 0.251133 0.333827
vt 0.244257 0.325588
vt 0.255889 0.330871
vt 0.234258 0.321973
vt 0.237847 0.320561
vt 0.240977 0.320323
vt 0.244548 0.316604
vt 0.251649 0.319820
vt 0.258033 0.324713
vt 0.269198 0.288273
vt 0.276464 0.292106
vt 0.274744 0.293393
vt 0.268338 0.290028
vt 0.281678 0.302576
vt 0.281166 0.309172
vt 0.278823 0.308456
vt 0.279305 0.302628
vt 0.277484 0.316691
vt 0.275800 0.315340
vt 0.279641 0.296918
vt 0.277531 0.297635
vt 0.267077 0.321683
vt 0.266311 0.319550
vt 0.260020 0.287762
vt 0.260226 0.289603
vt 0.251626 0.289763
vt 0.252797 0.291395
vt 0.245734 0.294191
vt 0.247569 0.295324
vt 0.241152 0.311537
vt 0.240631 0.305291
vt 0.243007 0.305146
vt 0.243440 0.310662
vt 0.241590 0.299018
vt 0.243884 0.299600
vt 0.246418 0.315128
vt 0.259786 0.321325
vt 0.259867 0.319255
vt 0.252668 0.318061
vt 0.250232 0.297125
vt 0.247414 0.300449
vt 0.260294 0.316091
vt 0.265356 0.316394
vt 0.274984 0.307802
vt 0.275263 0.303221
vt 0.271525 0.295904
vt 0.266440 0.293186
vt 0.249669 0.312696
vt 0.254624 0.315073
vt 0.273785 0.299273
vt 0.272193 0.312721
vt 0.260068 0.292762
vt 0.254268 0.294090
vt 0.246820 0.304803
vt 0.247255 0.309149
vt 0.255655 0.296284
vt 0.252451 0.298692
vt 0.260246 0.295218
vt 0.250207 0.301327
vt 0.249719 0.304769
vt 0.250043 0.308201
vt 0.251936 0.310996
vt 0.272213 0.303438
vt 0.271062 0.300322
vt 0.255842 0.312860
vt 0.260321 0.313648
vt 0.264322 0.313873
vt 0.271973 0.307058
vt 0.269877 0.311067
vt 0.269290 0.297667
vt 0.265282 0.295534
vt 0.269046 0.301181
vt 0.267575 0.299009
vt 0.264297 0.297243
vt 0.260208 0.296943
vt 0.253929 0.299703
vt 0.252144 0.301826
vt 0.256498 0.297772
vt 0.251792 0.304619
vt 0.252099 0.307410
vt 0.253670 0.309698
vt 0.270019 0.303722
vt 0.256863 0.311245
vt 0.260505 0.311922
vt 0.263753 0.312138
vt 0.268234 0.309913
vt 0.269871 0.306662
vt 0.257405 0.299026
vt 0.255228 0.300661
vt 0.260495 0.298278
vt 0.253694 0.302441
vt 0.253325 0.304746
vt 0.253502 0.307039
vt 0.254738 0.308895
vt 0.268420 0.303685
vt 0.267685 0.301610
vt 0.257335 0.310112
vt 0.260328 0.310605
vt 0.263007 0.310725
vt 0.266645 0.308703
vt 0.268216 0.306109
vt 0.266529 0.299848
vt 0.263867 0.298451
vt 0.262738 0.305853
vt 0.263389 0.304754
vt 0.263472 0.303128
vt 0.263150 0.302529
vt 0.262242 0.302125
vt 0.260992 0.302197
vt 0.258873 0.303281
vt 0.258187 0.303995
vt 0.259789 0.302595
vt 0.257905 0.304854
vt 0.257827 0.305687
vt 0.258173 0.306317
vt 0.263617 0.303858
vt 0.259068 0.306658
vt 0.260156 0.306718
vt 0.261151 0.306655
vt 0.260809 0.304498
s 0
usemtl Material.001
f 142/1/1 128/2/1 130/3/1 141/4/1
f 143/5/2 126/6/2 128/2/2 142/1/2
f 888/7/3 884/8/3 126/6/3 143/5/3
f 615/9/4 612/10/4 127/11/4 144/12/4
f 616/13/5 613/14/5 134/15/5 150/16/5
f 889/17/6 886/18/6 133/19/6 149/20/6
f 149/20/7 133/19/7 132/21/7 148/22/7
f 148/22/8 132/21/8 131/23/8 152/24/8
f 147/25/9 152/24/9 131/23/9 84/26/9
f 84/26/10 131/23/10 85/27/10
f 146/28/11 116/29/11 135/30/11 151/31/11
f 613/14/4 614/32/4 139/33/4 134/15/4
f 886/18/3 887/34/3 138/35/3 133/19/3
f 133/19/2 138/35/2 137/36/2 132/21/2
f 132/21/1 137/36/1 136/37/1 131/23/1
f 116/29/12 118/38/12 140/39/12 135/30/12
f 131/23/13 136/37/13 85/27/13
f 614/32/4 615/9/4 144/12/4 139/33/4
f 887/34/3 888/7/3 143/5/3 138/35/3
f 138/35/2 143/5/2 142/1/2 137/36/2
f 137/36/1 142/1/1 141/4/1 136/37/1
f 78/40/14 85/27/14 136/37/14 141/4/14
f 78/40/15 141/4/15 83/41/15
f 83/41/16 141/4/16 82/42/16
f 81/43/17 82/42/17 141/4/17 130/3/17
f 145/44/18 140/39/18 115/45/18
f 118/38/19 115/45/19 140/39/19
f 115/45/20 117/46/20 145/44/20
f 117/46/21 112/47/21 145/44/21
f 114/48/22 129/49/22 112/47/22
f 145/44/23 112/47/23 129/49/23
f 119/50/24 146/28/24 151/31/24 124/51/24
f 120/52/25 125/53/25 152/24/25 147/25/25
f 123/54/26 148/22/26 152/24/26 125/53/26
f 121/55/27 149/20/27 148/22/27 123/54/27
f 883/56/28 889/17/28 149/20/28 121/55/28
f 611/57/29 616/13/29 150/16/29 122/58/29
f 114/48/30 113/59/30 129/49/30
f 81/43/31 130/3/31 80/60/31
f 612/10/32 617/61/32 154/62/32 127/11/32
f 126/6/2 153/63/2 155/64/2 128/2/2
f 884/8/3 885/65/3 153/63/3 126/6/3
f 128/2/33 155/64/33 157/66/33 130/3/33
f 130/3/34 157/66/34 80/60/34
f 127/11/3 154/62/3 164/67/3 159/68/3
f 122/58/35 150/16/35 163/69/35 158/70/35
f 139/33/3 144/12/3 162/71/3 161/72/3
f 134/15/3 139/33/3 161/72/3 160/73/3
f 150/16/36 134/15/36 160/73/36 163/69/36
f 144/12/3 127/11/3 159/68/3 162/71/3
f 129/49/37 113/59/37 156/74/37
f 157/66/38 174/75/38 208/76/38 80/60/38
f 113/59/39 77/77/39 156/74/39
f 77/77/40 111/78/40 156/74/40
f 111/78/41 91/79/41 175/80/41
f 156/74/42 111/78/42 175/80/42 177/81/42
f 178/82/43 177/81/43 175/80/43 176/83/43
f 166/84/44 156/74/44 177/81/44 178/82/44
f 165/85/45 166/84/45 178/82/45 179/86/45
f 176/83/46 180/87/46 179/86/46 178/82/46
f 91/79/47 110/88/47 175/80/47
f 110/88/48 90/89/48 175/80/48
f 195/90/49 182/91/49 183/92/49 194/93/49
f 196/94/50 88/95/50 182/91/50 195/90/50
f 90/89/51 89/96/51 175/80/51
f 193/97/52 181/98/52 88/95/52 196/94/52
f 88/95/53 185/99/53 182/91/53
f 185/99/54 184/100/54 182/91/54
f 184/100/55 87/101/55 182/91/55
f 109/102/56 182/91/56 87/101/56
f 109/102/57 86/103/57 182/91/57
f 182/91/58 86/103/58 183/92/58
f 86/103/59 107/104/59 183/92/59
f 107/104/60 106/105/60 183/92/60
f 194/93/61 197/106/61 189/107/61 180/87/61
f 180/87/62 189/107/62 188/108/62 179/86/62
f 179/86/63 188/108/63 187/109/63 165/85/63
f 167/110/64 165/85/64 187/109/64
f 186/111/65 92/112/65 191/113/65
f 106/105/66 186/111/66 191/113/66
f 191/113/67 190/114/67 106/105/67
f 106/105/68 190/114/68 183/92/68
f 92/112/69 105/115/69 191/113/69
f 105/115/70 192/116/70 191/113/70
f 191/113/71 192/116/71 190/114/71
f 192/116/72 93/117/72 190/114/72
f 183/92/73 190/114/73 197/106/73 194/93/73
f 89/96/74 193/97/74 196/94/74 175/80/74
f 175/80/75 196/94/75 195/90/75 176/83/75
f 176/83/76 195/90/76 194/93/76 180/87/76
f 190/114/77 93/117/77 197/106/77
f 93/117/78 104/118/78 197/106/78
f 104/118/79 98/119/79 198/120/79
f 98/119/80 103/121/80 198/120/80
f 104/118/81 198/120/81 197/106/81
f 198/120/82 199/122/82 197/106/82
f 103/121/83 99/123/83 198/120/83
f 198/120/84 99/123/84 199/122/84
f 197/106/85 199/122/85 189/107/85
f 99/123/86 100/124/86 199/122/86
f 100/124/87 97/125/87 199/122/87
f 97/125/88 102/126/88 189/107/88 199/122/88
f 102/126/89 101/127/89 189/107/89
f 101/127/90 94/128/90 189/107/90
f 189/107/91 94/128/91 188/108/91
f 200/129/92 188/108/92 94/128/92 95/130/92
f 188/108/93 200/129/93 300/131/93 187/109/93
f 201/132/94 200/129/94 95/130/94 53/133/94
f 301/134/95 300/131/95 200/129/95 201/132/95
f 187/109/96 202/135/96 167/110/96
f 338/136/97 167/110/97 202/135/97 339/137/97
f 228/138/98 229/139/98 207/140/98 173/141/98
f 168/142/99 204/143/99 206/144/99 171/145/99
f 171/145/100 206/144/100 205/146/100 170/147/100
f 168/142/101 169/148/101 203/149/101 204/143/101
f 174/75/102 172/150/102 209/151/102 208/76/102
f 172/150/103 173/141/103 207/140/103 209/151/103
f 171/145/104 222/152/104 219/153/104 168/142/104
f 167/110/105 218/154/105 216/155/105 165/85/105
f 617/61/106 618/156/106 211/157/106 154/62/106
f 154/62/107 211/157/107 215/158/107 164/67/107
f 172/150/108 223/159/108 224/160/108 173/141/108
f 165/85/109 216/155/109 217/161/109 166/84/109
f 153/63/110 210/162/110 212/163/110 155/64/110
f 228/138/111 230/164/111 221/165/111 170/147/111
f 166/84/112 217/161/112 213/166/112 156/74/112
f 155/64/113 212/163/113 214/167/113 157/66/113
f 174/75/114 225/168/114 223/159/114 172/150/114
f 157/66/115 214/167/115 225/168/115 174/75/115
f 168/142/116 219/153/116 220/169/116 169/148/116
f 338/136/117 340/170/117 218/154/117 167/110/117
f 170/147/118 221/165/118 222/152/118 171/145/118
f 885/65/119 890/171/119 210/162/119 153/63/119
f 80/60/120 208/76/120 209/151/120 226/172/120
f 209/151/121 207/140/121 79/173/121 226/172/121
f 227/174/122 229/139/122 205/146/122 73/175/122
f 79/173/123 207/140/123 229/139/123 227/174/123
f 173/141/124 224/160/124 230/164/124 228/138/124
f 170/147/125 205/146/125 229/139/125 228/138/125
f 212/163/126 233/176/126 235/177/126 214/167/126
f 222/152/127 243/178/127 240/179/127 219/153/127
f 211/157/128 232/180/128 236/181/128 215/158/128
f 223/159/129 244/182/129 245/183/129 224/160/129
f 218/154/130 239/184/130 237/185/130 216/155/130
f 224/160/131 245/183/131 247/186/131 230/164/131
f 216/155/132 237/185/132 238/187/132 217/161/132
f 225/168/133 246/188/133 244/182/133 223/159/133
f 217/161/134 238/187/134 234/189/134 213/166/134
f 890/171/135 891/190/135 231/191/135 210/162/135
f 214/167/136 235/177/136 246/188/136 225/168/136
f 219/153/137 240/179/137 241/192/137 220/169/137
f 618/156/138 619/193/138 232/180/138 211/157/138
f 340/170/139 341/194/139 239/184/139 218/154/139
f 230/164/140 247/186/140 242/195/140 221/165/140
f 210/162/141 231/191/141 233/176/141 212/163/141
f 221/165/142 242/195/142 243/178/142 222/152/142
f 244/182/143 261/196/143 262/197/143 245/183/143
f 239/184/144 256/198/144 254/199/144 237/185/144
f 245/183/145 262/197/145 264/200/145 247/186/145
f 237/185/146 254/199/146 255/201/146 238/187/146
f 246/188/147 263/202/147 261/196/147 244/182/147
f 238/187/148 255/201/148 251/203/148 234/189/148
f 891/190/149 892/204/149 248/205/149 231/191/149
f 235/177/150 252/206/150 263/202/150 246/188/150
f 240/179/151 257/207/151 258/208/151 241/192/151
f 619/193/152 620/209/152 249/210/152 232/180/152
f 247/186/153 264/200/153 259/211/153 242/195/153
f 341/194/154 342/212/154 256/198/154 239/184/154
f 231/191/155 248/205/155 250/213/155 233/176/155
f 242/195/156 259/211/156 260/214/156 243/178/156
f 233/176/157 250/213/157 252/206/157 235/177/157
f 243/178/158 260/214/158 257/207/158 240/179/158
f 232/180/159 249/210/159 253/215/159 236/181/159
f 892/204/160 893/216/160 265/217/160 248/205/160
f 252/206/161 269/218/161 280/219/161 263/202/161
f 257/207/162 274/220/162 275/221/162 258/208/162
f 620/209/163 621/222/163 266/223/163 249/210/163
f 264/200/164 281/224/164 276/225/164 259/211/164
f 342/212/165 343/226/165 273/227/165 256/198/165
f 248/205/166 265/217/166 267/228/166 250/213/166
f 259/211/167 276/225/167 277/229/167 260/214/167
f 250/213/168 267/228/168 269/218/168 252/206/168
f 260/214/169 277/229/169 274/220/169 257/207/169
f 249/210/170 266/223/170 270/230/170 253/215/170
f 261/196/171 278/231/171 279/232/171 262/197/171
f 256/198/172 273/227/172 271/233/172 254/199/172
f 262/197/173 279/232/173 281/224/173 264/200/173
f 254/199/174 271/233/174 272/234/174 255/201/174
f 263/202/175 280/219/175 278/231/175 261/196/175
f 255/201/176 272/234/176 268/235/176 251/203/176
f 277/229/177 294/236/177 291/237/177 274/220/177
f 266/223/178 283/238/178 287/239/178 270/230/178
f 278/231/179 295/240/179 296/241/179 279/232/179
f 273/227/180 290/242/180 288/243/180 271/233/180
f 279/232/181 296/241/181 298/244/181 281/224/181
f 271/233/182 288/243/182 289/245/182 272/234/182
f 280/219/183 297/246/183 295/240/183 278/231/183
f 272/234/184 289/245/184 285/247/184 268/235/184
f 893/216/185 894/248/185 282/249/185 265/217/185
f 269/218/186 286/250/186 297/246/186 280/219/186
f 274/220/187 291/237/187 292/251/187 275/221/187
f 621/222/188 622/252/188 283/238/188 266/223/188
f 281/224/189 298/244/189 293/253/189 276/225/189
f 343/226/190 344/254/190 290/242/190 273/227/190
f 265/217/191 282/249/191 284/255/191 267/228/191
f 276/225/192 293/253/192 294/236/192 277/229/192
f 267/228/193 284/255/193 286/250/193 269/218/193
f 299/256/194 290/242/194 344/254/194 292/251/194
f 291/237/194 299/256/194 292/251/194
f 294/236/194 299/256/194 291/237/194
f 293/253/194 299/256/194 294/236/194
f 298/244/194 299/256/194 293/253/194
f 296/241/194 299/256/194 298/244/194
f 295/240/194 299/256/194 296/241/194
f 295/240/194 297/246/194 299/256/194
f 299/256/194 289/245/194 288/243/194
f 290/242/194 299/256/194 288/243/194
f 289/245/194 299/256/194 285/247/194
f 283/238/194 622/252/194 285/247/194 299/256/194
f 287/239/194 283/238/194 299/256/194
f 282/249/194 894/248/194 287/239/194 299/256/194
f 284/255/194 282/249/194 299/256/194
f 286/250/194 284/255/194 299/256/194
f 297/246/194 286/250/194 299/256/194
f 202/135/195 187/109/195 300/131/195 301/134/195
f 203/149/196 303/257/196 304/258/196 204/143/196
f 204/143/194 304/258/194 305/259/194 206/144/194
f 339/137/194 345/260/194 303/257/194 203/149/194
f 202/135/197 301/134/197 302/261/197
f 205/146/198 307/262/198 306/263/198 73/175/198
f 205/146/194 206/144/194 305/259/194 307/262/194
f 307/262/199 305/259/199 306/263/199
f 471/264/200 313/265/200 314/266/200 470/267/200
f 470/267/194 314/266/194 315/268/194 472/269/194
f 474/270/201 346/271/201 313/265/201 471/264/201
f 473/272/202 469/273/202 311/274/202 312/275/202
f 310/276/203 316/277/203 312/275/203 311/274/203
f 309/278/204 317/279/204 316/277/204 310/276/204
f 308/280/205 318/281/205 317/279/205 309/278/205
f 19/282/206 318/281/206 308/280/206 41/283/206
f 486/274/207 497/284/207 301/134/207 319/274/207
f 487/285/208 486/274/208 319/274/208 320/286/208
f 488/287/209 487/285/209 320/286/209 321/288/209
f 489/289/210 488/287/210 321/288/210 322/290/210
f 490/291/211 41/283/211 308/280/211 489/289/211
f 301/134/212 201/132/212 319/274/212
f 53/133/213 324/292/213 325/293/213 201/132/213
f 319/274/214 201/132/214 325/293/214
f 320/286/215 319/274/215 325/293/215
f 327/294/216 320/286/216 325/293/216
f 326/295/217 327/294/217 324/292/217
f 324/292/218 327/294/218 325/293/218
f 320/286/219 327/294/219 321/288/219
f 322/290/220 321/288/220 327/294/220
f 322/290/221 326/295/221 323/296/221
f 327/294/222 326/295/222 322/290/222
f 326/295/223 329/297/223 328/298/223 323/296/223
f 326/295/224 324/292/224 330/299/224 329/297/224
f 96/300/225 330/299/225 324/292/225 53/133/225
f 491/301/226 490/291/226 323/296/226 328/298/226
f 329/297/227 330/299/227 334/302/227 333/303/227
f 329/297/228 333/303/228 332/304/228 328/298/228
f 330/299/229 96/300/229 335/305/229 334/302/229
f 331/306/230 491/301/230 328/298/230 27/307/230
f 328/298/231 332/304/231 27/307/231
f 27/307/232 332/304/232 336/308/232
f 19/282/233 337/309/233 318/281/233
f 473/272/234 312/275/234 346/271/234 474/270/234
f 202/135/194 302/261/194 345/260/194 339/137/194
f 275/221/235 292/251/235 344/254/235 343/226/235
f 258/208/236 275/221/236 343/226/236 342/212/236
f 241/192/237 258/208/237 342/212/237 341/194/237
f 220/169/238 241/192/238 341/194/238 340/170/238
f 169/148/239 220/169/239 340/170/239 338/136/239
f 169/148/240 338/136/240 339/137/240 203/149/240
f 436/310/241 435/311/241 347/312/241 348/313/241
f 316/277/242 346/271/242 312/275/242
f 317/279/243 346/271/243 316/277/243
f 472/269/244 315/268/244 432/314/244 477/315/244
f 73/175/245 306/263/245 76/316/245
f 347/312/246 435/311/246 346/271/246 349/317/246
f 346/271/247 317/279/247 349/317/247
f 318/281/248 349/317/248 317/279/248
f 349/317/249 318/281/249 351/318/249
f 350/319/250 351/318/250 318/281/250 337/309/250
f 437/320/251 436/310/251 348/313/251 352/321/251
f 438/322/252 437/320/252 352/321/252 354/323/252
f 363/324/253 366/325/253 362/326/253
f 360/327/254 373/328/254 40/329/254 359/330/254
f 34/331/255 359/330/255 40/329/255
f 373/328/256 360/327/256 358/332/256 374/333/256
f 10/334/257 374/333/257 391/335/257 390/336/257
f 389/337/258 380/338/258 367/339/258 383/340/258
f 11/341/259 383/340/259 405/342/259 402/343/259
f 381/344/260 357/345/260 364/346/260 376/347/260
f 464/348/261 462/349/261 355/350/261 377/351/261
f 377/351/262 355/350/262 356/352/262 378/353/262
f 378/353/263 356/352/263 353/354/263 379/355/263
f 387/356/264 371/357/264 372/358/264 388/359/264
f 386/360/265 370/361/265 371/357/265 387/356/265
f 465/362/266 463/363/266 370/361/266 386/360/266
f 384/364/267 368/365/267 369/366/267 385/367/267
f 405/342/268 403/368/268 368/365/268 384/364/268
f 371/357/269 378/353/269 379/355/269 372/358/269
f 370/361/270 377/351/270 378/353/270 371/357/270
f 463/363/271 464/348/271 377/351/271 370/361/271
f 368/365/272 381/344/272 376/347/272 369/366/272
f 403/368/273 404/369/273 381/344/273 368/365/273
f 382/370/274 366/325/274 380/338/274 389/337/274
f 390/336/275 391/335/275 375/371/275 11/341/275
f 40/329/276 373/328/276 374/333/276 10/334/276
f 365/372/277 382/370/277 389/337/277 375/371/277
f 402/343/278 405/342/278 384/364/278 23/373/278
f 23/373/279 384/364/279 385/367/279 25/374/279
f 461/375/280 465/362/280 386/360/280 21/376/280
f 21/376/281 386/360/281 387/356/281 350/319/281
f 350/319/282 387/356/282 388/359/282 351/318/282
f 375/371/283 389/337/283 383/340/283 11/341/283
f 362/326/284 366/325/284 382/370/284
f 347/312/285 349/317/285 351/318/285 388/359/285
f 348/313/286 347/312/286 388/359/286
f 388/359/287 372/358/287 348/313/287
f 348/313/288 372/358/288 352/321/288
f 372/358/289 379/355/289 352/321/289
f 354/323/290 352/321/290 379/355/290 353/354/290
f 361/377/291 365/372/291 375/371/291 391/335/291
f 358/332/292 361/377/292 391/335/292 374/333/292
f 354/323/293 353/354/293 401/378/293
f 401/378/294 353/354/294 356/352/294 400/379/294
f 356/352/295 355/350/295 399/380/295 400/379/295
f 462/349/296 364/346/296 398/381/296 466/382/296
f 364/346/297 357/345/297 397/383/297 398/381/297
f 367/339/298 380/338/298 404/369/298 403/368/298
f 383/340/299 367/339/299 403/368/299 405/342/299
f 366/325/300 363/324/300 404/369/300 380/338/300
f 363/324/301 357/345/301 381/344/301 404/369/301
f 357/345/302 363/324/302 406/384/302 397/383/302
f 363/324/303 366/325/303 396/385/303 406/384/303
f 396/385/304 366/325/304 395/386/304
f 382/370/305 395/386/305 366/325/305
f 382/370/306 365/372/306 394/387/306 395/386/306
f 365/372/307 361/377/307 393/388/307 394/387/307
f 361/377/308 358/332/308 392/389/308 393/388/308
f 358/332/309 360/327/309 392/389/309
f 354/323/310 401/378/310 407/390/310
f 408/391/311 407/390/311 401/378/311 400/379/311
f 409/392/312 408/391/312 400/379/312 399/380/312
f 415/393/313 414/394/313 395/386/313 394/387/313
f 395/386/314 414/394/314 413/395/314 396/385/314
f 396/385/315 413/395/315 412/396/315 406/384/315
f 406/384/316 412/396/316 411/397/316 397/383/316
f 397/383/317 411/397/317 410/398/317 398/381/317
f 466/382/318 467/399/318 409/392/318 399/380/318
f 360/327/319 417/400/319 392/389/319
f 392/389/320 417/400/320 416/401/320 393/388/320
f 393/388/321 416/401/321 415/393/321 394/387/321
f 359/330/322 418/402/322 360/327/322
f 8/403/323 12/404/323 419/405/323
f 359/330/324 34/331/324 420/406/324
f 418/402/325 359/330/325 420/406/325
f 34/331/326 8/403/326 419/405/326 420/406/326
f 419/405/327 418/402/327 420/406/327
f 419/405/328 12/404/328 421/407/328
f 418/402/329 419/405/329 421/407/329 422/408/329
f 422/408/330 6/409/330 418/402/330
f 423/410/331 360/327/331 418/402/331 6/409/331
f 417/400/332 360/327/332 425/411/332 424/412/332
f 423/410/333 425/411/333 360/327/333
f 427/413/334 415/393/334 416/401/334 426/414/334
f 416/401/335 417/400/335 424/412/335 426/414/335
f 428/415/336 414/394/336 415/393/336 427/413/336
f 429/416/337 413/395/337 414/394/337 428/415/337
f 501/417/338 492/418/338 431/419/338 430/420/338
f 493/421/339 439/422/339 306/263/339 502/423/339
f 440/424/340 438/322/340 354/323/340 407/390/340
f 74/425/341 76/316/341 306/263/341 434/426/341
f 433/427/342 75/428/342 74/425/342 434/426/342
f 75/428/343 433/427/343 72/429/343
f 432/314/344 315/268/344 438/322/344 440/424/344
f 501/417/345 430/420/345 439/422/345 493/421/345
f 315/268/346 314/266/346 437/320/346 438/322/346
f 314/266/347 313/265/347 436/310/347 437/320/347
f 313/265/348 346/271/348 435/311/348 436/310/348
f 434/426/349 306/263/349 439/422/349 441/430/349
f 72/429/350 433/427/350 70/431/350
f 433/427/351 445/432/351 70/431/351
f 446/433/352 442/434/352 70/431/352 445/432/352
f 439/422/353 430/420/353 431/419/353 441/430/353
f 433/427/354 434/426/354 441/430/354 445/432/354
f 448/435/355 68/436/355 443/437/355
f 443/437/356 71/438/356 447/439/356 448/435/356
f 71/438/357 442/434/357 446/433/357 447/439/357
f 68/436/358 448/435/358 444/440/358
f 444/440/359 448/435/359 447/439/359 69/441/359
f 447/439/360 449/442/360 69/441/360
f 446/433/361 450/443/361 449/442/361 447/439/361
f 446/433/362 445/432/362 450/443/362
f 441/430/363 450/443/363 445/432/363
f 431/419/364 58/444/364 453/445/364 441/430/364
f 454/446/365 453/445/365 58/444/365 451/447/365
f 454/446/366 455/448/366 449/442/366 450/443/366
f 69/441/367 449/442/367 65/449/367
f 451/447/368 61/450/368 455/448/368 454/446/368
f 450/443/369 441/430/369 453/445/369 454/446/369
f 459/451/370 60/452/370 460/453/370
f 455/448/371 456/454/371 65/449/371 449/442/371
f 67/455/372 65/449/372 456/454/372 457/456/372
f 66/457/373 67/455/373 457/456/373 458/458/373
f 460/453/374 66/457/374 458/458/374 459/451/374
f 60/452/375 459/451/375 64/459/375
f 64/459/376 459/451/376 458/458/376 62/460/376
f 62/460/377 458/458/377 457/456/377 63/461/377
f 457/456/378 456/454/378 63/461/378
f 63/461/379 456/454/379 455/448/379 61/450/379
f 492/418/380 494/462/380 58/444/380 431/419/380
f 398/381/381 410/398/381 467/399/381 466/382/381
f 355/350/382 462/349/382 466/382/382 399/380/382
f 25/374/383 385/367/383 465/362/383 461/375/383
f 369/366/384 376/347/384 464/348/384 463/363/384
f 385/367/385 369/366/385 463/363/385 465/362/385
f 376/347/386 364/346/386 462/349/386 464/348/386
f 480/463/387 479/464/387 409/392/387 467/399/387
f 503/465/388 495/466/388 468/467/388 452/468/388
f 495/466/389 496/469/389 59/470/389 468/467/389
f 483/471/390 482/472/390 411/397/390 412/396/390
f 504/473/391 496/469/391 482/472/391 483/471/391
f 410/398/392 411/397/392 482/472/392 481/474/392
f 467/399/393 410/398/393 481/474/393 480/463/393
f 503/465/394 494/462/394 479/464/394 480/463/394
f 408/391/395 409/392/395 479/464/395 476/475/395
f 407/390/396 475/476/396 478/477/396 440/424/396
f 440/424/397 478/477/397 477/315/397 432/314/397
f 407/390/398 408/391/398 476/475/398 475/476/398
f 499/478/244 472/269/244 477/315/244 502/423/244
f 485/479/399 473/272/399 474/270/399 500/480/399
f 485/479/400 497/284/400 469/273/400 473/272/400
f 500/480/401 474/270/401 471/264/401 484/481/401
f 498/482/194 470/267/194 472/269/194 499/478/194
f 484/481/402 471/264/402 470/267/402 498/482/402
f 412/396/403 413/395/403 429/416/403 483/471/403
f 504/473/404 483/471/404 429/416/404 505/483/404
f 505/483/405 429/416/405 428/415/405 506/484/405
f 36/485/406 505/483/406 506/484/406 32/486/406
f 38/487/407 504/473/407 505/483/407 36/485/407
f 303/257/408 484/481/408 498/482/408 304/258/408
f 304/258/194 498/482/194 499/478/194 305/259/194
f 345/260/409 500/480/409 484/481/409 303/257/409
f 302/261/410 301/134/410 497/284/410 485/479/410
f 302/261/411 485/479/411 500/480/411 345/260/411
f 305/259/244 499/478/244 502/423/244 306/263/244
f 452/468/412 58/444/412 494/462/412 503/465/412
f 38/487/413 59/470/413 496/469/413 504/473/413
f 481/474/414 482/472/414 496/469/414 495/466/414
f 480/463/415 481/474/415 495/466/415 503/465/415
f 476/475/416 479/464/416 494/462/416 492/418/416
f 475/476/417 501/417/417 493/421/417 478/477/417
f 478/477/418 493/421/418 502/423/418 477/315/418
f 475/476/419 476/475/419 492/418/419 501/417/419
f 331/306/420 41/283/420 490/291/420 491/301/420
f 323/296/421 490/291/421 489/289/421 322/290/421
f 308/280/422 309/278/422 488/287/422 489/289/422
f 309/278/423 310/276/423 487/285/423 488/287/423
f 310/276/424 311/274/424 486/274/424 487/285/424
f 311/274/207 469/273/207 497/284/207 486/274/207
f 427/413/425 507/488/425 506/484/425 428/415/425
f 26/489/426 32/486/426 506/484/426 507/488/426
f 508/490/427 507/488/427 427/413/427 426/414/427
f 28/491/428 26/489/428 507/488/428 508/490/428
f 510/492/429 30/493/429 509/494/429
f 28/491/430 510/492/430 509/494/430
f 508/490/431 510/492/431 28/491/431
f 508/490/432 24/495/432 510/492/432
f 30/493/433 510/492/433 22/496/433
f 22/496/434 510/492/434 24/495/434
f 508/490/435 511/497/435 24/495/435
f 512/498/436 20/499/436 17/500/436
f 20/499/437 512/498/437 16/501/437
f 17/500/438 24/495/438 511/497/438 512/498/438
f 16/501/439 512/498/439 511/497/439 18/502/439
f 508/490/440 426/414/440 511/497/440
f 426/414/441 424/412/441 18/502/441 511/497/441
f 514/503/442 513/504/442 16/501/442 18/502/442
f 18/502/443 424/412/443 514/503/443
f 424/412/444 425/411/444 514/503/444
f 518/505/445 517/506/445 425/411/445 423/410/445
f 516/507/446 515/508/446 517/506/446 518/505/446
f 7/509/447 518/505/447 423/410/447 6/409/447
f 516/507/448 518/505/448 7/509/448 519/510/448
f 3/511/449 521/512/449 520/513/449 9/514/449
f 9/514/450 520/513/450 516/507/450 519/510/450
f 521/512/451 523/515/451 522/516/451 520/513/451
f 515/508/452 516/507/452 520/513/452 522/516/452
f 4/517/453 525/518/453 524/519/453 526/520/453
f 524/519/454 527/521/454 5/522/454 526/520/454
f 5/522/455 527/521/455 521/512/455 3/511/455
f 525/518/456 530/523/456 529/524/456 524/519/456
f 524/519/457 529/524/457 528/525/457 527/521/457
f 523/515/458 521/512/458 527/521/458 528/525/458
f 529/524/459 531/526/459 528/525/459
f 528/525/460 532/527/460 523/515/460
f 531/526/461 532/527/461 528/525/461
f 530/523/462 533/528/462 531/526/462 529/524/462
f 517/506/463 534/529/463 425/411/463
f 514/503/464 425/411/464 534/529/464
f 514/503/465 534/529/465 513/504/465
f 533/528/466 539/530/466 538/531/466 531/526/466
f 531/526/467 538/531/467 537/532/467 532/527/467
f 532/527/468 537/532/468 536/533/468 523/515/468
f 515/508/469 535/534/469 534/529/469 517/506/469
f 522/516/470 540/535/470 535/534/470 515/508/470
f 523/515/471 536/533/471 540/535/471 522/516/471
f 513/504/472 534/529/472 535/534/472 541/536/472
f 541/536/473 535/534/473 15/537/473
f 535/534/474 540/535/474 15/537/474
f 15/537/475 540/535/475 542/538/475
f 540/535/476 543/539/476 542/538/476
f 536/533/477 545/540/477 543/539/477 540/535/477
f 13/541/478 14/542/478 545/540/478
f 545/540/479 14/542/479 543/539/479
f 545/540/480 536/533/480 13/541/480
f 13/541/481 536/533/481 1/543/481
f 536/533/482 537/532/482 1/543/482
f 1/543/483 537/532/483 2/544/483
f 538/531/484 546/545/484 2/544/484 537/532/484
f 42/546/485 546/545/485 538/531/485 539/530/485
f 46/547/486 539/530/486 45/548/486
f 46/547/487 42/546/487 539/530/487
f 547/549/488 45/548/488 539/530/488 533/528/488
f 530/523/489 549/550/489 547/549/489 533/528/489
f 4/517/490 551/551/490 550/552/490 525/518/490
f 525/518/491 550/552/491 549/550/491 530/523/491
f 47/553/492 44/554/492 552/555/492 553/556/492
f 44/554/493 45/548/493 547/549/493 552/555/493
f 553/556/494 552/555/494 548/557/494 554/558/494
f 548/557/495 552/555/495 547/549/495 549/550/495
f 554/558/496 548/557/496 560/559/496
f 548/557/497 549/550/497 550/552/497 560/559/497
f 555/560/498 558/561/498 50/562/498
f 50/562/499 51/563/499 556/564/499 555/560/499
f 43/565/194 559/566/194 51/563/194
f 51/563/500 559/566/500 561/567/500 556/564/500
f 47/553/501 553/556/501 561/567/501 559/566/501
f 553/556/502 554/558/502 556/564/502 561/567/502
f 48/568/503 565/569/503 563/570/503 564/571/503
f 563/570/504 565/569/504 52/572/504 566/573/504
f 52/572/505 567/574/505 562/575/505 566/573/505
f 562/575/506 567/574/506 49/576/506 568/577/506
f 557/578/507 569/579/507 50/562/507 558/561/507
f 49/576/508 569/579/508 557/578/508 568/577/508
f 56/580/509 48/568/509 564/571/509
f 592/581/510 563/570/510 566/573/510 591/582/510
f 582/583/511 584/584/511 37/585/511 570/586/511
f 596/587/512 562/575/512 568/577/512 593/588/512
f 593/588/513 568/577/513 557/578/513 594/589/513
f 594/589/514 595/590/514 33/591/514 586/592/514
f 558/561/515 555/560/515 33/591/515 595/590/515
f 33/591/516 555/560/516 556/564/516 571/593/516
f 551/551/517 571/593/517 560/559/517 550/552/517
f 556/564/518 554/558/518 560/559/518 571/593/518
f 564/571/519 563/570/519 572/594/519
f 573/595/520 56/580/520 564/571/520 572/594/520
f 54/596/521 575/597/521 334/302/521 335/305/521
f 54/596/522 57/598/522 574/599/522 575/597/522
f 57/598/523 56/580/523 573/595/523 574/599/523
f 578/600/524 577/601/524 574/599/524 573/595/524
f 574/599/525 577/601/525 576/602/525 575/597/525
f 333/303/526 334/302/526 575/597/526 576/602/526
f 35/603/527 585/604/527 586/592/527 33/591/527
f 37/585/528 584/584/528 585/604/528 35/603/528
f 591/582/529 596/587/529 584/584/529 582/583/529
f 39/605/530 583/606/530 582/583/530 570/586/530
f 29/607/531 581/608/531 336/308/531 332/304/531
f 579/609/532 580/610/532 581/608/532 29/607/532
f 332/304/533 333/303/533 576/602/533 29/607/533
f 579/609/534 29/607/534 576/602/534 577/601/534
f 587/611/535 31/612/535 580/610/535 579/609/535
f 578/600/536 587/611/536 579/609/536 577/601/536
f 39/605/537 589/613/537 588/614/537 583/606/537
f 31/612/538 587/611/538 588/614/538 589/613/538
f 590/615/539 578/600/539 573/595/539 572/594/539
f 578/600/540 590/615/540 588/614/540 587/611/540
f 566/573/541 562/575/541 596/587/541 591/582/541
f 557/578/542 558/561/542 595/590/542 594/589/542
f 585/604/543 593/588/543 594/589/543 586/592/543
f 584/584/544 596/587/544 593/588/544 585/604/544
f 583/606/545 592/581/545 591/582/545 582/583/545
f 592/581/546 590/615/546 572/594/546 563/570/546
f 588/614/547 590/615/547 592/581/547 583/606/547
f 124/51/548 597/616/548 119/50/548
f 606/617/549 600/618/549 598/619/549 605/620/549
f 896/621/550 895/622/550 602/623/550 607/624/550
f 608/625/551 601/626/551 600/618/551 606/617/551
f 607/624/552 602/623/552 599/627/552 609/628/552
f 610/629/553 604/630/553 601/626/553 608/625/553
f 120/52/554 610/629/554 608/625/554 125/53/554
f 158/70/555 607/624/555 609/628/555 122/58/555
f 125/53/556 608/625/556 606/617/556 123/54/556
f 883/56/557 896/621/557 607/624/557 158/70/557
f 123/54/558 606/617/558 605/620/558 121/55/558
f 611/57/559 623/631/559 597/616/559 124/51/559
f 624/632/560 603/633/560 597/616/560 623/631/560
f 599/627/561 624/632/561 623/631/561 609/628/561
f 122/58/562 609/628/562 623/631/562 611/57/562
f 268/235/563 285/247/563 622/252/563 621/222/563
f 251/203/564 268/235/564 621/222/564 620/209/564
f 234/189/565 251/203/565 620/209/565 619/193/565
f 213/166/566 234/189/566 619/193/566 618/156/566
f 156/74/567 213/166/567 618/156/567 617/61/567
f 129/49/568 156/74/568 617/61/568 612/10/568
f 124/51/569 151/31/569 616/13/569 611/57/569
f 140/39/4 145/44/4 615/9/4 614/32/4
f 135/30/4 140/39/4 614/32/4 613/14/4
f 151/31/570 135/30/570 613/14/570 616/13/570
f 145/44/4 129/49/4 612/10/4 615/9/4
f 624/632/571 632/634/571 630/635/571 603/633/571
f 601/626/572 628/636/572 627/637/572 600/618/572
f 604/630/573 631/638/573 628/636/573 601/626/573
f 895/622/574 897/639/574 629/640/574 602/623/574
f 599/627/575 626/641/575 632/634/575 624/632/575
f 602/623/576 629/640/576 626/641/576 599/627/576
f 600/618/577 627/637/577 625/642/577 598/619/577
f 632/634/578 640/643/578 638/644/578 630/635/578
f 629/640/579 637/645/579 634/646/579 626/641/579
f 627/637/580 635/647/580 633/648/580 625/642/580
f 626/641/581 634/646/581 640/643/581 632/634/581
f 631/638/582 639/649/582 636/650/582 628/636/582
f 628/636/583 636/650/583 635/647/583 627/637/583
f 897/639/584 898/651/584 637/645/584 629/640/584
f 637/645/585 645/652/585 642/653/585 634/646/585
f 635/647/586 643/654/586 641/655/586 633/648/586
f 634/646/587 642/653/587 648/656/587 640/643/587
f 639/649/588 647/657/588 644/658/588 636/650/588
f 636/650/589 644/658/589 643/654/589 635/647/589
f 898/651/590 899/659/590 645/652/590 637/645/590
f 640/643/591 648/656/591 646/660/591 638/644/591
f 642/653/592 650/661/592 656/662/592 648/656/592
f 647/657/593 655/663/593 652/664/593 644/658/593
f 644/658/594 652/664/594 651/665/594 643/654/594
f 899/659/595 900/666/595 653/667/595 645/652/595
f 648/656/596 656/662/596 654/668/596 646/660/596
f 645/652/597 653/667/597 650/661/597 642/653/597
f 643/654/598 651/665/598 649/669/598 641/655/598
f 650/661/599 658/670/599 664/671/599 656/662/599
f 655/663/600 663/672/600 660/673/600 652/664/600
f 652/664/601 660/673/601 659/674/601 651/665/601
f 900/666/602 901/675/602 661/676/602 653/667/602
f 656/662/603 664/671/603 662/677/603 654/668/603
f 653/667/604 661/676/604 658/670/604 650/661/604
f 651/665/605 659/674/605 657/678/605 649/669/605
f 658/670/606 666/679/606 672/680/606 664/671/606
f 663/672/607 671/681/607 668/682/607 660/673/607
f 660/673/608 668/682/608 667/683/608 659/674/608
f 901/675/609 902/684/609 669/685/609 661/676/609
f 664/671/610 672/680/610 670/686/610 662/677/610
f 661/676/611 669/685/611 666/679/611 658/670/611
f 659/674/612 667/683/612 665/687/612 657/678/612
f 668/682/613 676/688/613 675/689/613 667/683/613
f 902/684/614 903/690/614 677/691/614 669/685/614
f 672/680/615 680/692/615 678/693/615 670/686/615
f 669/685/614 677/691/614 674/694/614 666/679/614
f 667/683/580 675/689/580 673/695/580 665/687/580
f 666/679/616 674/694/616 680/692/616 672/680/616
f 671/681/617 679/696/617 676/688/617 668/682/617
f 680/692/618 688/697/618 686/698/618 678/693/618
f 677/691/619 685/699/619 682/700/619 674/694/619
f 675/689/620 683/701/620 681/702/620 673/695/620
f 674/694/621 682/700/621 688/697/621 680/692/621
f 679/696/622 687/703/622 684/704/622 676/688/622
f 676/688/623 684/704/623 683/701/623 675/689/623
f 903/690/624 904/705/624 685/699/624 677/691/624
f 685/699/625 693/706/625 690/707/625 682/700/625
f 683/701/626 691/708/626 689/709/626 681/702/626
f 682/700/627 690/707/627 696/710/627 688/697/627
f 687/703/628 695/711/628 692/712/628 684/704/628
f 684/704/629 692/712/629 691/708/629 683/701/629
f 904/705/630 905/713/630 693/706/630 685/699/630
f 688/697/631 696/710/631 694/714/631 686/698/631
f 690/707/632 698/715/632 704/716/632 696/710/632
f 695/711/633 703/717/633 700/718/633 692/712/633
f 692/712/634 700/718/634 699/719/634 691/708/634
f 905/713/635 906/720/635 701/721/635 693/706/635
f 696/710/636 704/716/636 702/722/636 694/714/636
f 693/706/637 701/721/637 698/715/637 690/707/637
f 691/708/638 699/719/638 697/723/638 689/709/638
f 698/715/639 706/724/639 712/725/639 704/716/639
f 703/717/640 711/726/640 708/727/640 700/718/640
f 700/718/641 708/727/641 707/728/641 699/719/641
f 906/720/642 907/729/642 709/730/642 701/721/642
f 704/716/643 712/725/643 710/731/643 702/722/643
f 701/721/644 709/730/644 706/724/644 698/715/644
f 699/719/645 707/728/645 705/732/645 697/723/645
f 708/727/646 716/733/646 715/734/646 707/728/646
f 907/729/647 908/735/647 717/736/647 709/730/647
f 712/725/648 720/737/648 718/738/648 710/731/648
f 709/730/649 717/736/649 714/739/649 706/724/649
f 707/728/650 715/734/650 713/740/650 705/732/650
f 706/724/651 714/739/651 720/737/651 712/725/651
f 711/726/652 719/741/652 716/733/652 708/727/652
f 717/736/653 725/742/653 722/743/653 714/739/653
f 715/734/654 723/744/654 721/745/654 713/740/654
f 714/739/655 722/743/655 727/746/655 720/737/655
f 719/741/656 726/747/656 724/748/656 716/733/656
f 716/733/657 724/748/657 723/744/657 715/734/657
f 908/735/658 909/749/658 725/742/658 717/736/658
f 720/737/659 727/746/659 729/750/659 718/738/659
f 809/751/660 808/752/660 733/753/660 732/754/660
f 808/752/661 731/755/661 734/756/661 810/757/661
f 810/757/662 734/756/662 736/758/662 811/759/662
f 811/759/663 736/758/663 738/760/663 812/761/663
f 809/751/664 732/754/664 741/762/664 813/763/664
f 813/763/665 741/762/665 743/764/665 814/765/665
f 815/766/666 744/767/666 739/768/666 812/761/666
f 814/765/667 743/764/667 747/769/667 816/770/667
f 817/771/668 748/772/668 749/773/668 816/770/668
f 815/766/669 745/774/669 751/775/669 818/776/669
f 818/776/670 751/775/670 753/777/670 819/778/670
f 819/778/671 753/777/671 755/779/671 820/780/671
f 820/780/672 755/779/672 757/781/672 821/782/672
f 821/782/673 757/781/673 759/783/673 822/784/673
f 759/783/674 760/785/674 758/786/674 822/784/674
f 756/787/675 758/786/675 761/788/675 762/789/675
f 760/785/676 761/788/676 758/786/676
f 735/790/677 769/791/677 718/738/677 733/753/677
f 735/790/678 737/792/678 768/793/678 769/791/678
f 737/792/679 739/768/679 767/794/679 768/793/679
f 739/768/680 744/767/680 766/795/680 767/794/680
f 744/767/681 750/796/681 765/797/681 766/795/681
f 750/796/682 752/798/682 764/799/682 765/797/682
f 752/798/683 754/800/683 763/801/683 764/799/683
f 754/800/684 756/787/684 762/789/684 763/801/684
f 718/738/685 729/750/685 732/754/685 733/753/685
f 741/762/686 732/754/686 729/750/686 770/802/686
f 770/802/687 944/803/687 771/804/687 741/762/687
f 743/764/688 741/762/688 771/804/688
f 776/805/689 775/806/689 773/807/689 774/808/689
f 777/809/690 776/805/690 774/808/690 772/810/690
f 742/811/691 749/773/691 776/805/691 777/809/691
f 749/773/692 748/772/692 775/806/692 776/805/692
f 866/812/693 864/813/693 748/772/693 817/771/693
f 833/814/694 799/815/694 781/816/694 824/817/694
f 832/818/695 797/819/695 783/820/695 825/821/695
f 831/822/696 795/823/696 785/824/696 826/825/696
f 841/826/697 839/827/697 787/828/697 827/829/697
f 827/829/698 787/828/698 789/830/698 828/831/698
f 828/831/699 829/832/699 790/833/699 788/834/699
f 825/821/700 783/820/700 795/823/700 831/822/700
f 834/835/701 802/836/701 797/819/701 832/818/701
f 823/837/702 779/838/702 799/815/702 833/814/702
f 824/817/703 781/816/703 802/836/703 834/835/703
f 805/839/704 789/830/704 803/840/704 806/841/704
f 829/832/705 805/839/705 806/841/705 835/842/705
f 803/840/706 807/843/706 793/844/706 806/841/706
f 830/845/707 835/842/707 806/841/707 793/844/707
f 792/846/708 791/847/708 804/848/708
f 791/847/709 790/833/709 804/848/709
f 792/846/710 804/848/710 835/842/710 830/845/710
f 790/833/711 829/832/711 835/842/711 804/848/711
f 780/849/712 824/817/712 834/835/712 801/850/712
f 778/851/713 823/837/713 833/814/713 800/852/713
f 801/850/714 834/835/714 832/818/714 798/853/714
f 782/854/715 825/821/715 831/822/715 796/855/715
f 789/830/716 805/839/716 829/832/716 828/831/716
f 786/856/717 827/829/717 828/831/717 788/834/717
f 840/857/718 841/826/718 827/829/718 786/856/718
f 796/855/719 831/822/719 826/825/719 784/858/719
f 798/853/720 832/818/720 825/821/720 782/854/720
f 800/852/721 833/814/721 824/817/721 780/849/721
f 865/859/722 866/812/722 817/771/722 746/860/722
f 756/787/723 821/782/723 822/784/723 758/786/723
f 754/800/724 820/780/724 821/782/724 756/787/724
f 752/798/725 819/778/725 820/780/725 754/800/725
f 750/796/726 818/776/726 819/778/726 752/798/726
f 744/767/727 815/766/727 818/776/727 750/796/727
f 746/860/728 817/771/728 816/770/728 747/769/728
f 742/811/729 814/765/729 816/770/729 749/773/729
f 745/774/730 815/766/730 812/761/730 738/760/730
f 740/861/731 813/763/731 814/765/731 742/811/731
f 730/862/664 809/751/664 813/763/664 740/861/664
f 737/792/663 811/759/663 812/761/663 739/768/663
f 735/790/662 810/757/662 811/759/662 737/792/662
f 733/753/661 808/752/661 810/757/661 735/790/661
f 730/862/660 731/755/660 808/752/660 809/751/660
f 807/843/732 803/840/732 836/863/732 794/864/732
f 787/828/733 836/863/733 803/840/733 789/830/733
f 843/865/734 842/866/734 838/867/734 837/868/734
f 839/827/735 842/866/735 836/863/735 787/828/735
f 785/824/736 838/867/736 842/866/736 839/827/736
f 794/864/737 836/863/737 842/866/737 843/865/737
f 784/858/738 826/825/738 841/826/738 840/857/738
f 826/825/739 785/824/739 839/827/739 841/826/739
f 845/869/740 838/867/740 785/824/740 795/823/740
f 844/870/741 837/868/741 838/867/741 845/869/741
f 844/870/742 845/869/742 847/871/742 846/872/742
f 846/872/743 847/871/743 849/873/743 848/874/743
f 783/820/744 847/871/744 845/869/744 795/823/744
f 797/819/745 849/873/745 847/871/745 783/820/745
f 848/874/746 849/873/746 851/875/746 850/876/746
f 850/876/747 851/875/747 853/877/747 852/878/747
f 781/816/748 853/877/748 851/875/748 802/836/748
f 802/836/749 851/875/749 849/873/749 797/819/749
f 859/879/750 858/880/750 855/881/750 854/882/750
f 852/878/751 853/877/751 856/883/751 857/884/751
f 857/884/752 856/883/752 858/880/752 859/879/752
f 855/881/753 861/885/753 860/886/753 854/882/753
f 861/885/754 863/887/754 860/886/754
f 799/815/755 856/883/755 853/877/755 781/816/755
f 779/838/756 858/880/756 856/883/756 799/815/756
f 779/838/757 823/837/757 866/812/757 865/859/757
f 823/837/758 778/851/758 864/813/758 866/812/758
f 865/859/759 855/881/759 858/880/759 779/838/759
f 722/743/760 867/888/760 869/889/760 727/746/760
f 725/742/761 868/890/761 867/888/761 722/743/761
f 727/746/762 869/889/762 770/802/762 729/750/762
f 944/803/763 770/802/763 869/889/763 945/891/763
f 871/892/764 743/764/764 771/804/764 870/893/764
f 946/894/765 945/891/765 869/889/765 867/888/765
f 947/895/766 873/896/766 872/897/766 946/894/766
f 880/898/767 726/747/767 915/899/767 877/900/767
f 948/901/768 876/902/768 875/903/768 950/904/768
f 950/904/769 875/903/769 874/905/769 951/906/769
f 723/744/770 881/907/770 882/908/770 721/745/770
f 724/748/771 879/909/771 881/907/771 723/744/771
f 948/901/772 879/909/772 880/898/772 949/910/772
f 909/749/773 910/911/773 868/890/773 725/742/773
f 721/745/774 882/908/774 910/911/774 909/749/774
f 713/740/658 721/745/658 909/749/658 908/735/658
f 705/732/775 713/740/775 908/735/775 907/729/775
f 697/723/776 705/732/776 907/729/776 906/720/776
f 689/709/635 697/723/635 906/720/635 905/713/635
f 681/702/777 689/709/777 905/713/777 904/705/777
f 673/695/778 681/702/778 904/705/778 903/690/778
f 665/687/614 673/695/614 903/690/614 902/684/614
f 657/678/779 665/687/779 902/684/779 901/675/779
f 649/669/602 657/678/602 901/675/602 900/666/602
f 641/655/780 649/669/780 900/666/780 899/659/780
f 633/648/781 641/655/781 899/659/781 898/651/781
f 625/642/782 633/648/782 898/651/782 897/639/782
f 598/619/783 625/642/783 897/639/783 895/622/783
f 121/55/784 605/620/784 896/621/784 883/56/784
f 605/620/785 598/619/785 895/622/785 896/621/785
f 270/230/786 287/239/786 894/248/786 893/216/786
f 253/215/787 270/230/787 893/216/787 892/204/787
f 236/181/788 253/215/788 892/204/788 891/190/788
f 215/158/789 236/181/789 891/190/789 890/171/789
f 164/67/790 215/158/790 890/171/790 885/65/790
f 159/68/3 164/67/3 885/65/3 884/8/3
f 158/70/791 163/69/791 889/17/791 883/56/791
f 161/72/3 162/71/3 888/7/3 887/34/3
f 160/73/3 161/72/3 887/34/3 886/18/3
f 163/69/792 160/73/792 886/18/792 889/17/792
f 162/71/3 159/68/3 884/8/3 888/7/3
f 951/906/793 874/905/793 878/912/793 952/913/793
f 947/895/794 952/913/794 878/912/794 873/896/794
f 747/769/795 743/764/795 871/892/795 916/914/795
f 746/860/796 747/769/796 916/914/796 917/915/796
f 865/859/797 746/860/797 917/915/797 918/916/797
f 855/881/798 865/859/798 918/916/798
f 871/892/799 870/893/799 872/897/799
f 873/896/800 919/917/800 871/892/800 872/897/800
f 917/915/194 916/914/194 920/918/194 921/919/194
f 916/914/194 871/892/194 919/917/194 920/918/194
f 878/912/801 926/920/801 873/896/801
f 919/917/802 873/896/802 926/920/802
f 918/916/194 917/915/194 921/919/194
f 855/881/803 918/916/803 921/919/803 922/921/803
f 861/885/804 855/881/804 922/921/804
f 863/887/805 861/885/805 922/921/805 925/922/805
f 923/923/806 927/924/806 862/925/806 925/922/806
f 862/925/807 863/887/807 925/922/807
f 934/926/808 935/927/808 927/924/808 923/923/808
f 924/928/809 933/929/809 935/927/809 934/926/809
f 726/747/810 880/898/810 879/909/810 724/748/810
f 953/930/811 924/928/811 936/931/811 949/910/811
f 933/929/812 924/928/812 943/932/812 937/933/812
f 928/934/813 933/929/813 937/933/813
f 877/900/814 915/899/814 912/935/814 939/936/814
f 930/937/815 931/938/815 942/939/815
f 932/940/816 928/934/816 937/933/816 940/941/816
f 929/942/817 932/940/817 940/941/817 941/943/817
f 931/938/818 929/942/818 941/943/818 942/939/818
f 953/930/819 877/900/819 939/936/819 954/944/819
f 955/945/820 954/944/820 939/936/820 938/946/820
f 937/933/821 943/932/821 954/944/821 955/945/821
f 924/928/822 953/930/822 954/944/822 943/932/822
f 877/900/823 953/930/823 949/910/823 880/898/823
f 868/890/824 911/911/824 952/913/824 947/895/824
f 882/908/825 951/906/825 952/913/825 911/911/825
f 876/902/826 948/901/826 949/910/826 936/931/826
f 881/907/769 950/904/769 951/906/769 882/908/769
f 879/909/768 948/901/768 950/904/768 881/907/768
f 868/890/827 947/895/827 946/894/827 867/888/827
f 872/897/828 870/893/828 945/891/828 946/894/828
f 771/804/829 944/803/829 945/891/829 870/893/829
f 942/939/830 958/947/830 930/937/830
f 940/941/831 937/933/831 955/945/831 956/948/831
f 941/943/832 940/941/832 956/948/832 957/949/832
f 942/939/833 941/943/833 957/949/833 958/947/833
f 956/948/834 955/945/834 959/950/834
f 938/946/835 960/951/835 959/950/835 955/945/835
f 971/952/836 968/953/836 960/951/836 938/946/836
f 969/954/837 968/953/837 971/952/837 972/955/837
f 970/956/838 969/954/838 972/955/838 973/957/838
f 973/957/839 974/958/839 970/956/839
f 967/959/840 970/956/840 974/958/840
f 966/960/841 967/959/841 974/958/841
f 966/960/842 974/958/842 973/957/842 965/961/842
f 965/961/843 973/957/843 972/955/843 964/962/843
f 964/962/844 972/955/844 971/952/844 963/963/844
f 963/963/845 971/952/845 938/946/845 961/964/845
f 914/965/846 975/966/846 939/936/846 912/935/846
f 913/967/847 975/966/847 914/965/847
f 961/964/848 975/966/848 913/967/848
f 939/936/849 975/966/849 961/964/849 938/946/849
f 920/918/194 919/917/194 977/968/194 978/969/194
f 919/917/850 926/920/850 980/970/850 977/968/850
f 921/919/194 920/918/194 978/969/194 979/971/194
f 878/912/851 976/972/851 980/970/851 926/920/851
f 874/905/852 989/973/852 976/972/852 878/912/852
f 874/905/853 875/903/853 988/974/853 989/973/853
f 875/903/854 876/902/854 987/975/854 988/974/854
f 876/902/855 936/931/855 986/976/855 987/975/855
f 936/931/856 924/928/856 985/977/856 986/976/856
f 924/928/857 934/926/857 984/978/857 985/977/857
f 934/926/194 923/923/194 983/979/194 984/978/194
f 923/923/194 925/922/194 982/980/194 983/979/194
f 925/922/194 922/921/194 981/981/194 982/980/194
f 922/921/194 921/919/194 979/971/194 981/981/194
f 984/978/858 983/979/858 997/982/858 998/983/858
f 985/977/859 984/978/859 998/983/859 999/984/859
f 985/977/860 999/984/860 1000/985/860 986/976/860
f 978/969/861 977/968/861 991/986/861 992/987/861
f 986/976/862 1000/985/862 1001/988/862 987/975/862
f 979/971/863 978/969/863 992/987/863 993/989/863
f 987/975/864 1001/988/864 1002/990/864 988/974/864
f 981/981/865 979/971/865 993/989/865 995/991/865
f 977/968/866 980/970/866 994/992/866 991/986/866
f 988/974/867 1002/990/867 1003/993/867 989/973/867
f 982/980/868 981/981/868 995/991/868 996/994/868
f 976/972/869 990/995/869 994/992/869 980/970/869
f 989/973/870 1003/993/870 990/995/870 976/972/870
f 983/979/871 982/980/871 996/994/871 997/982/871
f 997/982/872 996/994/872 1010/996/872 1011/997/872
f 998/983/873 997/982/873 1011/997/873 1012/998/873
f 992/987/874 991/986/874 1005/999/874 1006/1000/874
f 999/984/875 998/983/875 1012/998/875 1013/1001/875
f 993/989/876 992/987/876 1006/1000/876 1007/1002/876
f 999/984/877 1013/1001/877 1014/1003/877 1000/985/877
f 991/986/878 994/992/878 1008/1004/878 1005/999/878
f 1000/985/879 1014/1003/879 1015/1005/879 1001/988/879
f 990/995/880 1004/1006/880 1008/1004/880 994/992/880
f 1001/988/881 1015/1005/881 1016/1007/881 1002/990/881
f 995/991/882 993/989/882 1007/1002/882 1009/1008/882
f 1002/990/883 1016/1007/883 1017/1009/883 1003/993/883
f 996/994/884 995/991/884 1009/1008/884 1010/996/884
f 1003/993/885 1017/1009/885 1004/1006/885 990/995/885
f 1006/1000/886 1005/999/886 1019/1010/886 1020/1011/886
f 1013/1001/887 1012/998/887 1026/1012/887 1027/1013/887
f 1007/1002/888 1006/1000/888 1020/1011/888 1021/1014/888
f 1013/1001/889 1027/1013/889 1028/1015/889 1014/1003/889
f 1005/999/890 1008/1004/890 1022/1016/890 1019/1010/890
f 1014/1003/891 1028/1015/891 1029/1017/891 1015/1005/891
f 1004/1006/892 1018/1018/892 1022/1016/892 1008/1004/892
f 1015/1005/893 1029/1017/893 1030/1019/893 1016/1007/893
f 1009/1008/894 1007/1002/894 1021/1014/894 1023/1020/894
f 1016/1007/895 1030/1019/895 1031/1021/895 1017/1009/895
f 1010/996/896 1009/1008/896 1023/1020/896 1024/1022/896
f 1017/1009/897 1031/1021/897 1018/1018/897 1004/1006/897
f 1011/997/898 1010/996/898 1024/1022/898 1025/1023/898
f 1012/998/899 1011/997/899 1025/1023/899 1026/1012/899
f 1027/1013/900 1041/1024/900 1042/1025/900 1028/1015/900
f 1019/1010/901 1022/1016/901 1036/1026/901 1033/1027/901
f 1028/1015/902 1042/1025/902 1043/1028/902 1029/1017/902
f 1018/1018/903 1032/1029/903 1036/1026/903 1022/1016/903
f 1029/1017/904 1043/1028/904 1044/1030/904 1030/1019/904
f 1023/1020/905 1021/1014/905 1035/1031/905 1037/1032/905
f 1030/1019/906 1044/1030/906 1045/1033/906 1031/1021/906
f 1024/1022/907 1023/1020/907 1037/1032/907 1038/1034/907
f 1031/1021/908 1045/1033/908 1032/1029/908 1018/1018/908
f 1025/1023/909 1024/1022/909 1038/1034/909 1039/1035/909
f 1026/1012/910 1025/1023/910 1039/1035/910 1040/1036/910
f 1020/1011/911 1019/1010/911 1033/1027/911 1034/1037/911
f 1027/1013/912 1026/1012/912 1040/1036/912 1041/1024/912
f 1021/1014/913 1020/1011/913 1034/1037/913 1035/1031/913
f 1043/1028/914 1057/1038/914 1058/1039/914 1044/1030/914
f 1037/1032/915 1035/1031/915 1049/1040/915 1051/1041/915
f 1044/1030/916 1058/1039/916 1059/1042/916 1045/1033/916
f 1038/1034/917 1037/1032/917 1051/1041/917 1052/1043/917
f 1045/1033/918 1059/1042/918 1046/1044/918 1032/1029/918
f 1039/1035/919 1038/1034/919 1052/1043/919 1053/1045/919
f 1040/1036/920 1039/1035/920 1053/1045/920 1054/1046/920
f 1034/1037/921 1033/1027/921 1047/1047/921 1048/1048/921
f 1041/1024/922 1040/1036/922 1054/1046/922 1055/1049/922
f 1035/1031/923 1034/1037/923 1048/1048/923 1049/1040/923
f 1041/1024/924 1055/1049/924 1056/1050/924 1042/1025/924
f 1033/1027/925 1036/1026/925 1050/1051/925 1047/1047/925
f 1042/1025/926 1056/1050/926 1057/1038/926 1043/1028/926
f 1032/1029/927 1046/1044/927 1050/1051/927 1036/1026/927
f 1059/1042/928 1058/1039/928 1060/1052/928
f 1059/1042/929 1060/1052/929 1046/1044/929
f 1050/1051/930 1046/1044/930 1060/1052/930
f 1047/1047/931 1050/1051/931 1060/1052/931
f 1048/1048/932 1047/1047/932 1060/1052/932
f 1049/1040/933 1048/1048/933 1060/1052/933
f 1051/1041/934 1049/1040/934 1060/1052/934
f 1052/1043/935 1051/1041/935 1060/1052/935
f 1053/1045/936 1052/1043/936 1060/1052/936
f 1054/1046/937 1053/1045/937 1060/1052/937
f 1054/1046/938 1060/1052/938 1055/1049/938
f 1056/1050/939 1055/1049/939 1060/1052/939
f 1057/1038/940 1056/1050/940 1060/1052/940
f 1058/1039/941 1057/1038/941 1060/1052/941
f 1064/1053/942 1063/1054/942 1061/1055/942 1062/1056/942
f 1071/1057/943 1072/1058/943 1063/1054/943 1064/1053/943
f 1068/1059/944 1067/1060/944 1066/1061/944 1065/1062/944
f 772/810/945 774/808/945 1067/1060/945 1068/1059/945
f 1062/1056/946 1061/1055/946 1069/1063/946 1070/1064/946
f 774/808/947 773/807/947 1072/1058/947 1071/1057/947
f 774/808/194 1071/1057/194 1067/1060/194
f 1067/1060/194 1071/1057/194 1064/1053/194 1066/1061/194
f 1076/1065/948 1075/1066/948 1073/1067/948 1074/1068/948
f 1070/1064/949 1069/1063/949 1075/1066/949 1076/1065/949
f 1074/1068/950 1073/1067/950 1077/1069/950 1078/1070/950
f 1077/1069/951 1079/1071/951 1078/1070/951
f 1070/1064/952 1076/1065/952 1082/1072/952 1083/1073/952
f 1076/1065/953 1074/1068/953 1081/1074/953 1082/1072/953
f 1074/1068/954 1078/1070/954 1080/1075/954 1081/1074/954
f 1079/1071/955 1080/1075/955 1078/1070/955
f 1062/1056/956 1070/1064/956 1083/1073/956 1084/1076/956
f 1064/1053/957 1062/1056/957 1084/1076/957 1085/1077/957
f 1085/1077/958 1086/1078/958 1064/1053/958
f 1064/1053/959 1086/1078/959 1066/1061/959
f 1097/1079/960 1096/1080/960 1095/1081/960 1094/1082/960
f 1065/1062/961 1066/1061/961 1096/1080/961 1097/1079/961
f 1086/1078/962 1098/1083/962 1066/1061/962
f 1066/1061/963 1098/1083/963 1091/1084/963 1096/1080/963
f 1093/1085/964 1091/1084/964 1098/1083/964
f 1098/1083/965 1086/1078/965 1099/1086/965
f 1087/1087/966 1100/1088/966 1098/1083/966 1099/1086/966
f 1092/1089/967 1093/1085/967 1098/1083/967 1100/1088/967
f 1095/1081/968 1096/1080/968 1091/1084/968 1101/1090/968
f 1095/1081/969 1101/1090/969 1107/1091/969 1106/1092/969
f 1094/1082/970 1095/1081/970 1106/1092/970 1105/1093/970
f 1106/1092/971 1107/1091/971 1110/1094/971 1109/1095/971
f 1105/1093/972 1106/1092/972 1109/1095/972 1108/1096/972
f 1109/1095/973 1110/1094/973 1113/1097/973 1112/1098/973
f 1108/1096/974 1109/1095/974 1112/1098/974 1111/1099/974
f 1112/1098/975 1113/1097/975 1116/1100/975 1115/1101/975
f 1111/1099/976 1112/1098/976 1115/1101/976 1114/1102/976
f 1116/1100/977 1117/1103/977 1115/1101/977
f 1115/1101/978 1117/1103/978 1114/1102/978
f 1102/1104/979 1118/1105/979 1103/1106/979
f 1102/1104/980 1092/1089/980 1118/1105/980
f 1100/1088/981 1118/1105/981 1092/1089/981
f 1088/1107/982 1118/1105/982 1087/1087/982
f 1087/1087/983 1118/1105/983 1100/1088/983
f 1118/1105/984 1088/1107/984 1119/1108/984
f 1119/1108/985 1089/1109/985 1118/1105/985
f 1090/1110/986 1151/1111/986 1118/1105/986 1089/1109/986
f 1103/1106/987 1118/1105/987 1151/1111/987 1104/1112/987
f 1131/1113/988 1122/1114/988 1137/1115/988 1146/1116/988
f 1126/1117/989 1129/1118/989 1144/1119/989 1141/1120/989
f 1129/1118/990 1123/1121/990 1138/1122/990 1144/1119/990
f 1122/1114/991 1130/1123/991 1145/1124/991 1137/1115/991
f 1127/1125/992 1142/1126/992 1138/1122/992 1123/1121/992
f 1124/1127/993 1131/1113/993 1146/1116/993 1139/1128/993
f 1132/1129/994 1124/1127/994 1139/1128/994 1147/1130/994
f 1121/1131/995 1132/1129/995 1147/1130/995 1136/1132/995
f 1134/1133/996 1125/1134/996 1140/1135/996 1149/1136/996
f 1125/1134/997 1133/1137/997 1148/1138/997 1140/1135/997
f 1130/1123/998 1126/1117/998 1141/1120/998 1145/1124/998
f 1090/1110/999 1134/1133/999 1149/1136/999 1135/1139/999
f 1128/1140/1000 1143/1141/1000 1142/1126/1000 1127/1125/1000
f 1133/1137/1001 1121/1131/1001 1136/1132/1001 1148/1138/1001
f 1151/1111/1002 1150/1142/1002 1143/1141/1002 1128/1140/1002
f 1090/1110/1003 1135/1139/1003 1150/1142/1003 1151/1111/1003
f 1148/1138/1004 1136/1132/1004 1152/1143/1004 1164/1144/1004
f 1143/1141/1005 1159/1145/1005 1158/1146/1005 1142/1126/1005
f 1128/1140/1006 1104/1112/1006 1151/1111/1006
f 1141/1120/1007 1144/1119/1007 1160/1147/1007 1157/1148/1007
f 1146/1116/1008 1137/1115/1008 1153/1149/1008 1162/1150/1008
f 1150/1142/1009 1135/1139/1009 1120/1151/1009 1166/1152/1009
f 1137/1115/1010 1145/1124/1010 1161/1153/1010 1153/1149/1010
f 1144/1119/1011 1138/1122/1011 1154/1154/1011 1160/1147/1011
f 1139/1128/1012 1146/1116/1012 1162/1150/1012 1155/1155/1012
f 1142/1126/1013 1158/1146/1013 1154/1154/1013 1138/1122/1013
f 1136/1132/1014 1147/1130/1014 1163/1156/1014 1152/1143/1014
f 1147/1130/1015 1139/1128/1015 1155/1155/1015 1163/1156/1015
f 1140/1135/1016 1148/1138/1016 1164/1144/1016 1156/1157/1016
f 1149/1136/1017 1140/1135/1017 1156/1157/1017 1165/1158/1017
f 1135/1139/1018 1149/1136/1018 1165/1158/1018 1120/1151/1018
f 1145/1124/1019 1141/1120/1019 1157/1148/1019 1161/1153/1019
f 1143/1141/1020 1150/1142/1020 1166/1152/1020 1159/1145/1020
f 1152/1143/1021 1163/1156/1021 1179/1159/1021 1168/1160/1021
f 1163/1156/1022 1155/1155/1022 1171/1161/1022 1179/1159/1022
f 1156/1157/1023 1164/1144/1023 1180/1162/1023 1172/1163/1023
f 1165/1158/1024 1156/1157/1024 1172/1163/1024 1181/1164/1024
f 1120/1151/1025 1165/1158/1025 1181/1164/1025 1167/1165/1025
f 1161/1153/1026 1157/1148/1026 1173/1166/1026 1177/1167/1026
f 1159/1145/1027 1166/1152/1027 1182/1168/1027 1175/1169/1027
f 1159/1145/1028 1175/1169/1028 1174/1170/1028 1158/1146/1028
f 1166/1152/1029 1120/1151/1029 1167/1165/1029 1182/1168/1029
f 1157/1148/1030 1160/1147/1030 1176/1171/1030 1173/1166/1030
f 1158/1146/1031 1174/1170/1031 1170/1172/1031 1154/1154/1031
f 1164/1144/1032 1152/1143/1032 1168/1160/1032 1180/1162/1032
f 1153/1149/1033 1161/1153/1033 1177/1167/1033 1169/1173/1033
f 1160/1147/1034 1154/1154/1034 1170/1172/1034 1176/1171/1034
f 1155/1155/1035 1162/1150/1035 1178/1174/1035 1171/1161/1035
f 1162/1150/1036 1153/1149/1036 1169/1173/1036 1178/1174/1036
f 1169/1173/1037 1177/1167/1037 1193/1175/1037 1185/1176/1037
f 1178/1174/1038 1169/1173/1038 1185/1176/1038 1194/1177/1038
f 1171/1161/1039 1178/1174/1039 1194/1177/1039 1187/1178/1039
f 1180/1162/1040 1168/1160/1040 1184/1179/1040 1196/1180/1040
f 1168/1160/1041 1179/1159/1041 1195/1181/1041 1184/1179/1041
f 1179/1159/1042 1171/1161/1042 1187/1178/1042 1195/1181/1042
f 1172/1163/1043 1180/1162/1043 1196/1180/1043 1188/1182/1043
f 1181/1164/1044 1172/1163/1044 1188/1182/1044 1197/1183/1044
f 1167/1165/1045 1181/1164/1045 1197/1183/1045 1183/1184/1045
f 1177/1167/1046 1173/1166/1046 1189/1185/1046 1193/1175/1046
f 1175/1169/1047 1182/1168/1047 1198/1186/1047 1191/1187/1047
f 1175/1169/1048 1191/1187/1048 1190/1188/1048 1174/1170/1048
f 1174/1170/1049 1190/1188/1049 1186/1189/1049 1170/1172/1049
f 1182/1168/1050 1167/1165/1050 1183/1184/1050 1198/1186/1050
f 1173/1166/1051 1176/1171/1051 1192/1190/1051 1189/1185/1051
f 1176/1171/1052 1170/1172/1052 1186/1189/1052 1192/1190/1052
f 1184/1179/1053 1195/1181/1053 1211/1191/1053 1200/1192/1053
f 1195/1181/1054 1187/1178/1054 1203/1193/1054 1211/1191/1054
f 1188/1182/1055 1196/1180/1055 1212/1194/1055 1204/1195/1055
f 1197/1183/1056 1188/1182/1056 1204/1195/1056 1213/1196/1056
f 1183/1184/1057 1197/1183/1057 1213/1196/1057 1199/1197/1057
f 1193/1175/1058 1189/1185/1058 1205/1198/1058 1209/1199/1058
f 1191/1187/1059 1198/1186/1059 1214/1200/1059 1207/1201/1059
f 1191/1187/1060 1207/1201/1060 1206/1202/1060 1190/1188/1060
f 1190/1188/1061 1206/1202/1061 1202/1203/1061 1186/1189/1061
f 1198/1186/1062 1183/1184/1062 1199/1197/1062 1214/1200/1062
f 1189/1185/1063 1192/1190/1063 1208/1204/1063 1205/1198/1063
f 1192/1190/1064 1186/1189/1064 1202/1203/1064 1208/1204/1064
f 1185/1176/1065 1193/1175/1065 1209/1199/1065 1201/1205/1065
f 1194/1177/1066 1185/1176/1066 1201/1205/1066 1210/1206/1066
f 1187/1178/1067 1194/1177/1067 1210/1206/1067 1203/1193/1067
f 1196/1180/1068 1184/1179/1068 1200/1192/1068 1212/1194/1068
f 1208/1204/1069 1202/1203/1069 1218/1207/1069 1224/1208/1069
f 1201/1205/1070 1209/1199/1070 1225/1209/1070 1217/1210/1070
f 1210/1206/1071 1201/1205/1071 1217/1210/1071 1226/1211/1071
f 1203/1193/1072 1210/1206/1072 1226/1211/1072 1219/1212/1072
f 1212/1194/1073 1200/1192/1073 1216/1213/1073 1228/1214/1073
f 1200/1192/1074 1211/1191/1074 1227/1215/1074 1216/1213/1074
f 1211/1191/1075 1203/1193/1075 1219/1212/1075 1227/1215/1075
f 1204/1195/1076 1212/1194/1076 1228/1214/1076 1220/1216/1076
f 1213/1196/1077 1204/1195/1077 1220/1216/1077 1229/1217/1077
f 1199/1197/1078 1213/1196/1078 1229/1217/1078 1215/1218/1078
f 1209/1199/1079 1205/1198/1079 1221/1219/1079 1225/1209/1079
f 1207/1201/1080 1214/1200/1080 1230/1220/1080 1223/1221/1080
f 1207/1201/1081 1223/1221/1081 1222/1222/1081 1206/1202/1081
f 1206/1202/1082 1222/1222/1082 1218/1207/1082 1202/1203/1082
f 1214/1200/1083 1199/1197/1083 1215/1218/1083 1230/1220/1083
f 1205/1198/1084 1208/1204/1084 1224/1208/1084 1221/1219/1084
f 1227/1215/194 1231/1223/194 1216/1213/194
f 1226/1211/194 1231/1223/194 1219/1212/194
f 1219/1212/194 1231/1223/194 1227/1215/194
f 1216/1213/194 1231/1223/194 1228/1214/194
f 1231/1223/194 1215/1218/194 1229/1217/194
f 1230/1220/194 1215/1218/194 1231/1223/194
f 1229/1217/194 1220/1216/194 1231/1223/194
f 1228/1214/194 1231/1223/194 1220/1216/194
f 1217/1210/194 1231/1223/194 1226/1211/194
f 1225/1209/194 1231/1223/194 1217/1210/194
f 1221/1219/194 1231/1223/194 1225/1209/194
f 1224/1208/194 1231/1223/194 1221/1219/194
f 1218/1207/194 1231/1223/194 1224/1208/194
f 1218/1207/194 1222/1222/194 1231/1223/194
f 1222/1222/194 1223/1221/194 1231/1223/194
f 1223/1221/194 1230/1220/194 1231/1223/194
f 1254/1/1085 1253/4/1085 1242/3/1085 1240/2/1085
f 1255/5/1086 1254/1/1086 1240/2/1086 1238/6/1086
f 1860/7/1087 1255/5/1087 1238/6/1087 1856/8/1087
f 1676/9/1088 1256/12/1088 1239/11/1088 1673/10/1088
f 1677/13/1089 1260/16/1089 1246/15/1089 1674/14/1089
f 1861/17/1090 1259/20/1090 1245/19/1090 1858/18/1090
f 1259/20/1091 1258/22/1091 1244/21/1091 1245/19/1091
f 1258/22/1092 1262/24/1092 1243/23/1092 1244/21/1092
f 147/25/1093 84/26/1093 1243/23/1093 1262/24/1093
f 84/26/1094 85/27/1094 1243/23/1094
f 146/28/1095 1261/31/1095 1247/30/1095 116/29/1095
f 1674/14/1088 1246/15/1088 1251/33/1088 1675/32/1088
f 1858/18/1087 1245/19/1087 1250/35/1087 1859/34/1087
f 1245/19/1086 1244/21/1086 1249/36/1086 1250/35/1086
f 1244/21/1085 1243/23/1085 1248/37/1085 1249/36/1085
f 116/29/1096 1247/30/1096 1252/39/1096 118/38/1096
f 1243/23/1097 85/27/1097 1248/37/1097
f 1675/32/1088 1251/33/1088 1256/12/1088 1676/9/1088
f 1859/34/1087 1250/35/1087 1255/5/1087 1860/7/1087
f 1250/35/1086 1249/36/1086 1254/1/1086 1255/5/1086
f 1249/36/1085 1248/37/1085 1253/4/1085 1254/1/1085
f 78/40/1098 1253/4/1098 1248/37/1098 85/27/1098
f 78/40/1099 83/41/1099 1253/4/1099
f 83/41/1100 82/42/1100 1253/4/1100
f 81/43/1101 1242/3/1101 1253/4/1101 82/42/1101
f 1257/44/1102 115/45/1102 1252/39/1102
f 118/38/1103 1252/39/1103 115/45/1103
f 115/45/1104 1257/44/1104 117/46/1104
f 117/46/1105 1257/44/1105 112/47/1105
f 114/48/1106 112/47/1106 1241/49/1106
f 1257/44/1107 1241/49/1107 112/47/1107
f 119/50/1108 1236/51/1108 1261/31/1108 146/28/1108
f 120/52/1109 147/25/1109 1262/24/1109 1237/53/1109
f 1235/54/1110 1237/53/1110 1262/24/1110 1258/22/1110
f 1233/55/1111 1235/54/1111 1258/22/1111 1259/20/1111
f 1855/56/1112 1233/55/1112 1259/20/1112 1861/17/1112
f 1672/57/1113 1234/58/1113 1260/16/1113 1677/13/1113
f 114/48/1114 1241/49/1114 113/59/1114
f 81/43/1115 80/60/1115 1242/3/1115
f 1673/10/1116 1239/11/1116 1264/62/1116 1678/61/1116
f 1238/6/1086 1240/2/1086 1265/64/1086 1263/63/1086
f 1856/8/1087 1238/6/1087 1263/63/1087 1857/65/1087
f 1240/2/1117 1242/3/1117 1267/66/1117 1265/64/1117
f 1242/3/1118 80/60/1118 1267/66/1118
f 1239/11/1087 1269/68/1087 1274/67/1087 1264/62/1087
f 1234/58/1119 1268/70/1119 1273/69/1119 1260/16/1119
f 1251/33/1087 1271/72/1087 1272/71/1087 1256/12/1087
f 1246/15/1087 1270/73/1087 1271/72/1087 1251/33/1087
f 1260/16/1120 1273/69/1120 1270/73/1120 1246/15/1120
f 1256/12/1087 1272/71/1087 1269/68/1087 1239/11/1087
f 1241/49/1121 1266/74/1121 113/59/1121
f 1267/66/1122 80/60/1122 1312/76/1122 1284/75/1122
f 113/59/1123 1266/74/1123 77/77/1123
f 77/77/1124 1266/74/1124 111/78/1124
f 111/78/1125 1285/80/1125 91/79/1125
f 1266/74/1126 1287/81/1126 1285/80/1126 111/78/1126
f 1288/82/1127 1286/83/1127 1285/80/1127 1287/81/1127
f 1276/84/1128 1288/82/1128 1287/81/1128 1266/74/1128
f 1275/85/1129 1289/86/1129 1288/82/1129 1276/84/1129
f 1286/83/1130 1288/82/1130 1289/86/1130 1290/87/1130
f 91/79/1131 1285/80/1131 110/88/1131
f 110/88/1132 1285/80/1132 90/89/1132
f 1299/90/1133 1298/93/1133 1292/92/1133 1291/91/1133
f 1300/94/1134 1299/90/1134 1291/91/1134 88/95/1134
f 90/89/1135 1285/80/1135 89/96/1135
f 193/97/1136 1300/94/1136 88/95/1136 181/98/1136
f 88/95/1137 1291/91/1137 185/99/1137
f 185/99/1138 1291/91/1138 184/100/1138
f 184/100/1139 1291/91/1139 87/101/1139
f 109/102/1140 87/101/1140 1291/91/1140
f 109/102/1141 1291/91/1141 86/103/1141
f 1291/91/1142 1292/92/1142 86/103/1142
f 86/103/1143 1292/92/1143 107/104/1143
f 107/104/1144 1292/92/1144 106/105/1144
f 1298/93/1145 1290/87/1145 1295/107/1145 1301/106/1145
f 1290/87/1146 1289/86/1146 1294/108/1146 1295/107/1146
f 1289/86/1147 1275/85/1147 1293/109/1147 1294/108/1147
f 1277/110/1148 1293/109/1148 1275/85/1148
f 186/111/1149 1297/113/1149 92/112/1149
f 106/105/1150 1297/113/1150 186/111/1150
f 1297/113/1151 106/105/1151 1296/114/1151
f 106/105/1152 1292/92/1152 1296/114/1152
f 92/112/1153 1297/113/1153 105/115/1153
f 105/115/1154 1297/113/1154 192/116/1154
f 1297/113/1155 1296/114/1155 192/116/1155
f 192/116/1156 1296/114/1156 93/117/1156
f 1292/92/1157 1298/93/1157 1301/106/1157 1296/114/1157
f 89/96/1158 1285/80/1158 1300/94/1158 193/97/1158
f 1285/80/1159 1286/83/1159 1299/90/1159 1300/94/1159
f 1286/83/1160 1290/87/1160 1298/93/1160 1299/90/1160
f 1296/114/1161 1301/106/1161 93/117/1161
f 93/117/1162 1301/106/1162 104/118/1162
f 104/118/1163 1302/120/1163 98/119/1163
f 98/119/1164 1302/120/1164 103/121/1164
f 104/118/1165 1301/106/1165 1302/120/1165
f 1302/120/1166 1301/106/1166 1303/122/1166
f 103/121/1167 1302/120/1167 99/123/1167
f 1302/120/1168 1303/122/1168 99/123/1168
f 1301/106/1169 1295/107/1169 1303/122/1169
f 99/123/1170 1303/122/1170 100/124/1170
f 100/124/1171 1303/122/1171 97/125/1171
f 97/125/1172 1303/122/1172 1295/107/1172 102/126/1172
f 102/126/1173 1295/107/1173 101/127/1173
f 101/127/1174 1295/107/1174 94/128/1174
f 1295/107/1175 1294/108/1175 94/128/1175
f 1304/129/1176 95/130/1176 94/128/1176 1294/108/1176
f 1294/108/1177 1293/109/1177 1402/131/1177 1304/129/1177
f 1305/132/1178 53/133/1178 95/130/1178 1304/129/1178
f 1403/134/1179 1305/132/1179 1304/129/1179 1402/131/1179
f 1293/109/1180 1277/110/1180 1306/135/1180
f 1435/136/1181 1436/137/1181 1306/135/1181 1277/110/1181
f 1330/138/1182 1283/141/1182 1311/140/1182 1331/139/1182
f 1278/142/1183 1281/145/1183 1310/144/1183 1308/143/1183
f 1281/145/1184 1280/147/1184 1309/146/1184 1310/144/1184
f 1278/142/1185 1308/143/1185 1307/149/1185 1279/148/1185
f 1284/75/1186 1312/76/1186 1313/151/1186 1282/150/1186
f 1282/150/1187 1313/151/1187 1311/140/1187 1283/141/1187
f 1281/145/1188 1278/142/1188 1323/153/1188 1326/152/1188
f 1277/110/1189 1275/85/1189 1320/155/1189 1322/154/1189
f 1678/61/1190 1264/62/1190 1315/157/1190 1679/156/1190
f 1264/62/1191 1274/67/1191 1319/158/1191 1315/157/1191
f 1282/150/1192 1283/141/1192 1328/160/1192 1327/159/1192
f 1275/85/1193 1276/84/1193 1321/161/1193 1320/155/1193
f 1263/63/1194 1265/64/1194 1316/163/1194 1314/162/1194
f 1330/138/1195 1280/147/1195 1325/165/1195 1332/164/1195
f 1276/84/1196 1266/74/1196 1317/166/1196 1321/161/1196
f 1265/64/1197 1267/66/1197 1318/167/1197 1316/163/1197
f 1284/75/1198 1282/150/1198 1327/159/1198 1329/168/1198
f 1267/66/1199 1284/75/1199 1329/168/1199 1318/167/1199
f 1278/142/1200 1279/148/1200 1324/169/1200 1323/153/1200
f 1435/136/1201 1277/110/1201 1322/154/1201 1437/170/1201
f 1280/147/1202 1281/145/1202 1326/152/1202 1325/165/1202
f 1857/65/1203 1263/63/1203 1314/162/1203 1862/171/1203
f 80/60/1204 226/172/1204 1313/151/1204 1312/76/1204
f 1313/151/1205 226/172/1205 79/173/1205 1311/140/1205
f 227/174/1206 73/175/1206 1309/146/1206 1331/139/1206
f 79/173/1207 227/174/1207 1331/139/1207 1311/140/1207
f 1283/141/1208 1330/138/1208 1332/164/1208 1328/160/1208
f 1280/147/1209 1330/138/1209 1331/139/1209 1309/146/1209
f 1316/163/1210 1318/167/1210 1337/177/1210 1335/176/1210
f 1326/152/1211 1323/153/1211 1342/179/1211 1345/178/1211
f 1315/157/1212 1319/158/1212 1338/181/1212 1334/180/1212
f 1327/159/1213 1328/160/1213 1347/183/1213 1346/182/1213
f 1322/154/1214 1320/155/1214 1339/185/1214 1341/184/1214
f 1328/160/1215 1332/164/1215 1349/186/1215 1347/183/1215
f 1320/155/1216 1321/161/1216 1340/187/1216 1339/185/1216
f 1329/168/1217 1327/159/1217 1346/182/1217 1348/188/1217
f 1321/161/1218 1317/166/1218 1336/189/1218 1340/187/1218
f 1862/171/1219 1314/162/1219 1333/191/1219 1863/190/1219
f 1318/167/1220 1329/168/1220 1348/188/1220 1337/177/1220
f 1323/153/1221 1324/169/1221 1343/192/1221 1342/179/1221
f 1679/156/1222 1315/157/1222 1334/180/1222 1680/193/1222
f 1437/170/1223 1322/154/1223 1341/184/1223 1438/194/1223
f 1332/164/1224 1325/165/1224 1344/195/1224 1349/186/1224
f 1314/162/1225 1316/163/1225 1335/176/1225 1333/191/1225
f 1325/165/1226 1326/152/1226 1345/178/1226 1344/195/1226
f 1346/182/1227 1347/183/1227 1364/197/1227 1363/196/1227
f 1341/184/1228 1339/185/1228 1356/199/1228 1358/198/1228
f 1347/183/1229 1349/186/1229 1366/200/1229 1364/197/1229
f 1339/185/1230 1340/187/1230 1357/201/1230 1356/199/1230
f 1348/188/1231 1346/182/1231 1363/196/1231 1365/202/1231
f 1340/187/1232 1336/189/1232 1353/203/1232 1357/201/1232
f 1863/190/1233 1333/191/1233 1350/205/1233 1864/204/1233
f 1337/177/1234 1348/188/1234 1365/202/1234 1354/206/1234
f 1342/179/1235 1343/192/1235 1360/208/1235 1359/207/1235
f 1680/193/1236 1334/180/1236 1351/210/1236 1681/209/1236
f 1349/186/1237 1344/195/1237 1361/211/1237 1366/200/1237
f 1438/194/1238 1341/184/1238 1358/198/1238 1439/212/1238
f 1333/191/1239 1335/176/1239 1352/213/1239 1350/205/1239
f 1344/195/1240 1345/178/1240 1362/214/1240 1361/211/1240
f 1335/176/1241 1337/177/1241 1354/206/1241 1352/213/1241
f 1345/178/1242 1342/179/1242 1359/207/1242 1362/214/1242
f 1334/180/1243 1338/181/1243 1355/215/1243 1351/210/1243
f 1864/204/1244 1350/205/1244 1367/217/1244 1865/216/1244
f 1354/206/1245 1365/202/1245 1382/219/1245 1371/218/1245
f 1359/207/1246 1360/208/1246 1377/221/1246 1376/220/1246
f 1681/209/1247 1351/210/1247 1368/223/1247 1682/222/1247
f 1366/200/1248 1361/211/1248 1378/225/1248 1383/224/1248
f 1439/212/1249 1358/198/1249 1375/227/1249 1440/226/1249
f 1350/205/1250 1352/213/1250 1369/228/1250 1367/217/1250
f 1361/211/1251 1362/214/1251 1379/229/1251 1378/225/1251
f 1352/213/1252 1354/206/1252 1371/218/1252 1369/228/1252
f 1362/214/1253 1359/207/1253 1376/220/1253 1379/229/1253
f 1351/210/1254 1355/215/1254 1372/230/1254 1368/223/1254
f 1363/196/1255 1364/197/1255 1381/232/1255 1380/231/1255
f 1358/198/1256 1356/199/1256 1373/233/1256 1375/227/1256
f 1364/197/1257 1366/200/1257 1383/224/1257 1381/232/1257
f 1356/199/1258 1357/201/1258 1374/234/1258 1373/233/1258
f 1365/202/1259 1363/196/1259 1380/231/1259 1382/219/1259
f 1357/201/1260 1353/203/1260 1370/235/1260 1374/234/1260
f 1379/229/1261 1376/220/1261 1393/237/1261 1396/236/1261
f 1368/223/1262 1372/230/1262 1389/239/1262 1385/238/1262
f 1380/231/1263 1381/232/1263 1398/241/1263 1397/240/1263
f 1375/227/1264 1373/233/1264 1390/243/1264 1392/242/1264
f 1381/232/1265 1383/224/1265 1400/244/1265 1398/241/1265
f 1373/233/1266 1374/234/1266 1391/245/1266 1390/243/1266
f 1382/219/1267 1380/231/1267 1397/240/1267 1399/246/1267
f 1374/234/1268 1370/235/1268 1387/247/1268 1391/245/1268
f 1865/216/1269 1367/217/1269 1384/249/1269 1866/248/1269
f 1371/218/1270 1382/219/1270 1399/246/1270 1388/250/1270
f 1376/220/1271 1377/221/1271 1394/251/1271 1393/237/1271
f 1682/222/1272 1368/223/1272 1385/238/1272 1683/252/1272
f 1383/224/1273 1378/225/1273 1395/253/1273 1400/244/1273
f 1440/226/1274 1375/227/1274 1392/242/1274 1441/254/1274
f 1367/217/1275 1369/228/1275 1386/255/1275 1384/249/1275
f 1378/225/1276 1379/229/1276 1396/236/1276 1395/253/1276
f 1369/228/1277 1371/218/1277 1388/250/1277 1386/255/1277
f 1401/256/1278 1394/251/1278 1441/254/1278 1392/242/1278
f 1393/237/1278 1394/251/1278 1401/256/1278
f 1396/236/1278 1393/237/1278 1401/256/1278
f 1395/253/1278 1396/236/1278 1401/256/1278
f 1400/244/1278 1395/253/1278 1401/256/1278
f 1398/241/1278 1400/244/1278 1401/256/1278
f 1397/240/1278 1398/241/1278 1401/256/1278
f 1397/240/1278 1401/256/1278 1399/246/1278
f 1401/256/1278 1390/243/1278 1391/245/1278
f 1392/242/1278 1390/243/1278 1401/256/1278
f 1391/245/1278 1387/247/1278 1401/256/1278
f 1385/238/1278 1401/256/1278 1387/247/1278 1683/252/1278
f 1389/239/1278 1401/256/1278 1385/238/1278
f 1384/249/1278 1401/256/1278 1389/239/1278 1866/248/1278
f 1386/255/1278 1401/256/1278 1384/249/1278
f 1388/250/1278 1401/256/1278 1386/255/1278
f 1399/246/1278 1401/256/1278 1388/250/1278
f 1306/135/1279 1403/134/1279 1402/131/1279 1293/109/1279
f 1307/149/1280 1308/143/1280 1406/258/1280 1405/257/1280
f 1308/143/1278 1310/144/1278 1407/259/1278 1406/258/1278
f 1436/137/1278 1307/149/1278 1405/257/1278 1442/260/1278
f 1306/135/1281 1404/261/1281 1403/134/1281
f 1309/146/1282 73/175/1282 1408/263/1282 1409/262/1282
f 1309/146/1278 1409/262/1278 1407/259/1278 1310/144/1278
f 1409/262/1283 1408/263/1283 1407/259/1283
f 1555/264/1284 1554/267/1284 1416/266/1284 1415/265/1284
f 1554/267/1278 1556/269/1278 1417/268/1278 1416/266/1278
f 1558/270/1285 1555/264/1285 1415/265/1285 1443/271/1285
f 1557/272/1286 1414/275/1286 1413/274/1286 1553/273/1286
f 1412/276/1287 1413/274/1287 1414/275/1287 1418/277/1287
f 1411/278/1288 1412/276/1288 1418/277/1288 1419/279/1288
f 1410/280/1289 1411/278/1289 1419/279/1289 1420/281/1289
f 19/282/1290 41/283/1290 1410/280/1290 1420/281/1290
f 1570/274/207 1421/274/207 1403/134/207 1581/284/207
f 1571/285/1291 1422/286/1291 1421/274/1291 1570/274/1291
f 1572/287/1292 1423/288/1292 1422/286/1292 1571/285/1292
f 1573/289/1293 1424/290/1293 1423/288/1293 1572/287/1293
f 1574/291/1294 1573/289/1294 1410/280/1294 41/283/1294
f 1403/134/1295 1421/274/1295 1305/132/1295
f 53/133/1296 1305/132/1296 1426/293/1296 324/292/1296
f 1421/274/1297 1426/293/1297 1305/132/1297
f 1422/286/1298 1426/293/1298 1421/274/1298
f 1428/294/1299 1426/293/1299 1422/286/1299
f 1427/295/1300 324/292/1300 1428/294/1300
f 324/292/1301 1426/293/1301 1428/294/1301
f 1422/286/1302 1423/288/1302 1428/294/1302
f 1424/290/1303 1428/294/1303 1423/288/1303
f 1424/290/1304 1425/296/1304 1427/295/1304
f 1428/294/1305 1424/290/1305 1427/295/1305
f 1427/295/1306 1425/296/1306 1429/298/1306 1430/297/1306
f 1427/295/1307 1430/297/1307 1431/299/1307 324/292/1307
f 96/300/1308 53/133/1308 324/292/1308 1431/299/1308
f 1575/301/1309 1429/298/1309 1425/296/1309 1574/291/1309
f 1430/297/1310 1433/303/1310 1434/302/1310 1431/299/1310
f 1430/297/1311 1429/298/1311 1432/304/1311 1433/303/1311
f 1431/299/1312 1434/302/1312 335/305/1312 96/300/1312
f 331/306/1313 27/307/1313 1429/298/1313 1575/301/1313
f 1429/298/1314 27/307/1314 1432/304/1314
f 27/307/1315 336/308/1315 1432/304/1315
f 19/282/1316 1420/281/1316 337/309/1316
f 1557/272/1317 1558/270/1317 1443/271/1317 1414/275/1317
f 1306/135/1278 1436/137/1278 1442/260/1278 1404/261/1278
f 1377/221/1318 1440/226/1318 1441/254/1318 1394/251/1318
f 1360/208/1319 1439/212/1319 1440/226/1319 1377/221/1319
f 1343/192/1320 1438/194/1320 1439/212/1320 1360/208/1320
f 1324/169/1321 1437/170/1321 1438/194/1321 1343/192/1321
f 1279/148/1322 1435/136/1322 1437/170/1322 1324/169/1322
f 1279/148/1323 1307/149/1323 1436/137/1323 1435/136/1323
f 1528/310/1324 1445/313/1324 1444/312/1324 1527/311/1324
f 1418/277/1325 1414/275/1325 1443/271/1325
f 1419/279/1326 1418/277/1326 1443/271/1326
f 1556/269/1327 1561/315/1327 1524/314/1327 1417/268/1327
f 73/175/1328 76/316/1328 1408/263/1328
f 1444/312/1329 1446/317/1329 1443/271/1329 1527/311/1329
f 1443/271/1330 1446/317/1330 1419/279/1330
f 1420/281/1331 1419/279/1331 1446/317/1331
f 1446/317/1332 1447/318/1332 1420/281/1332
f 350/319/1333 337/309/1333 1420/281/1333 1447/318/1333
f 1529/320/1334 1448/321/1334 1445/313/1334 1528/310/1334
f 1530/322/1335 1450/323/1335 1448/321/1335 1529/320/1335
f 1459/324/1336 1458/326/1336 1462/325/1336
f 1456/327/1337 1455/330/1337 40/329/1337 1469/328/1337
f 34/331/1338 40/329/1338 1455/330/1338
f 1469/328/1339 1470/333/1339 1454/332/1339 1456/327/1339
f 10/334/1340 390/336/1340 1486/335/1340 1470/333/1340
f 1485/337/1341 1479/340/1341 1463/339/1341 1476/338/1341
f 11/341/1342 402/343/1342 1499/342/1342 1479/340/1342
f 1477/344/1343 1472/347/1343 1460/346/1343 1453/345/1343
f 1549/348/1344 1473/351/1344 1451/350/1344 1547/349/1344
f 1473/351/1345 1474/353/1345 1452/352/1345 1451/350/1345
f 1474/353/1346 1475/355/1346 1449/354/1346 1452/352/1346
f 1483/356/1347 1484/359/1347 1468/358/1347 1467/357/1347
f 1482/360/1348 1483/356/1348 1467/357/1348 1466/361/1348
f 1550/362/1349 1482/360/1349 1466/361/1349 1548/363/1349
f 1480/364/1350 1481/367/1350 1465/366/1350 1464/365/1350
f 1499/342/1351 1480/364/1351 1464/365/1351 1497/368/1351
f 1467/357/1352 1468/358/1352 1475/355/1352 1474/353/1352
f 1466/361/1353 1467/357/1353 1474/353/1353 1473/351/1353
f 1548/363/1354 1466/361/1354 1473/351/1354 1549/348/1354
f 1464/365/1355 1465/366/1355 1472/347/1355 1477/344/1355
f 1497/368/1356 1464/365/1356 1477/344/1356 1498/369/1356
f 1478/370/1357 1485/337/1357 1476/338/1357 1462/325/1357
f 390/336/1358 11/341/1358 1471/371/1358 1486/335/1358
f 40/329/1359 10/334/1359 1470/333/1359 1469/328/1359
f 1461/372/1360 1471/371/1360 1485/337/1360 1478/370/1360
f 402/343/1361 23/373/1361 1480/364/1361 1499/342/1361
f 23/373/1362 25/374/1362 1481/367/1362 1480/364/1362
f 461/375/1363 21/376/1363 1482/360/1363 1550/362/1363
f 21/376/1364 350/319/1364 1483/356/1364 1482/360/1364
f 350/319/1365 1447/318/1365 1484/359/1365 1483/356/1365
f 1471/371/1366 11/341/1366 1479/340/1366 1485/337/1366
f 1458/326/1367 1478/370/1367 1462/325/1367
f 1444/312/1368 1484/359/1368 1447/318/1368 1446/317/1368
f 1445/313/1369 1484/359/1369 1444/312/1369
f 1484/359/1370 1445/313/1370 1468/358/1370
f 1445/313/1371 1448/321/1371 1468/358/1371
f 1468/358/1372 1448/321/1372 1475/355/1372
f 1450/323/1373 1449/354/1373 1475/355/1373 1448/321/1373
f 1457/377/1374 1486/335/1374 1471/371/1374 1461/372/1374
f 1454/332/1375 1470/333/1375 1486/335/1375 1457/377/1375
f 1450/323/1376 1496/378/1376 1449/354/1376
f 1496/378/1377 1495/379/1377 1452/352/1377 1449/354/1377
f 1452/352/1378 1495/379/1378 1494/380/1378 1451/350/1378
f 1547/349/1379 1551/382/1379 1493/381/1379 1460/346/1379
f 1460/346/1380 1493/381/1380 1492/383/1380 1453/345/1380
f 1463/339/1381 1497/368/1381 1498/369/1381 1476/338/1381
f 1479/340/1382 1499/342/1382 1497/368/1382 1463/339/1382
f 1462/325/1383 1476/338/1383 1498/369/1383 1459/324/1383
f 1459/324/1384 1498/369/1384 1477/344/1384 1453/345/1384
f 1453/345/1385 1492/383/1385 1500/384/1385 1459/324/1385
f 1459/324/1386 1500/384/1386 1491/385/1386 1462/325/1386
f 1491/385/1387 1490/386/1387 1462/325/1387
f 1478/370/1388 1462/325/1388 1490/386/1388
f 1478/370/1389 1490/386/1389 1489/387/1389 1461/372/1389
f 1461/372/1390 1489/387/1390 1488/388/1390 1457/377/1390
f 1457/377/1391 1488/388/1391 1487/389/1391 1454/332/1391
f 1454/332/1392 1487/389/1392 1456/327/1392
f 1450/323/1393 1501/390/1393 1496/378/1393
f 1502/391/1394 1495/379/1394 1496/378/1394 1501/390/1394
f 1503/392/1395 1494/380/1395 1495/379/1395 1502/391/1395
f 1509/393/1396 1489/387/1396 1490/386/1396 1508/394/1396
f 1490/386/1397 1491/385/1397 1507/395/1397 1508/394/1397
f 1491/385/1398 1500/384/1398 1506/396/1398 1507/395/1398
f 1500/384/1399 1492/383/1399 1505/397/1399 1506/396/1399
f 1492/383/1400 1493/381/1400 1504/398/1400 1505/397/1400
f 1551/382/1401 1494/380/1401 1503/392/1401 1552/399/1401
f 1456/327/1402 1487/389/1402 1511/400/1402
f 1487/389/1403 1488/388/1403 1510/401/1403 1511/400/1403
f 1488/388/1404 1489/387/1404 1509/393/1404 1510/401/1404
f 1455/330/1405 1456/327/1405 1512/402/1405
f 8/403/1406 1513/405/1406 12/404/1406
f 1455/330/1407 1514/406/1407 34/331/1407
f 1512/402/1408 1514/406/1408 1455/330/1408
f 34/331/1409 1514/406/1409 1513/405/1409 8/403/1409
f 1513/405/1410 1514/406/1410 1512/402/1410
f 1513/405/1411 421/407/1411 12/404/1411
f 1512/402/1412 422/408/1412 421/407/1412 1513/405/1412
f 422/408/1413 1512/402/1413 6/409/1413
f 1515/410/1414 6/409/1414 1512/402/1414 1456/327/1414
f 1511/400/1415 1516/412/1415 1517/411/1415 1456/327/1415
f 1515/410/1416 1456/327/1416 1517/411/1416
f 1519/413/1417 1518/414/1417 1510/401/1417 1509/393/1417
f 1510/401/1418 1518/414/1418 1516/412/1418 1511/400/1418
f 1520/415/1419 1519/413/1419 1509/393/1419 1508/394/1419
f 1521/416/1420 1520/415/1420 1508/394/1420 1507/395/1420
f 1585/417/1421 1522/420/1421 1523/419/1421 1576/418/1421
f 1577/421/1422 1586/423/1422 1408/263/1422 1531/422/1422
f 1532/424/1423 1501/390/1423 1450/323/1423 1530/322/1423
f 74/425/1424 1526/426/1424 1408/263/1424 76/316/1424
f 1525/427/1425 1526/426/1425 74/425/1425 75/428/1425
f 75/428/1426 72/429/1426 1525/427/1426
f 1524/314/1427 1532/424/1427 1530/322/1427 1417/268/1427
f 1585/417/1428 1577/421/1428 1531/422/1428 1522/420/1428
f 1417/268/1429 1530/322/1429 1529/320/1429 1416/266/1429
f 1416/266/1430 1529/320/1430 1528/310/1430 1415/265/1430
f 1415/265/1431 1528/310/1431 1527/311/1431 1443/271/1431
f 1526/426/1432 1533/430/1432 1531/422/1432 1408/263/1432
f 72/429/1433 70/431/1433 1525/427/1433
f 1525/427/1434 70/431/1434 1534/432/1434
f 1535/433/1435 1534/432/1435 70/431/1435 442/434/1435
f 1531/422/1436 1533/430/1436 1523/419/1436 1522/420/1436
f 1525/427/1437 1534/432/1437 1533/430/1437 1526/426/1437
f 1537/435/1438 443/437/1438 68/436/1438
f 443/437/1439 1537/435/1439 1536/439/1439 71/438/1439
f 71/438/1440 1536/439/1440 1535/433/1440 442/434/1440
f 68/436/1441 444/440/1441 1537/435/1441
f 444/440/1442 69/441/1442 1536/439/1442 1537/435/1442
f 1536/439/1443 69/441/1443 1538/442/1443
f 1535/433/1444 1536/439/1444 1538/442/1444 1539/443/1444
f 1535/433/1445 1539/443/1445 1534/432/1445
f 1533/430/1446 1534/432/1446 1539/443/1446
f 1523/419/1447 1533/430/1447 1540/445/1447 58/444/1447
f 1541/446/1448 451/447/1448 58/444/1448 1540/445/1448
f 1541/446/1449 1539/443/1449 1538/442/1449 1542/448/1449
f 69/441/1450 65/449/1450 1538/442/1450
f 451/447/1451 1541/446/1451 1542/448/1451 61/450/1451
f 1539/443/1452 1541/446/1452 1540/445/1452 1533/430/1452
f 1546/451/1453 460/453/1453 60/452/1453
f 1542/448/1454 1538/442/1454 65/449/1454 1543/454/1454
f 67/455/1455 1544/456/1455 1543/454/1455 65/449/1455
f 66/457/1456 1545/458/1456 1544/456/1456 67/455/1456
f 460/453/1457 1546/451/1457 1545/458/1457 66/457/1457
f 60/452/1458 64/459/1458 1546/451/1458
f 64/459/1459 62/460/1459 1545/458/1459 1546/451/1459
f 62/460/1460 63/461/1460 1544/456/1460 1545/458/1460
f 1544/456/1461 63/461/1461 1543/454/1461
f 63/461/1462 61/450/1462 1542/448/1462 1543/454/1462
f 1576/418/1463 1523/419/1463 58/444/1463 1578/462/1463
f 1493/381/1464 1551/382/1464 1552/399/1464 1504/398/1464
f 1451/350/1465 1494/380/1465 1551/382/1465 1547/349/1465
f 25/374/1466 461/375/1466 1550/362/1466 1481/367/1466
f 1465/366/1467 1548/363/1467 1549/348/1467 1472/347/1467
f 1481/367/1468 1550/362/1468 1548/363/1468 1465/366/1468
f 1472/347/1469 1549/348/1469 1547/349/1469 1460/346/1469
f 1564/463/1470 1552/399/1470 1503/392/1470 1563/464/1470
f 1587/465/1471 452/468/1471 468/467/1471 1579/466/1471
f 1579/466/1472 468/467/1472 59/470/1472 1580/469/1472
f 1567/471/1473 1506/396/1473 1505/397/1473 1566/472/1473
f 1588/473/1474 1567/471/1474 1566/472/1474 1580/469/1474
f 1504/398/1475 1565/474/1475 1566/472/1475 1505/397/1475
f 1552/399/1476 1564/463/1476 1565/474/1476 1504/398/1476
f 1587/465/1477 1564/463/1477 1563/464/1477 1578/462/1477
f 1502/391/1478 1560/475/1478 1563/464/1478 1503/392/1478
f 1501/390/1479 1532/424/1479 1562/477/1479 1559/476/1479
f 1532/424/1480 1524/314/1480 1561/315/1480 1562/477/1480
f 1501/390/1481 1559/476/1481 1560/475/1481 1502/391/1481
f 1583/478/1327 1586/423/1327 1561/315/1327 1556/269/1327
f 1569/479/1482 1584/480/1482 1558/270/1482 1557/272/1482
f 1569/479/1483 1557/272/1483 1553/273/1483 1581/284/1483
f 1584/480/1484 1568/481/1484 1555/264/1484 1558/270/1484
f 1582/482/1278 1583/478/1278 1556/269/1278 1554/267/1278
f 1568/481/1485 1582/482/1485 1554/267/1485 1555/264/1485
f 1506/396/1486 1567/471/1486 1521/416/1486 1507/395/1486
f 1588/473/1487 1589/483/1487 1521/416/1487 1567/471/1487
f 1589/483/1488 1590/484/1488 1520/415/1488 1521/416/1488
f 36/485/1489 32/486/1489 1590/484/1489 1589/483/1489
f 38/487/1490 36/485/1490 1589/483/1490 1588/473/1490
f 1405/257/1491 1406/258/1491 1582/482/1491 1568/481/1491
f 1406/258/1278 1407/259/1278 1583/478/1278 1582/482/1278
f 1442/260/1492 1405/257/1492 1568/481/1492 1584/480/1492
f 1404/261/1493 1569/479/1493 1581/284/1493 1403/134/1493
f 1404/261/1494 1442/260/1494 1584/480/1494 1569/479/1494
f 1407/259/1327 1408/263/1327 1586/423/1327 1583/478/1327
f 452/468/1495 1587/465/1495 1578/462/1495 58/444/1495
f 38/487/1496 1588/473/1496 1580/469/1496 59/470/1496
f 1565/474/1497 1579/466/1497 1580/469/1497 1566/472/1497
f 1564/463/1498 1587/465/1498 1579/466/1498 1565/474/1498
f 1560/475/1499 1576/418/1499 1578/462/1499 1563/464/1499
f 1559/476/1500 1562/477/1500 1577/421/1500 1585/417/1500
f 1562/477/1501 1561/315/1501 1586/423/1501 1577/421/1501
f 1559/476/1502 1585/417/1502 1576/418/1502 1560/475/1502
f 331/306/1503 1575/301/1503 1574/291/1503 41/283/1503
f 1425/296/1504 1424/290/1504 1573/289/1504 1574/291/1504
f 1410/280/1505 1573/289/1505 1572/287/1505 1411/278/1505
f 1411/278/1506 1572/287/1506 1571/285/1506 1412/276/1506
f 1412/276/1507 1571/285/1507 1570/274/1507 1413/274/1507
f 1413/274/207 1570/274/207 1581/284/207 1553/273/207
f 1519/413/1508 1520/415/1508 1590/484/1508 1591/488/1508
f 26/489/1509 1591/488/1509 1590/484/1509 32/486/1509
f 1592/490/1510 1518/414/1510 1519/413/1510 1591/488/1510
f 28/491/1511 1592/490/1511 1591/488/1511 26/489/1511
f 1593/492/1512 509/494/1512 30/493/1512
f 28/491/1513 509/494/1513 1593/492/1513
f 1592/490/1514 28/491/1514 1593/492/1514
f 1592/490/1515 1593/492/1515 24/495/1515
f 30/493/1516 22/496/1516 1593/492/1516
f 22/496/1517 24/495/1517 1593/492/1517
f 1592/490/1518 24/495/1518 1594/497/1518
f 1595/498/1519 17/500/1519 20/499/1519
f 20/499/1520 16/501/1520 1595/498/1520
f 17/500/1521 1595/498/1521 1594/497/1521 24/495/1521
f 16/501/1522 18/502/1522 1594/497/1522 1595/498/1522
f 1592/490/1523 1594/497/1523 1518/414/1523
f 1518/414/1524 1594/497/1524 18/502/1524 1516/412/1524
f 1596/503/1525 18/502/1525 16/501/1525 513/504/1525
f 18/502/1526 1596/503/1526 1516/412/1526
f 1516/412/1527 1596/503/1527 1517/411/1527
f 1600/505/1528 1515/410/1528 1517/411/1528 1599/506/1528
f 1598/507/1529 1600/505/1529 1599/506/1529 1597/508/1529
f 7/509/1530 6/409/1530 1515/410/1530 1600/505/1530
f 1598/507/1531 519/510/1531 7/509/1531 1600/505/1531
f 3/511/1532 9/514/1532 1601/513/1532 1602/512/1532
f 9/514/1533 519/510/1533 1598/507/1533 1601/513/1533
f 1602/512/1534 1601/513/1534 1603/516/1534 1604/515/1534
f 1597/508/1535 1603/516/1535 1601/513/1535 1598/507/1535
f 4/517/1536 526/520/1536 1605/519/1536 1606/518/1536
f 1605/519/1537 526/520/1537 5/522/1537 1607/521/1537
f 5/522/1538 3/511/1538 1602/512/1538 1607/521/1538
f 1606/518/1539 1605/519/1539 1609/524/1539 1610/523/1539
f 1605/519/1540 1607/521/1540 1608/525/1540 1609/524/1540
f 1604/515/1541 1608/525/1541 1607/521/1541 1602/512/1541
f 1609/524/1542 1608/525/1542 1611/526/1542
f 1608/525/1543 1604/515/1543 1612/527/1543
f 1611/526/1544 1608/525/1544 1612/527/1544
f 1610/523/1545 1609/524/1545 1611/526/1545 1613/528/1545
f 1599/506/1546 1517/411/1546 1614/529/1546
f 1596/503/1547 1614/529/1547 1517/411/1547
f 1596/503/1548 513/504/1548 1614/529/1548
f 1613/528/1549 1611/526/1549 1618/531/1549 1619/530/1549
f 1611/526/1550 1612/527/1550 1617/532/1550 1618/531/1550
f 1612/527/1551 1604/515/1551 1616/533/1551 1617/532/1551
f 1597/508/1552 1599/506/1552 1614/529/1552 1615/534/1552
f 1603/516/1553 1597/508/1553 1615/534/1553 1620/535/1553
f 1604/515/1554 1603/516/1554 1620/535/1554 1616/533/1554
f 513/504/1555 541/536/1555 1615/534/1555 1614/529/1555
f 541/536/1556 15/537/1556 1615/534/1556
f 1615/534/1557 15/537/1557 1620/535/1557
f 15/537/1558 542/538/1558 1620/535/1558
f 1620/535/1559 542/538/1559 543/539/1559
f 1616/533/1560 1620/535/1560 543/539/1560 1621/540/1560
f 13/541/1561 1621/540/1561 14/542/1561
f 1621/540/1562 543/539/1562 14/542/1562
f 1621/540/1563 13/541/1563 1616/533/1563
f 13/541/1564 1/543/1564 1616/533/1564
f 1616/533/1565 1/543/1565 1617/532/1565
f 1/543/1566 2/544/1566 1617/532/1566
f 1618/531/1567 1617/532/1567 2/544/1567 546/545/1567
f 42/546/1568 1619/530/1568 1618/531/1568 546/545/1568
f 46/547/1569 45/548/1569 1619/530/1569
f 46/547/1570 1619/530/1570 42/546/1570
f 1622/549/1571 1613/528/1571 1619/530/1571 45/548/1571
f 1610/523/1572 1613/528/1572 1622/549/1572 1624/550/1572
f 4/517/1573 1606/518/1573 1625/552/1573 551/551/1573
f 1606/518/1574 1610/523/1574 1624/550/1574 1625/552/1574
f 47/553/1575 1627/556/1575 1626/555/1575 44/554/1575
f 44/554/1576 1626/555/1576 1622/549/1576 45/548/1576
f 1627/556/1577 1628/558/1577 1623/557/1577 1626/555/1577
f 1623/557/1578 1624/550/1578 1622/549/1578 1626/555/1578
f 1628/558/1579 1633/559/1579 1623/557/1579
f 1623/557/1580 1633/559/1580 1625/552/1580 1624/550/1580
f 1629/560/1581 50/562/1581 1632/561/1581
f 50/562/1582 1629/560/1582 1630/564/1582 51/563/1582
f 51/563/1583 1630/564/1583 1634/567/1583 559/566/1583
f 47/553/1584 559/566/1584 1634/567/1584 1627/556/1584
f 1627/556/1585 1634/567/1585 1630/564/1585 1628/558/1585
f 48/568/1586 1637/571/1586 1636/570/1586 565/569/1586
f 1636/570/1587 1638/573/1587 52/572/1587 565/569/1587
f 52/572/1588 1638/573/1588 1635/575/1588 567/574/1588
f 1635/575/1589 1639/577/1589 49/576/1589 567/574/1589
f 1631/578/1590 1632/561/1590 50/562/1590 569/579/1590
f 49/576/1591 1639/577/1591 1631/578/1591 569/579/1591
f 56/580/1592 1637/571/1592 48/568/1592
f 1657/581/1593 1656/582/1593 1638/573/1593 1636/570/1593
f 1648/583/1594 570/586/1594 37/585/1594 1650/584/1594
f 1661/587/1595 1658/588/1595 1639/577/1595 1635/575/1595
f 1658/588/1596 1659/589/1596 1631/578/1596 1639/577/1596
f 1659/589/1597 1652/592/1597 33/591/1597 1660/590/1597
f 1632/561/1598 1660/590/1598 33/591/1598 1629/560/1598
f 33/591/1599 571/593/1599 1630/564/1599 1629/560/1599
f 551/551/1600 1625/552/1600 1633/559/1600 571/593/1600
f 1630/564/1601 571/593/1601 1633/559/1601 1628/558/1601
f 1637/571/1602 1640/594/1602 1636/570/1602
f 1641/595/1603 1640/594/1603 1637/571/1603 56/580/1603
f 54/596/1604 335/305/1604 1434/302/1604 1643/597/1604
f 54/596/1605 1643/597/1605 1642/599/1605 57/598/1605
f 57/598/1606 1642/599/1606 1641/595/1606 56/580/1606
f 1646/600/1607 1641/595/1607 1642/599/1607 1645/601/1607
f 1642/599/1608 1643/597/1608 1644/602/1608 1645/601/1608
f 1433/303/1609 1644/602/1609 1643/597/1609 1434/302/1609
f 35/603/1610 33/591/1610 1652/592/1610 1651/604/1610
f 37/585/1611 35/603/1611 1651/604/1611 1650/584/1611
f 1656/582/1612 1648/583/1612 1650/584/1612 1661/587/1612
f 39/605/1613 570/586/1613 1648/583/1613 1649/606/1613
f 1232/607/1614 1432/304/1614 336/308/1614 581/608/1614
f 1647/609/1615 1232/607/1615 581/608/1615 580/610/1615
f 1432/304/1616 1232/607/1616 1644/602/1616 1433/303/1616
f 1647/609/1617 1645/601/1617 1644/602/1617 1232/607/1617
f 1653/611/1618 1647/609/1618 580/610/1618 31/612/1618
f 1646/600/1619 1645/601/1619 1647/609/1619 1653/611/1619
f 39/605/1620 1649/606/1620 1654/614/1620 589/613/1620
f 31/612/1621 589/613/1621 1654/614/1621 1653/611/1621
f 1655/615/1622 1640/594/1622 1641/595/1622 1646/600/1622
f 1646/600/1623 1653/611/1623 1654/614/1623 1655/615/1623
f 1638/573/1624 1656/582/1624 1661/587/1624 1635/575/1624
f 1631/578/1625 1659/589/1625 1660/590/1625 1632/561/1625
f 1651/604/1626 1652/592/1626 1659/589/1626 1658/588/1626
f 1650/584/1627 1651/604/1627 1658/588/1627 1661/587/1627
f 1649/606/1628 1648/583/1628 1656/582/1628 1657/581/1628
f 1657/581/1629 1636/570/1629 1640/594/1629 1655/615/1629
f 1654/614/1630 1649/606/1630 1657/581/1630 1655/615/1630
f 1236/51/1631 119/50/1631 597/616/1631
f 1668/617/1632 1667/620/1632 1662/619/1632 1664/618/1632
f 1868/621/1633 1669/624/1633 1666/623/1633 1867/622/1633
f 1670/625/1634 1668/617/1634 1664/618/1634 1665/626/1634
f 1669/624/1635 1671/628/1635 1663/627/1635 1666/623/1635
f 610/629/1636 1670/625/1636 1665/626/1636 604/630/1636
f 120/52/1637 1237/53/1637 1670/625/1637 610/629/1637
f 1268/70/1638 1234/58/1638 1671/628/1638 1669/624/1638
f 1237/53/1639 1235/54/1639 1668/617/1639 1670/625/1639
f 1855/56/1640 1268/70/1640 1669/624/1640 1868/621/1640
f 1235/54/1641 1233/55/1641 1667/620/1641 1668/617/1641
f 1672/57/1642 1236/51/1642 597/616/1642 1684/631/1642
f 1685/632/1643 1684/631/1643 597/616/1643 603/633/1643
f 1663/627/1644 1671/628/1644 1684/631/1644 1685/632/1644
f 1234/58/1645 1672/57/1645 1684/631/1645 1671/628/1645
f 1370/235/1646 1682/222/1646 1683/252/1646 1387/247/1646
f 1353/203/1647 1681/209/1647 1682/222/1647 1370/235/1647
f 1336/189/1648 1680/193/1648 1681/209/1648 1353/203/1648
f 1317/166/1649 1679/156/1649 1680/193/1649 1336/189/1649
f 1266/74/1650 1678/61/1650 1679/156/1650 1317/166/1650
f 1241/49/1651 1673/10/1651 1678/61/1651 1266/74/1651
f 1236/51/1652 1672/57/1652 1677/13/1652 1261/31/1652
f 1252/39/1088 1675/32/1088 1676/9/1088 1257/44/1088
f 1247/30/1088 1674/14/1088 1675/32/1088 1252/39/1088
f 1261/31/1653 1677/13/1653 1674/14/1653 1247/30/1653
f 1257/44/1088 1676/9/1088 1673/10/1088 1241/49/1088
f 1685/632/1654 603/633/1654 630/635/1654 1691/634/1654
f 1665/626/1655 1664/618/1655 1688/637/1655 1689/636/1655
f 604/630/1656 1665/626/1656 1689/636/1656 631/638/1656
f 1867/622/1657 1666/623/1657 1690/640/1657 1869/639/1657
f 1663/627/1658 1685/632/1658 1691/634/1658 1687/641/1658
f 1666/623/1659 1663/627/1659 1687/641/1659 1690/640/1659
f 1664/618/1660 1662/619/1660 1686/642/1660 1688/637/1660
f 1691/634/1661 630/635/1661 638/644/1661 1697/643/1661
f 1690/640/1662 1687/641/1662 1693/646/1662 1696/645/1662
f 1688/637/1663 1686/642/1663 1692/648/1663 1694/647/1663
f 1687/641/1664 1691/634/1664 1697/643/1664 1693/646/1664
f 631/638/1665 1689/636/1665 1695/650/1665 639/649/1665
f 1689/636/1666 1688/637/1666 1694/647/1666 1695/650/1666
f 1869/639/1667 1690/640/1667 1696/645/1667 1870/651/1667
f 1696/645/1668 1693/646/1668 1699/653/1668 1702/652/1668
f 1694/647/1669 1692/648/1669 1698/655/1669 1700/654/1669
f 1693/646/1670 1697/643/1670 1703/656/1670 1699/653/1670
f 639/649/1671 1695/650/1671 1701/658/1671 647/657/1671
f 1695/650/1672 1694/647/1672 1700/654/1672 1701/658/1672
f 1870/651/1673 1696/645/1673 1702/652/1673 1871/659/1673
f 1697/643/1674 638/644/1674 646/660/1674 1703/656/1674
f 1699/653/1675 1703/656/1675 1709/662/1675 1705/661/1675
f 647/657/1676 1701/658/1676 1707/664/1676 655/663/1676
f 1701/658/1677 1700/654/1677 1706/665/1677 1707/664/1677
f 1871/659/1678 1702/652/1678 1708/667/1678 1872/666/1678
f 1703/656/1679 646/660/1679 654/668/1679 1709/662/1679
f 1702/652/1680 1699/653/1680 1705/661/1680 1708/667/1680
f 1700/654/1681 1698/655/1681 1704/669/1681 1706/665/1681
f 1705/661/1682 1709/662/1682 1715/671/1682 1711/670/1682
f 655/663/1683 1707/664/1683 1713/673/1683 663/672/1683
f 1707/664/1684 1706/665/1684 1712/674/1684 1713/673/1684
f 1872/666/1685 1708/667/1685 1714/676/1685 1873/675/1685
f 1709/662/1686 654/668/1686 662/677/1686 1715/671/1686
f 1708/667/1687 1705/661/1687 1711/670/1687 1714/676/1687
f 1706/665/1688 1704/669/1688 1710/678/1688 1712/674/1688
f 1711/670/1689 1715/671/1689 1721/680/1689 1717/679/1689
f 663/672/1690 1713/673/1690 1719/682/1690 671/681/1690
f 1713/673/1691 1712/674/1691 1718/683/1691 1719/682/1691
f 1873/675/1692 1714/676/1692 1720/685/1692 1874/684/1692
f 1715/671/1693 662/677/1693 670/686/1693 1721/680/1693
f 1714/676/1694 1711/670/1694 1717/679/1694 1720/685/1694
f 1712/674/1695 1710/678/1695 1716/687/1695 1718/683/1695
f 1719/682/1696 1718/683/1696 1724/689/1696 1725/688/1696
f 1874/684/1697 1720/685/1697 1726/691/1697 1875/690/1697
f 1721/680/1698 670/686/1698 678/693/1698 1727/692/1698
f 1720/685/1697 1717/679/1697 1723/694/1697 1726/691/1697
f 1718/683/1663 1716/687/1663 1722/695/1663 1724/689/1663
f 1717/679/1699 1721/680/1699 1727/692/1699 1723/694/1699
f 671/681/1700 1719/682/1700 1725/688/1700 679/696/1700
f 1727/692/1701 678/693/1701 686/698/1701 1733/697/1701
f 1726/691/1702 1723/694/1702 1729/700/1702 1732/699/1702
f 1724/689/1703 1722/695/1703 1728/702/1703 1730/701/1703
f 1723/694/1704 1727/692/1704 1733/697/1704 1729/700/1704
f 679/696/1705 1725/688/1705 1731/704/1705 687/703/1705
f 1725/688/1706 1724/689/1706 1730/701/1706 1731/704/1706
f 1875/690/1707 1726/691/1707 1732/699/1707 1876/705/1707
f 1732/699/1708 1729/700/1708 1735/707/1708 1738/706/1708
f 1730/701/1709 1728/702/1709 1734/709/1709 1736/708/1709
f 1729/700/1710 1733/697/1710 1739/710/1710 1735/707/1710
f 687/703/1711 1731/704/1711 1737/712/1711 695/711/1711
f 1731/704/1712 1730/701/1712 1736/708/1712 1737/712/1712
f 1876/705/1713 1732/699/1713 1738/706/1713 1877/713/1713
f 1733/697/1714 686/698/1714 694/714/1714 1739/710/1714
f 1735/707/1715 1739/710/1715 1745/716/1715 1741/715/1715
f 695/711/1716 1737/712/1716 1743/718/1716 703/717/1716
f 1737/712/1717 1736/708/1717 1742/719/1717 1743/718/1717
f 1877/713/1718 1738/706/1718 1744/721/1718 1878/720/1718
f 1739/710/1719 694/714/1719 702/722/1719 1745/716/1719
f 1738/706/1720 1735/707/1720 1741/715/1720 1744/721/1720
f 1736/708/1721 1734/709/1721 1740/723/1721 1742/719/1721
f 1741/715/1722 1745/716/1722 1751/725/1722 1747/724/1722
f 703/717/1723 1743/718/1723 1749/727/1723 711/726/1723
f 1743/718/1724 1742/719/1724 1748/728/1724 1749/727/1724
f 1878/720/1725 1744/721/1725 1750/730/1725 1879/729/1725
f 1745/716/1726 702/722/1726 710/731/1726 1751/725/1726
f 1744/721/1727 1741/715/1727 1747/724/1727 1750/730/1727
f 1742/719/1728 1740/723/1728 1746/732/1728 1748/728/1728
f 1749/727/1729 1748/728/1729 1754/734/1729 1755/733/1729
f 1879/729/1730 1750/730/1730 1756/736/1730 1880/735/1730
f 1751/725/1731 710/731/1731 718/738/1731 1757/737/1731
f 1750/730/1732 1747/724/1732 1753/739/1732 1756/736/1732
f 1748/728/1733 1746/732/1733 1752/740/1733 1754/734/1733
f 1747/724/1734 1751/725/1734 1757/737/1734 1753/739/1734
f 711/726/1735 1749/727/1735 1755/733/1735 719/741/1735
f 1756/736/1736 1753/739/1736 1759/743/1736 1762/742/1736
f 1754/734/1737 1752/740/1737 1758/745/1737 1760/744/1737
f 1753/739/1738 1757/737/1738 1763/746/1738 1759/743/1738
f 719/741/1739 1755/733/1739 1761/748/1739 726/747/1739
f 1755/733/1740 1754/734/1740 1760/744/1740 1761/748/1740
f 1880/735/1741 1756/736/1741 1762/742/1741 1881/749/1741
f 1757/737/1742 718/738/1742 729/750/1742 1763/746/1742
f 1797/751/1743 1764/754/1743 1765/753/1743 1796/752/1743
f 1796/752/1744 1798/757/1744 734/756/1744 731/755/1744
f 1798/757/1745 1799/759/1745 736/758/1745 734/756/1745
f 1799/759/1746 1800/761/1746 738/760/1746 736/758/1746
f 1797/751/1747 1801/763/1747 1769/762/1747 1764/754/1747
f 1801/763/1748 1802/765/1748 1770/764/1748 1769/762/1748
f 1803/766/1749 1800/761/1749 1768/768/1749 1771/767/1749
f 1802/765/1750 1804/770/1750 1773/769/1750 1770/764/1750
f 1805/771/1751 1804/770/1751 1774/773/1751 748/772/1751
f 1803/766/1752 1806/776/1752 751/775/1752 745/774/1752
f 1806/776/1753 1807/778/1753 753/777/1753 751/775/1753
f 1807/778/1754 1808/780/1754 755/779/1754 753/777/1754
f 1808/780/1755 1809/782/1755 757/781/1755 755/779/1755
f 1809/782/1756 1810/784/1756 759/783/1756 757/781/1756
f 759/783/1757 1810/784/1757 1779/786/1757 760/785/1757
f 1778/787/1758 762/789/1758 761/788/1758 1779/786/1758
f 760/785/1759 1779/786/1759 761/788/1759
f 1766/790/1760 1765/753/1760 718/738/1760 769/791/1760
f 1766/790/1761 769/791/1761 768/793/1761 1767/792/1761
f 1767/792/1762 768/793/1762 767/794/1762 1768/768/1762
f 1768/768/1763 767/794/1763 766/795/1763 1771/767/1763
f 1771/767/1764 766/795/1764 765/797/1764 1775/796/1764
f 1775/796/1765 765/797/1765 764/799/1765 1776/798/1765
f 1776/798/1766 764/799/1766 763/801/1766 1777/800/1766
f 1777/800/1767 763/801/1767 762/789/1767 1778/787/1767
f 718/738/1768 1765/753/1768 1764/754/1768 729/750/1768
f 1769/762/1769 770/802/1769 729/750/1769 1764/754/1769
f 770/802/1770 1769/762/1770 771/804/1770 944/803/1770
f 1770/764/1771 771/804/1771 1769/762/1771
f 1781/805/1772 1780/808/1772 773/807/1772 775/806/1772
f 777/809/1773 772/810/1773 1780/808/1773 1781/805/1773
f 742/811/1774 777/809/1774 1781/805/1774 1774/773/1774
f 1774/773/1775 1781/805/1775 775/806/1775 748/772/1775
f 1838/812/1776 1805/771/1776 748/772/1776 864/813/1776
f 1820/814/1777 1812/817/1777 1783/816/1777 1790/815/1777
f 1819/818/1778 1813/821/1778 1784/820/1778 1789/819/1778
f 1818/822/1779 1814/825/1779 1785/824/1779 1788/823/1779
f 1826/826/1780 1815/829/1780 1786/828/1780 1825/827/1780
f 1815/829/1781 1816/831/1781 1787/830/1781 1786/828/1781
f 1816/831/1782 788/834/1782 790/833/1782 1817/832/1782
f 1813/821/1783 1818/822/1783 1788/823/1783 1784/820/1783
f 1821/835/1784 1819/818/1784 1789/819/1784 1791/836/1784
f 1811/837/1785 1820/814/1785 1790/815/1785 1782/838/1785
f 1812/817/1786 1821/835/1786 1791/836/1786 1783/816/1786
f 1794/839/1787 1795/841/1787 1792/840/1787 1787/830/1787
f 1817/832/1788 1822/842/1788 1795/841/1788 1794/839/1788
f 1792/840/1789 1795/841/1789 793/844/1789 807/843/1789
f 830/845/1790 793/844/1790 1795/841/1790 1822/842/1790
f 792/846/1791 1793/848/1791 791/847/1791
f 791/847/1792 1793/848/1792 790/833/1792
f 792/846/1793 830/845/1793 1822/842/1793 1793/848/1793
f 790/833/1794 1793/848/1794 1822/842/1794 1817/832/1794
f 780/849/1795 801/850/1795 1821/835/1795 1812/817/1795
f 778/851/1796 800/852/1796 1820/814/1796 1811/837/1796
f 801/850/1797 798/853/1797 1819/818/1797 1821/835/1797
f 782/854/1798 796/855/1798 1818/822/1798 1813/821/1798
f 1787/830/1799 1816/831/1799 1817/832/1799 1794/839/1799
f 786/856/1800 788/834/1800 1816/831/1800 1815/829/1800
f 840/857/1801 786/856/1801 1815/829/1801 1826/826/1801
f 796/855/1802 784/858/1802 1814/825/1802 1818/822/1802
f 798/853/1803 782/854/1803 1813/821/1803 1819/818/1803
f 800/852/1804 780/849/1804 1812/817/1804 1820/814/1804
f 1837/859/1805 1772/860/1805 1805/771/1805 1838/812/1805
f 1778/787/1806 1779/786/1806 1810/784/1806 1809/782/1806
f 1777/800/1807 1778/787/1807 1809/782/1807 1808/780/1807
f 1776/798/1808 1777/800/1808 1808/780/1808 1807/778/1808
f 1775/796/1809 1776/798/1809 1807/778/1809 1806/776/1809
f 1771/767/1810 1775/796/1810 1806/776/1810 1803/766/1810
f 1772/860/1811 1773/769/1811 1804/770/1811 1805/771/1811
f 742/811/1812 1774/773/1812 1804/770/1812 1802/765/1812
f 745/774/1813 738/760/1813 1800/761/1813 1803/766/1813
f 740/861/1814 742/811/1814 1802/765/1814 1801/763/1814
f 730/862/1747 740/861/1747 1801/763/1747 1797/751/1747
f 1767/792/1746 1768/768/1746 1800/761/1746 1799/759/1746
f 1766/790/1745 1767/792/1745 1799/759/1745 1798/757/1745
f 1765/753/1744 1766/790/1744 1798/757/1744 1796/752/1744
f 730/862/1743 1797/751/1743 1796/752/1743 731/755/1743
f 807/843/1815 794/864/1815 1823/863/1815 1792/840/1815
f 1786/828/1816 1787/830/1816 1792/840/1816 1823/863/1816
f 843/865/1817 837/868/1817 1824/867/1817 1827/866/1817
f 1825/827/1818 1786/828/1818 1823/863/1818 1827/866/1818
f 1785/824/1819 1825/827/1819 1827/866/1819 1824/867/1819
f 794/864/1820 843/865/1820 1827/866/1820 1823/863/1820
f 784/858/1821 840/857/1821 1826/826/1821 1814/825/1821
f 1814/825/1822 1826/826/1822 1825/827/1822 1785/824/1822
f 1828/869/1823 1788/823/1823 1785/824/1823 1824/867/1823
f 844/870/1824 1828/869/1824 1824/867/1824 837/868/1824
f 844/870/1825 846/872/1825 1829/871/1825 1828/869/1825
f 846/872/1826 848/874/1826 1830/873/1826 1829/871/1826
f 1784/820/1827 1788/823/1827 1828/869/1827 1829/871/1827
f 1789/819/1828 1784/820/1828 1829/871/1828 1830/873/1828
f 848/874/1829 850/876/1829 1831/875/1829 1830/873/1829
f 850/876/1830 852/878/1830 1832/877/1830 1831/875/1830
f 1783/816/1831 1791/836/1831 1831/875/1831 1832/877/1831
f 1791/836/1832 1789/819/1832 1830/873/1832 1831/875/1832
f 859/879/1833 854/882/1833 1833/881/1833 1835/880/1833
f 852/878/1834 857/884/1834 1834/883/1834 1832/877/1834
f 857/884/1835 859/879/1835 1835/880/1835 1834/883/1835
f 1833/881/1836 854/882/1836 860/886/1836 1836/885/1836
f 1836/885/1837 860/886/1837 863/887/1837
f 1790/815/1838 1783/816/1838 1832/877/1838 1834/883/1838
f 1782/838/1839 1790/815/1839 1834/883/1839 1835/880/1839
f 1782/838/1840 1837/859/1840 1838/812/1840 1811/837/1840
f 1811/837/1841 1838/812/1841 864/813/1841 778/851/1841
f 1837/859/1842 1782/838/1842 1835/880/1842 1833/881/1842
f 1759/743/1843 1763/746/1843 1841/889/1843 1839/888/1843
f 1762/742/1844 1759/743/1844 1839/888/1844 1840/890/1844
f 1763/746/1845 729/750/1845 770/802/1845 1841/889/1845
f 944/803/1846 1904/891/1846 1841/889/1846 770/802/1846
f 1843/892/1847 1842/893/1847 771/804/1847 1770/764/1847
f 1905/894/1848 1839/888/1848 1841/889/1848 1904/891/1848
f 1906/895/1849 1905/894/1849 1844/897/1849 1845/896/1849
f 1852/898/1850 1849/900/1850 915/899/1850 726/747/1850
f 1907/901/1851 1909/904/1851 1847/903/1851 1848/902/1851
f 1909/904/1852 1910/906/1852 1846/905/1852 1847/903/1852
f 1760/744/1853 1758/745/1853 1854/908/1853 1853/907/1853
f 1761/748/1854 1760/744/1854 1853/907/1854 1851/909/1854
f 1907/901/1855 1908/910/1855 1852/898/1855 1851/909/1855
f 1881/749/1856 1762/742/1856 1840/890/1856 1882/911/1856
f 1758/745/1857 1881/749/1857 1882/911/1857 1854/908/1857
f 1752/740/1741 1880/735/1741 1881/749/1741 1758/745/1741
f 1746/732/1858 1879/729/1858 1880/735/1858 1752/740/1858
f 1740/723/1859 1878/720/1859 1879/729/1859 1746/732/1859
f 1734/709/1718 1877/713/1718 1878/720/1718 1740/723/1718
f 1728/702/1860 1876/705/1860 1877/713/1860 1734/709/1860
f 1722/695/1861 1875/690/1861 1876/705/1861 1728/702/1861
f 1716/687/1697 1874/684/1697 1875/690/1697 1722/695/1697
f 1710/678/1862 1873/675/1862 1874/684/1862 1716/687/1862
f 1704/669/1685 1872/666/1685 1873/675/1685 1710/678/1685
f 1698/655/1863 1871/659/1863 1872/666/1863 1704/669/1863
f 1692/648/1864 1870/651/1864 1871/659/1864 1698/655/1864
f 1686/642/1865 1869/639/1865 1870/651/1865 1692/648/1865
f 1662/619/1866 1867/622/1866 1869/639/1866 1686/642/1866
f 1233/55/1867 1855/56/1867 1868/621/1867 1667/620/1867
f 1667/620/1868 1868/621/1868 1867/622/1868 1662/619/1868
f 1372/230/1869 1865/216/1869 1866/248/1869 1389/239/1869
f 1355/215/1870 1864/204/1870 1865/216/1870 1372/230/1870
f 1338/181/1871 1863/190/1871 1864/204/1871 1355/215/1871
f 1319/158/1872 1862/171/1872 1863/190/1872 1338/181/1872
f 1274/67/1873 1857/65/1873 1862/171/1873 1319/158/1873
f 1269/68/1087 1856/8/1087 1857/65/1087 1274/67/1087
f 1268/70/1874 1855/56/1874 1861/17/1874 1273/69/1874
f 1271/72/1087 1859/34/1087 1860/7/1087 1272/71/1087
f 1270/73/1087 1858/18/1087 1859/34/1087 1271/72/1087
f 1273/69/1875 1861/17/1875 1858/18/1875 1270/73/1875
f 1272/71/1087 1860/7/1087 1856/8/1087 1269/68/1087
f 1910/906/1876 1911/913/1876 1850/912/1876 1846/905/1876
f 1906/895/1877 1845/896/1877 1850/912/1877 1911/913/1877
f 1773/769/1878 1884/914/1878 1843/892/1878 1770/764/1878
f 1772/860/1879 1885/915/1879 1884/914/1879 1773/769/1879
f 1837/859/1880 1886/916/1880 1885/915/1880 1772/860/1880
f 1833/881/1881 1886/916/1881 1837/859/1881
f 1843/892/1882 1844/897/1882 1842/893/1882
f 1845/896/1883 1844/897/1883 1843/892/1883 1887/917/1883
f 1885/915/1278 1889/919/1278 1888/918/1278 1884/914/1278
f 1884/914/1278 1888/918/1278 1887/917/1278 1843/892/1278
f 1850/912/1884 1845/896/1884 1894/920/1884
f 1887/917/1885 1894/920/1885 1845/896/1885
f 1886/916/1278 1889/919/1278 1885/915/1278
f 1833/881/1886 1890/921/1886 1889/919/1886 1886/916/1886
f 1836/885/1887 1890/921/1887 1833/881/1887
f 863/887/1888 1893/922/1888 1890/921/1888 1836/885/1888
f 1891/923/1889 1893/922/1889 862/925/1889 927/924/1889
f 862/925/1890 1893/922/1890 863/887/1890
f 1895/926/1891 1891/923/1891 927/924/1891 935/927/1891
f 1892/928/1892 1895/926/1892 935/927/1892 933/929/1892
f 726/747/1893 1761/748/1893 1851/909/1893 1852/898/1893
f 1912/930/1894 1908/910/1894 1896/931/1894 1892/928/1894
f 933/929/1895 1897/933/1895 1903/932/1895 1892/928/1895
f 928/934/1896 1897/933/1896 933/929/1896
f 1849/900/1897 1899/936/1897 912/935/1897 915/899/1897
f 930/937/1898 1902/939/1898 931/938/1898
f 932/940/1899 1900/941/1899 1897/933/1899 928/934/1899
f 929/942/1900 1901/943/1900 1900/941/1900 932/940/1900
f 931/938/1901 1902/939/1901 1901/943/1901 929/942/1901
f 1912/930/1902 1913/944/1902 1899/936/1902 1849/900/1902
f 1914/945/1903 1898/946/1903 1899/936/1903 1913/944/1903
f 1897/933/1904 1914/945/1904 1913/944/1904 1903/932/1904
f 1892/928/1905 1903/932/1905 1913/944/1905 1912/930/1905
f 1849/900/1906 1852/898/1906 1908/910/1906 1912/930/1906
f 1840/890/1907 1906/895/1907 1911/913/1907 1883/911/1907
f 1854/908/1908 1883/911/1908 1911/913/1908 1910/906/1908
f 1848/902/1909 1896/931/1909 1908/910/1909 1907/901/1909
f 1853/907/1852 1854/908/1852 1910/906/1852 1909/904/1852
f 1851/909/1851 1853/907/1851 1909/904/1851 1907/901/1851
f 1840/890/1910 1839/888/1910 1905/894/1910 1906/895/1910
f 1844/897/1911 1905/894/1911 1904/891/1911 1842/893/1911
f 771/804/1912 1842/893/1912 1904/891/1912 944/803/1912
f 1902/939/1913 930/937/1913 958/947/1913
f 1900/941/1914 956/948/1914 1914/945/1914 1897/933/1914
f 1901/943/1915 957/949/1915 956/948/1915 1900/941/1915
f 1902/939/1916 958/947/1916 957/949/1916 1901/943/1916
f 956/948/1917 959/950/1917 1914/945/1917
f 1898/946/1918 1914/945/1918 959/950/1918 960/951/1918
f 1915/952/1919 1898/946/1919 960/951/1919 968/953/1919
f 969/954/1920 1916/955/1920 1915/952/1920 968/953/1920
f 970/956/1921 1917/957/1921 1916/955/1921 969/954/1921
f 1917/957/1922 970/956/1922 1918/958/1922
f 967/959/1923 1918/958/1923 970/956/1923
f 966/960/1924 1918/958/1924 967/959/1924
f 966/960/1925 965/961/1925 1917/957/1925 1918/958/1925
f 965/961/1926 964/962/1926 1916/955/1926 1917/957/1926
f 964/962/1927 963/963/1927 1915/952/1927 1916/955/1927
f 963/963/1928 961/964/1928 1898/946/1928 1915/952/1928
f 914/965/1929 912/935/1929 1899/936/1929 1919/966/1929
f 913/967/1930 914/965/1930 1919/966/1930
f 961/964/1931 913/967/1931 1919/966/1931
f 1899/936/1932 1898/946/1932 961/964/1932 1919/966/1932
f 1888/918/1278 1922/969/1278 1921/968/1278 1887/917/1278
f 1887/917/1933 1921/968/1933 1924/970/1933 1894/920/1933
f 1889/919/1278 1923/971/1278 1922/969/1278 1888/918/1278
f 1850/912/1934 1894/920/1934 1924/970/1934 1920/972/1934
f 1846/905/1935 1850/912/1935 1920/972/1935 1933/973/1935
f 1846/905/1936 1933/973/1936 1932/974/1936 1847/903/1936
f 1847/903/1937 1932/974/1937 1931/975/1937 1848/902/1937
f 1848/902/1938 1931/975/1938 1930/976/1938 1896/931/1938
f 1896/931/1939 1930/976/1939 1929/977/1939 1892/928/1939
f 1892/928/1940 1929/977/1940 1928/978/1940 1895/926/1940
f 1895/926/1278 1928/978/1278 1927/979/1278 1891/923/1278
f 1891/923/1278 1927/979/1278 1926/980/1278 1893/922/1278
f 1893/922/1278 1926/980/1278 1925/981/1278 1890/921/1278
f 1890/921/1278 1925/981/1278 1923/971/1278 1889/919/1278
f 1928/978/1941 1942/983/1941 1941/982/1941 1927/979/1941
f 1929/977/1942 1943/984/1942 1942/983/1942 1928/978/1942
f 1929/977/1943 1930/976/1943 1944/985/1943 1943/984/1943
f 1922/969/1944 1936/987/1944 1935/986/1944 1921/968/1944
f 1930/976/1945 1931/975/1945 1945/988/1945 1944/985/1945
f 1923/971/1946 1937/989/1946 1936/987/1946 1922/969/1946
f 1931/975/1947 1932/974/1947 1946/990/1947 1945/988/1947
f 1925/981/1948 1939/991/1948 1937/989/1948 1923/971/1948
f 1921/968/1949 1935/986/1949 1938/992/1949 1924/970/1949
f 1932/974/1950 1933/973/1950 1947/993/1950 1946/990/1950
f 1926/980/1951 1940/994/1951 1939/991/1951 1925/981/1951
f 1920/972/1952 1924/970/1952 1938/992/1952 1934/995/1952
f 1933/973/1953 1920/972/1953 1934/995/1953 1947/993/1953
f 1927/979/1954 1941/982/1954 1940/994/1954 1926/980/1954
f 1941/982/1955 1955/997/1955 1954/996/1955 1940/994/1955
f 1942/983/1956 1956/998/1956 1955/997/1956 1941/982/1956
f 1936/987/1957 1950/1000/1957 1949/999/1957 1935/986/1957
f 1943/984/1958 1957/1001/1958 1956/998/1958 1942/983/1958
f 1937/989/1959 1951/1002/1959 1950/1000/1959 1936/987/1959
f 1943/984/1960 1944/985/1960 1958/1003/1960 1957/1001/1960
f 1935/986/1961 1949/999/1961 1952/1004/1961 1938/992/1961
f 1944/985/1962 1945/988/1962 1959/1005/1962 1958/1003/1962
f 1934/995/1963 1938/992/1963 1952/1004/1963 1948/1006/1963
f 1945/988/1964 1946/990/1964 1960/1007/1964 1959/1005/1964
f 1939/991/1965 1953/1008/1965 1951/1002/1965 1937/989/1965
f 1946/990/1966 1947/993/1966 1961/1009/1966 1960/1007/1966
f 1940/994/1967 1954/996/1967 1953/1008/1967 1939/991/1967
f 1947/993/1968 1934/995/1968 1948/1006/1968 1961/1009/1968
f 1950/1000/1969 1964/1011/1969 1963/1010/1969 1949/999/1969
f 1957/1001/1970 1971/1013/1970 1970/1012/1970 1956/998/1970
f 1951/1002/1971 1965/1014/1971 1964/1011/1971 1950/1000/1971
f 1957/1001/1972 1958/1003/1972 1972/1015/1972 1971/1013/1972
f 1949/999/1973 1963/1010/1973 1966/1016/1973 1952/1004/1973
f 1958/1003/1974 1959/1005/1974 1973/1017/1974 1972/1015/1974
f 1948/1006/1975 1952/1004/1975 1966/1016/1975 1962/1018/1975
f 1959/1005/1976 1960/1007/1976 1974/1019/1976 1973/1017/1976
f 1953/1008/1977 1967/1020/1977 1965/1014/1977 1951/1002/1977
f 1960/1007/1978 1961/1009/1978 1975/1021/1978 1974/1019/1978
f 1954/996/1979 1968/1022/1979 1967/1020/1979 1953/1008/1979
f 1961/1009/1980 1948/1006/1980 1962/1018/1980 1975/1021/1980
f 1955/997/1981 1969/1023/1981 1968/1022/1981 1954/996/1981
f 1956/998/1982 1970/1012/1982 1969/1023/1982 1955/997/1982
f 1971/1013/1983 1972/1015/1983 1986/1025/1983 1985/1024/1983
f 1963/1010/1984 1977/1027/1984 1980/1026/1984 1966/1016/1984
f 1972/1015/1985 1973/1017/1985 1987/1028/1985 1986/1025/1985
f 1962/1018/1986 1966/1016/1986 1980/1026/1986 1976/1029/1986
f 1973/1017/1987 1974/1019/1987 1988/1030/1987 1987/1028/1987
f 1967/1020/1988 1981/1032/1988 1979/1031/1988 1965/1014/1988
f 1974/1019/1989 1975/1021/1989 1989/1033/1989 1988/1030/1989
f 1968/1022/1990 1982/1034/1990 1981/1032/1990 1967/1020/1990
f 1975/1021/1991 1962/1018/1991 1976/1029/1991 1989/1033/1991
f 1969/1023/1992 1983/1035/1992 1982/1034/1992 1968/1022/1992
f 1970/1012/1993 1984/1036/1993 1983/1035/1993 1969/1023/1993
f 1964/1011/1994 1978/1037/1994 1977/1027/1994 1963/1010/1994
f 1971/1013/1995 1985/1024/1995 1984/1036/1995 1970/1012/1995
f 1965/1014/1996 1979/1031/1996 1978/1037/1996 1964/1011/1996
f 1987/1028/1997 1988/1030/1997 2002/1039/1997 2001/1038/1997
f 1981/1032/1998 1995/1041/1998 1993/1040/1998 1979/1031/1998
f 1988/1030/1999 1989/1033/1999 2003/1042/1999 2002/1039/1999
f 1982/1034/2000 1996/1043/2000 1995/1041/2000 1981/1032/2000
f 1989/1033/2001 1976/1029/2001 1990/1044/2001 2003/1042/2001
f 1983/1035/2002 1997/1045/2002 1996/1043/2002 1982/1034/2002
f 1984/1036/2003 1998/1046/2003 1997/1045/2003 1983/1035/2003
f 1978/1037/2004 1992/1048/2004 1991/1047/2004 1977/1027/2004
f 1985/1024/2005 1999/1049/2005 1998/1046/2005 1984/1036/2005
f 1979/1031/2006 1993/1040/2006 1992/1048/2006 1978/1037/2006
f 1985/1024/2007 1986/1025/2007 2000/1050/2007 1999/1049/2007
f 1977/1027/2008 1991/1047/2008 1994/1051/2008 1980/1026/2008
f 1986/1025/2009 1987/1028/2009 2001/1038/2009 2000/1050/2009
f 1976/1029/2010 1980/1026/2010 1994/1051/2010 1990/1044/2010
f 2003/1042/2011 2004/1052/2011 2002/1039/2011
f 2003/1042/2012 1990/1044/2012 2004/1052/2012
f 1994/1051/2013 2004/1052/2013 1990/1044/2013
f 1991/1047/2014 2004/1052/2014 1994/1051/2014
f 1992/1048/2015 2004/1052/2015 1991/1047/2015
f 1993/1040/2016 2004/1052/2016 1992/1048/2016
f 1995/1041/2017 2004/1052/2017 1993/1040/2017
f 1996/1043/2018 2004/1052/2018 1995/1041/2018
f 1997/1045/2019 2004/1052/2019 1996/1043/2019
f 1998/1046/2020 2004/1052/2020 1997/1045/2020
f 1998/1046/2021 1999/1049/2021 2004/1052/2021
f 2000/1050/2022 2004/1052/2022 1999/1049/2022
f 2001/1038/2023 2004/1052/2023 2000/1050/2023
f 2002/1039/2024 2004/1052/2024 2001/1038/2024
f 2006/1053/2025 2005/1056/2025 1061/1055/2025 1063/1054/2025
f 2010/1057/2026 2006/1053/2026 1063/1054/2026 1072/1058/2026
f 1068/1059/2027 1065/1062/2027 2007/1061/2027 2008/1060/2027
f 772/810/2028 1068/1059/2028 2008/1060/2028 1780/808/2028
f 2005/1056/2029 2009/1064/2029 1069/1063/2029 1061/1055/2029
f 1780/808/2030 2010/1057/2030 1072/1058/2030 773/807/2030
f 1780/808/1278 2008/1060/1278 2010/1057/1278
f 2008/1060/1278 2007/1061/1278 2006/1053/1278 2010/1057/1278
f 2012/1065/2031 2011/1068/2031 1073/1067/2031 1075/1066/2031
f 2009/1064/2032 2012/1065/2032 1075/1066/2032 1069/1063/2032
f 2011/1068/2033 2013/1070/2033 1077/1069/2033 1073/1067/2033
f 1077/1069/2034 2013/1070/2034 1079/1071/2034
f 2009/1064/2035 1083/1073/2035 1082/1072/2035 2012/1065/2035
f 2012/1065/2036 1082/1072/2036 1081/1074/2036 2011/1068/2036
f 2011/1068/2037 1081/1074/2037 1080/1075/2037 2013/1070/2037
f 1079/1071/2038 2013/1070/2038 1080/1075/2038
f 2005/1056/2039 1084/1076/2039 1083/1073/2039 2009/1064/2039
f 2006/1053/2040 1085/1077/2040 1084/1076/2040 2005/1056/2040
f 1085/1077/2041 2006/1053/2041 1086/1078/2041
f 2006/1053/2042 2007/1061/2042 1086/1078/2042
f 1097/1079/2043 1094/1082/2043 2014/1081/2043 2015/1080/2043
f 1065/1062/2044 1097/1079/2044 2015/1080/2044 2007/1061/2044
f 1086/1078/2045 2007/1061/2045 2016/1083/2045
f 2007/1061/2046 2015/1080/2046 1091/1084/2046 2016/1083/2046
f 1093/1085/2047 2016/1083/2047 1091/1084/2047
f 2016/1083/2048 1099/1086/2048 1086/1078/2048
f 1087/1087/2049 1099/1086/2049 2016/1083/2049 2017/1088/2049
f 1092/1089/2050 2017/1088/2050 2016/1083/2050 1093/1085/2050
f 2014/1081/2051 1101/1090/2051 1091/1084/2051 2015/1080/2051
f 2014/1081/2052 2018/1092/2052 1107/1091/2052 1101/1090/2052
f 1094/1082/2053 1105/1093/2053 2018/1092/2053 2014/1081/2053
f 2018/1092/2054 2019/1095/2054 1110/1094/2054 1107/1091/2054
f 1105/1093/2055 1108/1096/2055 2019/1095/2055 2018/1092/2055
f 2019/1095/2056 2020/1098/2056 1113/1097/2056 1110/1094/2056
f 1108/1096/2057 1111/1099/2057 2020/1098/2057 2019/1095/2057
f 2020/1098/2058 2021/1101/2058 1116/1100/2058 1113/1097/2058
f 1111/1099/2059 1114/1102/2059 2021/1101/2059 2020/1098/2059
f 1116/1100/2060 2021/1101/2060 1117/1103/2060
f 2021/1101/2061 1114/1102/2061 1117/1103/2061
f 1102/1104/2062 1103/1106/2062 2022/1105/2062
f 1102/1104/2063 2022/1105/2063 1092/1089/2063
f 2017/1088/2064 1092/1089/2064 2022/1105/2064
f 1088/1107/2065 1087/1087/2065 2022/1105/2065
f 1087/1087/2066 2017/1088/2066 2022/1105/2066
f 2022/1105/2067 1119/1108/2067 1088/1107/2067
f 1119/1108/2068 2022/1105/2068 1089/1109/2068
f 1090/1110/2069 1089/1109/2069 2022/1105/2069 2040/1111/2069
f 1103/1106/2070 1104/1112/2070 2040/1111/2070 2022/1105/2070
f 1131/1113/2071 2035/1116/2071 2026/1115/2071 1122/1114/2071
f 1126/1117/2072 2030/1120/2072 2033/1119/2072 1129/1118/2072
f 1129/1118/2073 2033/1119/2073 2027/1122/2073 1123/1121/2073
f 1122/1114/2074 2026/1115/2074 2034/1124/2074 1130/1123/2074
f 1127/1125/2075 1123/1121/2075 2027/1122/2075 2031/1126/2075
f 1124/1127/2076 2028/1128/2076 2035/1116/2076 1131/1113/2076
f 1132/1129/2077 2036/1130/2077 2028/1128/2077 1124/1127/2077
f 1121/1131/2078 2025/1132/2078 2036/1130/2078 1132/1129/2078
f 1134/1133/2079 2038/1136/2079 2029/1135/2079 1125/1134/2079
f 1125/1134/2080 2029/1135/2080 2037/1138/2080 1133/1137/2080
f 1130/1123/2081 2034/1124/2081 2030/1120/2081 1126/1117/2081
f 1090/1110/2082 2024/1139/2082 2038/1136/2082 1134/1133/2082
f 1128/1140/2083 1127/1125/2083 2031/1126/2083 2032/1141/2083
f 1133/1137/2084 2037/1138/2084 2025/1132/2084 1121/1131/2084
f 2040/1111/2085 1128/1140/2085 2032/1141/2085 2039/1142/2085
f 1090/1110/2086 2040/1111/2086 2039/1142/2086 2024/1139/2086
f 2037/1138/2087 2053/1144/2087 2041/1143/2087 2025/1132/2087
f 2032/1141/2088 2031/1126/2088 2047/1146/2088 2048/1145/2088
f 1128/1140/2089 2040/1111/2089 1104/1112/2089
f 2030/1120/2090 2046/1148/2090 2049/1147/2090 2033/1119/2090
f 2035/1116/2091 2051/1150/2091 2042/1149/2091 2026/1115/2091
f 2039/1142/2092 2055/1152/2092 2023/1151/2092 2024/1139/2092
f 2026/1115/2093 2042/1149/2093 2050/1153/2093 2034/1124/2093
f 2033/1119/2094 2049/1147/2094 2043/1154/2094 2027/1122/2094
f 2028/1128/2095 2044/1155/2095 2051/1150/2095 2035/1116/2095
f 2031/1126/2096 2027/1122/2096 2043/1154/2096 2047/1146/2096
f 2025/1132/2097 2041/1143/2097 2052/1156/2097 2036/1130/2097
f 2036/1130/2098 2052/1156/2098 2044/1155/2098 2028/1128/2098
f 2029/1135/2099 2045/1157/2099 2053/1144/2099 2037/1138/2099
f 2038/1136/2100 2054/1158/2100 2045/1157/2100 2029/1135/2100
f 2024/1139/2101 2023/1151/2101 2054/1158/2101 2038/1136/2101
f 2034/1124/2102 2050/1153/2102 2046/1148/2102 2030/1120/2102
f 2032/1141/2103 2048/1145/2103 2055/1152/2103 2039/1142/2103
f 2041/1143/2104 2057/1160/2104 2068/1159/2104 2052/1156/2104
f 2052/1156/2105 2068/1159/2105 2060/1161/2105 2044/1155/2105
f 2045/1157/2106 2061/1163/2106 2069/1162/2106 2053/1144/2106
f 2054/1158/2107 2070/1164/2107 2061/1163/2107 2045/1157/2107
f 2023/1151/2108 2056/1165/2108 2070/1164/2108 2054/1158/2108
f 2050/1153/2109 2066/1167/2109 2062/1166/2109 2046/1148/2109
f 2048/1145/2110 2064/1169/2110 2071/1168/2110 2055/1152/2110
f 2048/1145/2111 2047/1146/2111 2063/1170/2111 2064/1169/2111
f 2055/1152/2112 2071/1168/2112 2056/1165/2112 2023/1151/2112
f 2046/1148/2113 2062/1166/2113 2065/1171/2113 2049/1147/2113
f 2047/1146/2114 2043/1154/2114 2059/1172/2114 2063/1170/2114
f 2053/1144/2115 2069/1162/2115 2057/1160/2115 2041/1143/2115
f 2042/1149/2116 2058/1173/2116 2066/1167/2116 2050/1153/2116
f 2049/1147/2117 2065/1171/2117 2059/1172/2117 2043/1154/2117
f 2044/1155/2118 2060/1161/2118 2067/1174/2118 2051/1150/2118
f 2051/1150/2119 2067/1174/2119 2058/1173/2119 2042/1149/2119
f 2058/1173/2120 2074/1176/2120 2082/1175/2120 2066/1167/2120
f 2067/1174/2121 2083/1177/2121 2074/1176/2121 2058/1173/2121
f 2060/1161/2122 2076/1178/2122 2083/1177/2122 2067/1174/2122
f 2069/1162/2123 2085/1180/2123 2073/1179/2123 2057/1160/2123
f 2057/1160/2124 2073/1179/2124 2084/1181/2124 2068/1159/2124
f 2068/1159/2125 2084/1181/2125 2076/1178/2125 2060/1161/2125
f 2061/1163/2126 2077/1182/2126 2085/1180/2126 2069/1162/2126
f 2070/1164/2127 2086/1183/2127 2077/1182/2127 2061/1163/2127
f 2056/1165/2128 2072/1184/2128 2086/1183/2128 2070/1164/2128
f 2066/1167/2129 2082/1175/2129 2078/1185/2129 2062/1166/2129
f 2064/1169/2130 2080/1187/2130 2087/1186/2130 2071/1168/2130
f 2064/1169/2131 2063/1170/2131 2079/1188/2131 2080/1187/2131
f 2063/1170/2132 2059/1172/2132 2075/1189/2132 2079/1188/2132
f 2071/1168/2133 2087/1186/2133 2072/1184/2133 2056/1165/2133
f 2062/1166/2134 2078/1185/2134 2081/1190/2134 2065/1171/2134
f 2065/1171/2135 2081/1190/2135 2075/1189/2135 2059/1172/2135
f 2073/1179/2136 2089/1192/2136 2100/1191/2136 2084/1181/2136
f 2084/1181/2137 2100/1191/2137 2092/1193/2137 2076/1178/2137
f 2077/1182/2138 2093/1195/2138 2101/1194/2138 2085/1180/2138
f 2086/1183/2139 2102/1196/2139 2093/1195/2139 2077/1182/2139
f 2072/1184/2140 2088/1197/2140 2102/1196/2140 2086/1183/2140
f 2082/1175/2141 2098/1199/2141 2094/1198/2141 2078/1185/2141
f 2080/1187/2142 2096/1201/2142 2103/1200/2142 2087/1186/2142
f 2080/1187/2143 2079/1188/2143 2095/1202/2143 2096/1201/2143
f 2079/1188/2144 2075/1189/2144 2091/1203/2144 2095/1202/2144
f 2087/1186/2145 2103/1200/2145 2088/1197/2145 2072/1184/2145
f 2078/1185/2146 2094/1198/2146 2097/1204/2146 2081/1190/2146
f 2081/1190/2147 2097/1204/2147 2091/1203/2147 2075/1189/2147
f 2074/1176/2148 2090/1205/2148 2098/1199/2148 2082/1175/2148
f 2083/1177/2149 2099/1206/2149 2090/1205/2149 2074/1176/2149
f 2076/1178/2150 2092/1193/2150 2099/1206/2150 2083/1177/2150
f 2085/1180/2151 2101/1194/2151 2089/1192/2151 2073/1179/2151
f 2097/1204/2152 2113/1208/2152 2107/1207/2152 2091/1203/2152
f 2090/1205/2153 2106/1210/2153 2114/1209/2153 2098/1199/2153
f 2099/1206/2154 2115/1211/2154 2106/1210/2154 2090/1205/2154
f 2092/1193/2155 2108/1212/2155 2115/1211/2155 2099/1206/2155
f 2101/1194/2156 2117/1214/2156 2105/1213/2156 2089/1192/2156
f 2089/1192/2157 2105/1213/2157 2116/1215/2157 2100/1191/2157
f 2100/1191/2158 2116/1215/2158 2108/1212/2158 2092/1193/2158
f 2093/1195/2159 2109/1216/2159 2117/1214/2159 2101/1194/2159
f 2102/1196/2160 2118/1217/2160 2109/1216/2160 2093/1195/2160
f 2088/1197/2161 2104/1218/2161 2118/1217/2161 2102/1196/2161
f 2098/1199/2162 2114/1209/2162 2110/1219/2162 2094/1198/2162
f 2096/1201/2163 2112/1221/2163 2119/1220/2163 2103/1200/2163
f 2096/1201/2164 2095/1202/2164 2111/1222/2164 2112/1221/2164
f 2095/1202/2165 2091/1203/2165 2107/1207/2165 2111/1222/2165
f 2103/1200/2166 2119/1220/2166 2104/1218/2166 2088/1197/2166
f 2094/1198/2167 2110/1219/2167 2113/1208/2167 2097/1204/2167
f 2116/1215/1278 2105/1213/1278 2120/1223/1278
f 2115/1211/1278 2108/1212/1278 2120/1223/1278
f 2108/1212/1278 2116/1215/1278 2120/1223/1278
f 2105/1213/1278 2117/1214/1278 2120/1223/1278
f 2120/1223/1278 2118/1217/1278 2104/1218/1278
f 2119/1220/1278 2120/1223/1278 2104/1218/1278
f 2118/1217/1278 2120/1223/1278 2109/1216/1278
f 2117/1214/1278 2109/1216/1278 2120/1223/1278
f 2106/1210/1278 2115/1211/1278 2120/1223/1278
f 2114/1209/1278 2106/1210/1278 2120/1223/1278
f 2110/1219/1278 2114/1209/1278 2120/1223/1278
f 2113/1208/1278 2110/1219/1278 2120/1223/1278
f 2107/1207/1278 2113/1208/1278 2120/1223/1278
f 2107/1207/1278 2120/1223/1278 2111/1222/1278
f 2111/1222/1278 2120/1223/1278 2112/1221/1278
f 2112/1221/1278 2120/1223/1278 2119/1220/1278
l 544 14
l 335 55
l 108 87
l 55 96
l 109 108
l 543 544
l 718 728
l 728 729
l 910 911
l 966 962
l 962 967
l 1882 1883
