# Blender 5.2.1 LTS
# www.blender.org
mtllib union_ultima_l.mtl
o Cube
v 0.000000 -6.736262 -1.891650
v 0.001662 -6.736262 1.901654
v 0.000000 105.648407 -0.032947
v 0.000000 93.130463 5.101269
v 0.000000 93.130463 -5.114232
v 0.000000 40.183834 6.148860
v 0.000000 40.183834 -6.161822
v 0.000000 36.938015 7.912285
v 0.000000 36.938015 -7.925248
v 0.000000 38.560925 6.774550
v 0.000000 38.560925 -6.787513
v 0.000000 33.542503 7.449503
v 0.000000 33.542503 -7.462466
v 0.000000 35.240261 7.355280
v 0.000000 35.240261 -7.368243
v 0.000000 36.089138 7.453470
v 0.000000 36.089138 -7.466434
v 0.000000 80.330978 -0.032947
v 0.000000 67.222855 1.326303
v 0.000000 67.222855 -1.271788
v 0.000000 42.645092 3.021911
v 0.000000 42.645092 -2.967396
v 0.000000 33.585567 3.655380
v 0.000000 33.585567 -3.600864
v 0.000000 32.035172 5.495900
v 0.000000 32.035172 -5.441384
v 0.000000 31.042221 4.166930
v 0.000000 31.042221 -4.112414
v 0.000000 37.052189 2.241132
v 0.000000 37.052189 -2.186616
v 0.000000 34.047207 3.000168
v 0.000000 34.047207 -2.945652
v 0.000000 32.544712 3.269372
v 0.000000 32.544712 -3.214856
v 0.000000 31.793468 3.518459
v 0.000000 31.793468 -3.463943
v 0.000000 30.329388 3.007125
v 0.000000 30.329388 -2.952609
v 0.000000 30.329388 2.098850
v 0.000000 30.329388 -2.044334
v 0.000000 30.026955 2.552987
v 0.000000 30.026955 -2.498471
v 0.000000 49.222637 0.027258
v 0.000000 14.772882 4.866124
v 0.000000 14.772882 -4.879086
v 0.000000 24.349316 11.088819
v 0.000000 24.349316 -11.101781
v 0.000000 28.945910 10.272848
v 0.000000 28.945910 -10.285810
v 0.000000 31.244205 9.081619
v 0.000000 31.244205 -9.094583
v 0.000000 19.752722 9.564875
v 0.000000 19.752722 -9.577837
v 0.000000 17.454426 7.669503
v 0.000000 17.454426 -7.682466
v 0.000000 16.531740 6.267814
v 0.000000 16.531740 -6.280776
v 0.000000 15.843933 5.232905
v 0.000000 15.843933 -5.245868
v 0.000000 17.368496 3.797705
v 0.000000 17.368496 -3.810668
v 0.000000 16.070690 3.762890
v 0.000000 16.070690 -3.775852
v 0.000000 15.421787 4.098972
v 0.000000 15.421787 -4.111934
v 0.000000 18.733080 6.398332
v 0.000000 18.733080 -6.411295
v 0.000000 17.470116 5.098019
v 0.000000 17.470116 -5.110982
v 0.000000 17.245104 4.447862
v 0.000000 17.245104 -4.460825
v 0.000000 17.999979 5.857296
v 0.000000 17.999979 -5.870257
v 0.000000 19.638931 5.229449
v 0.000000 19.638931 -5.242412
v 0.000000 17.600765 3.285804
v 0.000000 17.600765 -3.298767
v 0.000000 17.385916 2.114116
v 0.000000 17.385916 -2.127079
v 0.000000 18.497906 4.257627
v 0.000000 18.497906 -4.270589
v 0.000000 20.069283 3.705583
v 0.000000 20.069283 -3.718545
v 0.000000 18.067490 2.909850
v 0.000000 18.067490 -2.922812
v 0.000000 18.526546 3.307716
v 0.000000 18.526546 -3.320679
v 0.000000 23.621338 5.450413
v 0.000000 23.621338 -5.463375
v 0.000000 21.845310 4.993713
v 0.000000 21.845310 -5.006676
v 0.000000 20.957296 4.613826
v 0.000000 20.957296 -4.626788
v 0.000000 25.169804 5.404443
v 0.000000 25.169804 -5.417405
v 0.000000 19.676157 -0.006481
v 0.000000 22.422981 4.657597
v 0.000000 22.422981 -4.670559
v 0.000000 20.196672 2.325558
v 0.000000 20.196672 -2.338520
v 0.000000 21.058975 3.491577
v 0.000000 21.058975 -3.504539
v 0.000000 30.678501 -0.006481
v 0.000000 27.924152 4.764936
v 0.000000 27.924152 -4.777898
v 0.000000 29.301327 3.603239
v 0.000000 29.301327 -3.616201
v 0.000000 30.290936 1.798379
v 0.000000 30.290936 -1.811341
v 0.000000 15.507723 -0.006481
v 0.000000 17.852198 1.624691
v 0.000000 17.852198 -1.637653
v 0.000000 19.024435 2.240795
v 0.000000 19.024435 -2.253757
v 0.000000 7.471970 -1.891650
v 0.001662 7.471970 1.901654
v 0.000000 9.579123 -0.673603
v 0.001662 9.579123 0.683607
v 0.001662 -7.886964 -1.060802
v 0.001662 -7.886964 1.070806
v 0.001662 -9.948359 -1.843242
v 0.001662 -9.948359 1.853245
v 0.001662 -8.363198 1.014138
v 0.000000 -8.363198 -1.004135
v 0.000000 -9.948359 -2.166226
v 0.001662 -9.948359 2.176229
v 0.000000 -7.849208 -3.690274
v 0.001662 -7.849208 3.700277
v 0.001662 -9.277214 2.365392
v 0.000000 -9.277214 -2.355390
v 0.000000 -11.295137 -2.190471
v 0.001662 -11.295137 2.200474
v 0.000000 -13.585717 -3.259069
v 0.001662 -13.585717 3.269073
v 0.001662 -12.440428 3.151880
v 0.000000 -12.440428 -3.141876
v 0.001662 -11.867783 2.845289
v 0.000000 -11.867783 -2.835286
v 0.001662 -12.381188 -0.843709
v 0.001662 -12.381188 0.853712
v 0.001662 -12.371315 2.061392
v 0.001662 -12.371315 -2.051389
v 0.001662 -12.840291 2.665233
v 0.000000 -12.840291 -2.655229
v 0.001662 -12.084992 -0.386861
v 0.001662 -12.084992 0.396864
v 0.000000 -12.084992 -0.386861
v 0.001662 -11.913583 0.005002
v 0.000000 -9.485814 0.005002
v 0.001662 -11.295137 -0.834666
v 0.001662 -11.295137 0.844669
v 0.000000 -16.018881 -4.076009
v 0.001662 -16.018881 4.086011
v 0.001662 -14.200035 3.286121
v 0.000000 -14.200035 -3.276118
v 0.001662 -13.138247 2.596807
v 0.000000 -13.138247 -2.586804
v 0.000000 -18.743883 -2.777439
v 0.001662 -18.743883 2.787441
v 0.000000 -19.415260 -1.308916
v 0.001662 -19.415260 1.318918
v 0.000000 -19.987906 0.005001
v 0.660140 -6.736262 -1.327413
v 0.762027 -6.736262 1.337417
v 0.365074 102.237671 -0.026485
v 0.365074 93.130463 3.697484
v 0.365074 93.130463 -3.712062
v 0.365074 40.183834 4.457326
v 0.365074 40.183834 -4.471905
v 0.365074 36.938015 5.736382
v 0.365074 36.938015 -5.750960
v 0.365074 38.560925 4.911155
v 0.365074 38.560925 -4.925733
v 0.365074 33.542503 7.449503
v 0.365074 33.542503 -7.462466
v 0.365074 35.240261 7.355280
v 0.365074 35.240261 -7.368243
v 0.365074 36.089138 7.453470
v 0.365074 36.089138 -7.466434
v 0.365074 80.330978 -0.032947
v 0.365074 67.222855 1.326303
v 0.365074 67.222855 -1.271788
v 0.365074 42.645092 3.021911
v 0.365074 42.645092 -2.967396
v 0.365074 33.585567 3.655380
v 0.365074 33.585567 -3.600864
v 0.365074 32.035172 5.495900
v 0.365074 32.035172 -5.441384
v 0.365074 31.042221 4.166930
v 0.365074 31.042221 -4.112414
v 0.365074 32.509960 -2.988478
v 0.365074 32.509960 3.042994
v 0.365074 34.047207 3.000168
v 0.365074 34.047207 -2.945652
v 0.365074 32.544712 3.269372
v 0.365074 32.544712 -3.214856
v 0.365074 31.793468 3.518459
v 0.365074 31.793468 -3.463943
v 0.365074 30.329388 3.007125
v 0.365074 30.329388 -2.952609
v 0.365074 31.596966 0.649399
v 0.365074 31.596966 -0.594883
v 0.365074 30.026955 2.552987
v 0.365074 30.026955 -2.498471
v 0.365074 43.425037 0.027258
v 0.365074 14.772882 4.866124
v 0.365074 14.772882 -4.879086
v 0.365074 24.349316 11.088819
v 0.365074 24.349316 -11.101781
v 0.365074 28.945910 10.272848
v 0.365074 28.945910 -10.285810
v 0.365074 31.244205 9.081619
v 0.365074 31.244205 -9.094583
v 0.365074 19.755486 9.531897
v 0.365074 19.755486 -9.542438
v 0.365074 17.454426 7.669503
v 0.365074 17.454426 -7.682466
v 0.365074 16.531740 6.267814
v 0.365074 16.531740 -6.280776
v 0.365074 15.843933 5.232905
v 0.365074 15.843933 -5.245868
v 0.365074 17.368496 3.797705
v 0.365074 17.368496 -3.810668
v 0.365074 16.070690 3.762890
v 0.365074 16.070690 -3.775852
v 0.365074 15.421787 4.098972
v 0.365074 15.421787 -4.111934
v 0.365074 18.733080 6.398332
v 0.365074 18.733080 -6.411295
v 0.365074 17.470116 5.098019
v 0.365074 17.470116 -5.110982
v 0.365074 17.245104 4.447862
v 0.365074 17.245104 -4.460825
v 0.365074 17.999979 5.857296
v 0.365074 17.999979 -5.870257
v 0.365074 19.638931 5.229449
v 0.365074 19.638931 -5.242412
v 0.365074 17.600765 3.285804
v 0.365074 17.600765 -3.298767
v 0.365074 17.385916 2.114116
v 0.365074 17.385916 -2.127079
v 0.365074 18.497906 4.257627
v 0.365074 18.497906 -4.270589
v 0.365074 20.069283 3.705583
v 0.365074 20.069283 -3.718545
v 0.365074 18.067490 2.909850
v 0.365074 18.067490 -2.922812
v 0.365074 18.526546 3.307716
v 0.365074 18.526546 -3.320679
v 0.365074 23.621338 5.450413
v 0.365074 23.621338 -5.463375
v 0.365074 21.845310 4.993713
v 0.365074 21.845310 -5.006676
v 0.365074 20.957296 4.613826
v 0.365074 20.957296 -4.626788
v 0.365074 25.169804 5.404443
v 0.365074 25.169804 -5.417405
v 0.365074 19.676157 -0.006481
v 0.365074 22.422981 4.657597
v 0.365074 22.422981 -4.670559
v 0.365074 20.196672 2.325558
v 0.365074 20.196672 -2.338520
v 0.365074 21.058975 3.491577
v 0.365074 21.058975 -3.504539
v 0.365074 30.678501 -0.006481
v 0.365074 27.924152 4.764936
v 0.365074 27.924152 -4.777898
v 0.365074 29.301327 3.603239
v 0.365074 29.301327 -3.616201
v 0.365074 30.290936 1.798379
v 0.365074 30.290936 -1.811341
v 0.245991 16.457060 -0.006481
v 0.365074 17.852198 1.132402
v 0.365074 17.852198 -1.145364
v 0.365074 19.024435 1.562566
v 0.365074 19.024435 -1.575528
v 0.660140 7.471970 -1.327413
v 0.762027 7.471970 1.337417
v 0.393660 9.579123 -0.673603
v 0.374709 9.579123 0.683607
v 0.374709 -7.886964 -1.060802
v 0.374709 -7.886964 1.070806
v 0.374709 -9.948359 -1.843242
v 0.374709 -9.948359 1.853245
v 0.374709 -8.363198 1.014138
v 0.272822 -8.363198 -1.004135
v 0.272822 -9.948359 -2.166226
v 0.374709 -9.948359 2.176229
v 0.272822 -7.849208 -3.690274
v 0.374709 -7.849208 3.700277
v 0.374709 -9.277214 2.365392
v 0.272822 -9.277214 -2.355390
v 0.272822 -11.295137 -2.190471
v 0.374709 -11.295137 2.200474
v 0.272822 -13.585717 -3.259069
v 0.374709 -13.585717 3.269073
v 0.374709 -12.440428 3.151880
v 0.272822 -12.440428 -3.141876
v 0.374709 -11.867783 2.845289
v 0.272822 -11.867783 -2.835286
v 0.374709 -12.381188 -0.843709
v 0.374709 -12.381188 0.853712
v 0.374709 -12.371315 2.061392
v 0.374709 -12.371315 -2.051389
v 0.374709 -12.840291 2.665233
v 0.272822 -12.840291 -2.655229
v 0.323765 -12.084992 -0.386861
v 0.374709 -12.084992 0.396864
v 0.724329 -11.873778 -2.161730
v 0.374709 -11.913583 0.005002
v 0.272822 -9.485814 0.005002
v 0.374709 -11.295137 -0.834666
v 0.374709 -11.295137 0.844669
v 0.272822 -16.018881 -4.076009
v 0.374709 -16.018881 4.086011
v 0.374709 -14.200035 3.286121
v 0.272822 -14.200035 -3.276118
v 0.374709 -13.138247 2.596807
v 0.272822 -13.138247 -2.586804
v 0.272822 -18.743883 -2.777439
v 0.374709 -18.743883 2.787441
v 0.272822 -19.415260 -1.308916
v 0.374709 -19.415260 1.318918
v 0.272822 -19.987906 0.005001
v 1.488964 -6.736262 0.005002
v 1.488964 7.471970 0.005002
v 1.100760 -7.878995 0.005002
v 1.100760 -8.370370 0.005002
v 0.781683 -11.738719 0.005002
v 0.794803 -9.757573 -2.499469
v 0.896690 -9.757573 2.509472
v 0.001662 -9.572173 3.055602
v 0.374709 -9.572173 3.055602
v 0.000000 -9.572173 -3.045599
v 0.272822 -9.572173 -3.045599
v 0.375415 -11.115141 -1.151209
v 0.477302 -11.115141 1.161212
v 0.724329 -11.873778 2.171733
v 0.550870 -12.500694 -2.824789
v 0.550870 -12.500694 2.834792
v 0.000000 9.579123 -0.016625
v 0.418121 9.579123 -0.016625
v 2.486850 -15.950745 0.005001
v 0.227885 96.751053 -0.023411
v 0.002278 93.130463 3.029625
v 0.002278 93.130463 -3.044971
v 0.897240 40.183834 3.652569
v 0.897240 40.183834 -3.667915
v 0.897240 36.938015 4.701181
v 0.897240 36.938015 -4.716529
v 0.897240 38.560925 4.024632
v 0.897240 38.560925 -4.039979
v 0.000000 66.657150 5.625064
v 0.365074 67.190308 2.293788
v 0.702050 67.190308 1.669347
v 0.000000 66.657150 -5.638027
v 0.365074 67.190308 -2.308533
v 0.702050 67.190308 -1.684526
v 0.000000 42.627224 -6.113478
v 0.365074 42.676434 -4.272233
v 0.879224 42.676434 -3.484856
v 0.000000 42.656078 6.099944
v 0.365074 42.705868 4.255281
v 0.879012 42.705868 3.467363
v 0.705913 31.596966 0.027258
v 0.897240 33.205929 6.454268
v 0.897240 33.205929 -6.469615
v 0.365074 32.035172 5.495900
v 0.365074 31.466473 -6.163356
v 0.365074 30.501957 4.819402
v 0.365074 30.501957 -4.764886
v 0.365074 31.466473 6.217871
v 0.000000 33.690788 2.624128
v 0.365074 33.690788 2.884655
v 0.000000 33.690788 -2.569613
v 0.365074 33.690788 -2.830139
v 0.000000 32.467186 2.815626
v 0.000000 32.467186 -2.761111
v 0.000000 31.398289 2.995264
v 0.000000 31.398289 -2.940749
v 0.365074 31.412933 -3.259130
v 0.365074 31.412933 3.313646
v 0.000000 31.466473 -6.163356
v 0.000000 30.501957 4.819402
v 0.000000 30.501957 -4.764886
v 0.000000 31.466473 6.217871
v 0.365074 30.034851 -7.175101
v 0.365074 30.034851 7.229617
v 0.000000 30.034851 -7.175101
v 0.000000 30.034851 7.229617
v 0.365074 29.244991 -5.583135
v 0.365074 29.244991 5.637650
v 0.000000 29.244991 -5.583135
v 0.000000 29.244991 5.637650
v 0.365074 29.329243 -7.624450
v 0.365074 29.329243 7.678965
v 0.365074 28.586775 -6.096160
v 0.365074 28.586775 6.150675
v 1.044536 25.181301 2.907134
v 1.044536 25.181301 -2.920096
v 1.044536 22.438087 -0.006481
v 1.044536 23.809694 2.504980
v 1.044536 23.809694 -2.517942
v 1.044536 22.698002 1.249249
v 1.044536 22.698002 -1.262212
v 1.044536 23.128588 1.877115
v 1.044536 23.128588 -1.890078
v 1.044536 27.932030 -0.006481
v 1.044536 26.556665 2.562779
v 1.044536 26.556665 -2.575741
v 1.044536 27.244349 1.937242
v 1.044536 27.244349 -1.950203
v 1.044536 27.738503 0.965380
v 1.044536 27.738503 -0.978342
v 1.351479 25.187033 1.399777
v 1.351479 25.187033 -1.412739
v 1.351479 23.815256 -0.006481
v 1.351479 24.501144 1.205677
v 1.351479 24.501144 -1.218639
v 1.351479 23.945229 0.599598
v 1.351479 23.945229 -0.612560
v 1.351479 24.160549 0.902637
v 1.351479 24.160549 -0.915600
v 1.351479 26.562569 -0.006481
v 1.351479 25.874800 1.233574
v 1.351479 25.874800 -1.246536
v 1.351479 26.218685 0.931658
v 1.351479 26.218685 -0.944620
v 1.351479 26.465792 0.462588
v 1.351479 26.465792 -0.475550
v 1.351479 25.190762 0.480888
v 1.351479 25.190762 -0.493851
v 1.351479 24.710844 -0.006481
v 1.351479 24.950804 0.413619
v 1.351479 24.950804 -0.426581
v 1.351479 24.756315 0.203569
v 1.351479 24.756315 -0.216531
v 1.351479 24.831646 0.308594
v 1.351479 24.831646 -0.321556
v 1.351479 25.671993 -0.006481
v 1.351479 25.431377 0.423287
v 1.351479 25.431377 -0.436250
v 1.351479 25.551685 0.318651
v 1.351479 25.551685 -0.331614
v 1.351479 25.638136 0.156085
v 1.351479 25.638136 -0.169047
v 1.351479 25.190762 -0.006481
v 0.000000 29.329243 -7.624450
v 0.000000 29.329243 7.678965
v 0.000000 28.586775 -6.096160
v 0.000000 28.586775 6.150675
v 0.365074 27.079721 -6.632859
v 0.365074 27.079721 6.687375
v 0.000000 27.079721 -6.632859
v 0.000000 27.079721 6.687375
v 0.365074 27.534681 -8.389269
v 0.365074 27.534681 8.443785
v 0.000000 27.534681 -8.389269
v 0.000000 27.534681 8.443785
v 0.365074 27.534681 -8.389269
v 0.365074 27.534681 8.443785
v 0.000000 27.534681 8.443785
v 0.365074 27.534681 -8.389269
v 0.365074 27.534681 8.443785
v 0.000000 27.534681 8.443785
v 0.000000 26.767450 -8.766499
v 0.365074 26.767450 -8.766499
v 0.365074 26.767450 8.821014
v 0.000000 26.767450 8.821014
v 0.000000 26.369360 -6.830720
v 0.365074 26.369360 -6.830720
v 0.365074 26.369360 6.885236
v 0.000000 26.369360 6.885236
v 0.000000 26.647614 10.927376
v 0.365074 26.647614 10.927376
v 0.000000 26.647614 -10.940337
v 0.365074 26.647614 -10.940337
v 0.000000 24.805435 -6.962396
v 0.365074 24.805435 -6.962396
v 0.365074 24.805435 7.016911
v 0.000000 24.805435 7.016911
v 0.000000 24.876522 -8.909377
v 0.365074 24.876522 -8.909377
v 0.365074 24.876522 8.963893
v 0.000000 24.876522 8.963893
v 0.000000 21.832733 10.254477
v 0.365074 19.791792 -7.110956
v 0.365074 19.791792 7.160629
v 0.365074 21.834248 10.236422
v 0.365074 22.362968 8.495397
v 0.000000 21.922071 -10.297058
v 0.365074 21.923531 -10.278365
v 0.365074 22.452198 -8.468411
v 0.365074 23.452515 10.784878
v 0.365074 23.980261 8.796841
v 0.000000 23.451975 10.791317
v 0.365074 23.961096 -8.742868
v 0.000000 23.432785 -10.797917
v 0.365074 23.433338 -10.790858
v 0.000000 22.362968 8.495397
v 0.000000 22.452198 -8.468411
v 0.000000 23.980261 8.796841
v 0.000000 23.961096 -8.742868
v 0.365074 24.128359 7.093716
v 0.365074 24.109194 -7.039744
v 0.000000 24.128359 7.093716
v 0.000000 24.109194 -7.039744
v 0.365074 22.614458 6.733388
v 0.365074 22.595293 -6.679416
v 0.000000 22.614458 6.733388
v 0.000000 22.595293 -6.679416
v 0.000000 21.265776 -7.920893
v 0.000000 21.324211 8.006779
v 0.000000 20.792728 9.909676
v 0.365074 20.794867 9.884159
v 0.365074 21.324211 8.006779
v 0.000000 20.734221 -9.903241
v 0.365074 20.736395 -9.875400
v 0.365074 21.265776 -7.920893
v 0.000000 19.791792 -7.110956
v 0.000000 19.791792 7.160629
v 0.000000 21.732012 -6.422772
v 0.000000 21.790447 6.508659
v 0.365074 21.790447 6.508659
v 0.365074 21.732012 -6.422772
v 0.000000 20.360725 -5.745416
v 0.000000 20.419161 5.831303
v 0.365074 20.419161 5.831303
v 0.365074 20.360725 -5.745416
v -0.001662 -6.736262 1.901654
v -0.001662 7.471970 1.901654
v -0.001662 9.579123 0.683607
v -0.001662 -7.886964 -1.060802
v -0.001662 -7.886964 1.070806
v -0.001662 -9.948359 -1.843242
v -0.001662 -9.948359 1.853245
v -0.001662 -8.363198 1.014138
v -0.001662 -9.948359 2.176229
v -0.001662 -7.849208 3.700277
v -0.001662 -9.277214 2.365392
v -0.001662 -11.295137 2.200474
v -0.001662 -13.585717 3.269073
v -0.001662 -12.440428 3.151880
v -0.001662 -11.867783 2.845289
v -0.001662 -12.381188 -0.843709
v -0.001662 -12.381188 0.853712
v -0.001662 -12.371315 2.061392
v -0.001662 -12.371315 -2.051389
v -0.001662 -12.840291 2.665233
v -0.001662 -12.084992 -0.386861
v -0.001662 -12.084992 0.396864
v -0.001662 -11.913583 0.005002
v -0.001662 -11.295137 -0.834666
v -0.001662 -11.295137 0.844669
v -0.001662 -16.018881 4.086011
v -0.001662 -14.200035 3.286121
v -0.001662 -13.138247 2.596807
v -0.001662 -18.743883 2.787441
v -0.001662 -19.415260 1.318918
v -0.660140 -6.736262 -1.327413
v -0.762027 -6.736262 1.337417
v -0.365074 102.237671 -0.026485
v -0.365074 93.130463 3.697484
v -0.365074 93.130463 -3.712062
v -0.365074 40.183834 4.457326
v -0.365074 40.183834 -4.471905
v -0.365074 36.938015 5.736382
v -0.365074 36.938015 -5.750960
v -0.365074 38.560925 4.911155
v -0.365074 38.560925 -4.925733
v -0.365074 33.542503 7.449503
v -0.365074 33.542503 -7.462466
v -0.365074 35.240261 7.355280
v -0.365074 35.240261 -7.368243
v -0.365074 36.089138 7.453470
v -0.365074 36.089138 -7.466434
v -0.365074 80.330978 -0.032947
v -0.365074 67.222855 1.326303
v -0.365074 67.222855 -1.271788
v -0.365074 42.645092 3.021911
v -0.365074 42.645092 -2.967396
v -0.365074 33.585567 3.655380
v -0.365074 33.585567 -3.600864
v -0.365074 32.035172 5.495900
v -0.365074 32.035172 -5.441384
v -0.365074 31.042221 4.166930
v -0.365074 31.042221 -4.112414
v -0.365074 32.509960 -2.988478
v -0.365074 32.509960 3.042994
v -0.365074 34.047207 3.000168
v -0.365074 34.047207 -2.945652
v -0.365074 32.544712 3.269372
v -0.365074 32.544712 -3.214856
v -0.365074 31.793468 3.518459
v -0.365074 31.793468 -3.463943
v -0.365074 30.329388 3.007125
v -0.365074 30.329388 -2.952609
v -0.365074 31.596966 0.649399
v -0.365074 31.596966 -0.594883
v -0.365074 30.026955 2.552987
v -0.365074 30.026955 -2.498471
v -0.365074 43.425037 0.027258
v -0.365074 14.772882 4.866124
v -0.365074 14.772882 -4.879086
v -0.365074 24.349316 11.088819
v -0.365074 24.349316 -11.101781
v -0.365074 28.945910 10.272848
v -0.365074 28.945910 -10.285810
v -0.365074 31.244205 9.081619
v -0.365074 31.244205 -9.094583
v -0.365074 19.755486 9.531897
v -0.365074 19.755486 -9.542438
v -0.365074 17.454426 7.669503
v -0.365074 17.454426 -7.682466
v -0.365074 16.531740 6.267814
v -0.365074 16.531740 -6.280776
v -0.365074 15.843933 5.232905
v -0.365074 15.843933 -5.245868
v -0.365074 17.368496 3.797705
v -0.365074 17.368496 -3.810668
v -0.365074 16.070690 3.762890
v -0.365074 16.070690 -3.775852
v -0.365074 15.421787 4.098972
v -0.365074 15.421787 -4.111934
v -0.365074 18.733080 6.398332
v -0.365074 18.733080 -6.411295
v -0.365074 17.470116 5.098019
v -0.365074 17.470116 -5.110982
v -0.365074 17.245104 4.447862
v -0.365074 17.245104 -4.460825
v -0.365074 17.999979 5.857296
v -0.365074 17.999979 -5.870257
v -0.365074 19.638931 5.229449
v -0.365074 19.638931 -5.242412
v -0.365074 17.600765 3.285804
v -0.365074 17.600765 -3.298767
v -0.365074 17.385916 2.114116
v -0.365074 17.385916 -2.127079
v -0.365074 18.497906 4.257627
v -0.365074 18.497906 -4.270589
v -0.365074 20.069283 3.705583
v -0.365074 20.069283 -3.718545
v -0.365074 18.067490 2.909850
v -0.365074 18.067490 -2.922812
v -0.365074 18.526546 3.307716
v -0.365074 18.526546 -3.320679
v -0.365074 23.621338 5.450413
v -0.365074 23.621338 -5.463375
v -0.365074 21.845310 4.993713
v -0.365074 21.845310 -5.006676
v -0.365074 20.957296 4.613826
v -0.365074 20.957296 -4.626788
v -0.365074 25.169804 5.404443
v -0.365074 25.169804 -5.417405
v -0.365074 19.676157 -0.006481
v -0.365074 22.422981 4.657597
v -0.365074 22.422981 -4.670559
v -0.365074 20.196672 2.325558
v -0.365074 20.196672 -2.338520
v -0.365074 21.058975 3.491577
v -0.365074 21.058975 -3.504539
v -0.365074 30.678501 -0.006481
v -0.365074 27.924152 4.764936
v -0.365074 27.924152 -4.777898
v -0.365074 29.301327 3.603239
v -0.365074 29.301327 -3.616201
v -0.365074 30.290936 1.798379
v -0.365074 30.290936 -1.811341
v -0.245991 16.457060 -0.006481
v -0.365074 17.852198 1.132402
v -0.365074 17.852198 -1.145364
v -0.365074 19.024435 1.562566
v -0.365074 19.024435 -1.575528
v -0.660140 7.471970 -1.327413
v -0.762027 7.471970 1.337417
v -0.393660 9.579123 -0.673603
v -0.374709 9.579123 0.683607
v -0.374709 -7.886964 -1.060802
v -0.374709 -7.886964 1.070806
v -0.374709 -9.948359 -1.843242
v -0.374709 -9.948359 1.853245
v -0.374709 -8.363198 1.014138
v -0.272822 -8.363198 -1.004135
v -0.272822 -9.948359 -2.166226
v -0.374709 -9.948359 2.176229
v -0.272822 -7.849208 -3.690274
v -0.374709 -7.849208 3.700277
v -0.374709 -9.277214 2.365392
v -0.272822 -9.277214 -2.355390
v -0.272822 -11.295137 -2.190471
v -0.374709 -11.295137 2.200474
v -0.272822 -13.585717 -3.259069
v -0.374709 -13.585717 3.269073
v -0.374709 -12.440428 3.151880
v -0.272822 -12.440428 -3.141876
v -0.374709 -11.867783 2.845289
v -0.272822 -11.867783 -2.835286
v -0.374709 -12.381188 -0.843709
v -0.374709 -12.381188 0.853712
v -0.374709 -12.371315 2.061392
v -0.374709 -12.371315 -2.051389
v -0.374709 -12.840291 2.665233
v -0.272822 -12.840291 -2.655229
v -0.323765 -12.084992 -0.386861
v -0.374709 -12.084992 0.396864
v -0.724329 -11.873778 -2.161730
v -0.374709 -11.913583 0.005002
v -0.272822 -9.485814 0.005002
v -0.374709 -11.295137 -0.834666
v -0.374709 -11.295137 0.844669
v -0.272822 -16.018881 -4.076009
v -0.374709 -16.018881 4.086011
v -0.374709 -14.200035 3.286121
v -0.272822 -14.200035 -3.276118
v -0.374709 -13.138247 2.596807
v -0.272822 -13.138247 -2.586804
v -0.272822 -18.743883 -2.777439
v -0.374709 -18.743883 2.787441
v -0.272822 -19.415260 -1.308916
v -0.374709 -19.415260 1.318918
v -0.272822 -19.987906 0.005001
v -1.488964 -6.736262 0.005002
v -1.488964 7.471970 0.005002
v -1.100760 -7.878995 0.005002
v -1.100760 -8.370370 0.005002
v -0.781683 -11.738719 0.005002
v -0.794803 -9.757573 -2.499469
v -0.896690 -9.757573 2.509472
v -0.001662 -9.572173 3.055602
v -0.374709 -9.572173 3.055602
v -0.272822 -9.572173 -3.045599
v -0.375415 -11.115141 -1.151209
v -0.477302 -11.115141 1.161212
v -0.724329 -11.873778 2.171733
v -0.550870 -12.500694 -2.824789
v -0.550870 -12.500694 2.834792
v -0.418121 9.579123 -0.016625
v -2.486850 -15.950745 0.005001
v -0.227885 96.751053 -0.023411
v -0.002278 93.130463 3.029625
v -0.002278 93.130463 -3.044971
v -0.897240 40.183834 3.652569
v -0.897240 40.183834 -3.667915
v -0.897240 36.938015 4.701181
v -0.897240 36.938015 -4.716529
v -0.897240 38.560925 4.024632
v -0.897240 38.560925 -4.039979
v -0.365074 67.190308 2.293788
v -0.702050 67.190308 1.669347
v -0.365074 67.190308 -2.308533
v -0.702050 67.190308 -1.684526
v -0.365074 42.676434 -4.272233
v -0.879224 42.676434 -3.484856
v -0.365074 42.705868 4.255281
v -0.879012 42.705868 3.467363
v -0.705913 31.596966 0.027258
v -0.897240 33.205929 6.454268
v -0.897240 33.205929 -6.469615
v -0.365074 32.035172 5.495900
v -0.365074 31.466473 -6.163356
v -0.365074 30.501957 4.819402
v -0.365074 30.501957 -4.764886
v -0.365074 31.466473 6.217871
v -0.365074 33.690788 2.884655
v -0.365074 33.690788 -2.830139
v -0.365074 31.412933 -3.259130
v -0.365074 31.412933 3.313646
v -0.365074 30.034851 -7.175101
v -0.365074 30.034851 7.229617
v -0.365074 29.244991 -5.583135
v -0.365074 29.244991 5.637650
v -0.365074 29.329243 -7.624450
v -0.365074 29.329243 7.678965
v -0.365074 28.586775 -6.096160
v -0.365074 28.586775 6.150675
v -1.044536 25.181301 2.907134
v -1.044536 25.181301 -2.920096
v -1.044536 22.438087 -0.006481
v -1.044536 23.809694 2.504980
v -1.044536 23.809694 -2.517942
v -1.044536 22.698002 1.249249
v -1.044536 22.698002 -1.262212
v -1.044536 23.128588 1.877115
v -1.044536 23.128588 -1.890078
v -1.044536 27.932030 -0.006481
v -1.044536 26.556665 2.562779
v -1.044536 26.556665 -2.575741
v -1.044536 27.244349 1.937242
v -1.044536 27.244349 -1.950203
v -1.044536 27.738503 0.965380
v -1.044536 27.738503 -0.978342
v -1.351479 25.187033 1.399777
v -1.351479 25.187033 -1.412739
v -1.351479 23.815256 -0.006481
v -1.351479 24.501144 1.205677
v -1.351479 24.501144 -1.218639
v -1.351479 23.945229 0.599598
v -1.351479 23.945229 -0.612560
v -1.351479 24.160549 0.902637
v -1.351479 24.160549 -0.915600
v -1.351479 26.562569 -0.006481
v -1.351479 25.874800 1.233574
v -1.351479 25.874800 -1.246536
v -1.351479 26.218685 0.931658
v -1.351479 26.218685 -0.944620
v -1.351479 26.465792 0.462588
v -1.351479 26.465792 -0.475550
v -1.351479 25.190762 0.480888
v -1.351479 25.190762 -0.493851
v -1.351479 24.710844 -0.006481
v -1.351479 24.950804 0.413619
v -1.351479 24.950804 -0.426581
v -1.351479 24.756315 0.203569
v -1.351479 24.756315 -0.216531
v -1.351479 24.831646 0.308594
v -1.351479 24.831646 -0.321556
v -1.351479 25.671993 -0.006481
v -1.351479 25.431377 0.423287
v -1.351479 25.431377 -0.436250
v -1.351479 25.551685 0.318651
v -1.351479 25.551685 -0.331614
v -1.351479 25.638136 0.156085
v -1.351479 25.638136 -0.169047
v -1.351479 25.190762 -0.006481
v -0.365074 27.079721 -6.632859
v -0.365074 27.079721 6.687375
v -0.365074 27.534681 -8.389269
v -0.365074 27.534681 8.443785
v -0.365074 27.534681 -8.389269
v -0.365074 27.534681 8.443785
v -0.365074 27.534681 -8.389269
v -0.365074 27.534681 8.443785
v -0.365074 26.767450 -8.766499
v -0.365074 26.767450 8.821014
v -0.365074 26.369360 -6.830720
v -0.365074 26.369360 6.885236
v -0.365074 26.647614 10.927376
v -0.365074 26.647614 -10.940337
v -0.365074 24.805435 -6.962396
v -0.365074 24.805435 7.016911
v -0.365074 24.876522 -8.909377
v -0.365074 24.876522 8.963893
v -0.365074 19.791792 -7.110956
v -0.365074 19.791792 7.160629
v -0.365074 21.834248 10.236422
v -0.365074 22.362968 8.495397
v -0.365074 21.923531 -10.278365
v -0.365074 22.452198 -8.468411
v -0.365074 23.452515 10.784878
v -0.365074 23.980261 8.796841
v -0.365074 23.961096 -8.742868
v -0.365074 23.433338 -10.790858
v -0.365074 24.128359 7.093716
v -0.365074 24.109194 -7.039744
v -0.365074 22.614458 6.733388
v -0.365074 22.595293 -6.679416
v -0.365074 20.794867 9.884159
v -0.365074 21.324211 8.006779
v -0.365074 20.736395 -9.875400
v -0.365074 21.265776 -7.920893
v -0.365074 21.790447 6.508659
v -0.365074 21.732012 -6.422772
v -0.365074 20.419161 5.831303
v -0.365074 20.360725 -5.745416
vn -0.0000 0.4602 -0.8878
vn -0.0000 -0.8040 -0.5946
vn -0.0000 0.5790 0.8153
vn -0.0000 -0.9162 -0.4008
vn -0.0000 -0.6498 0.7601
vn -0.0000 0.5790 -0.8153
vn -0.0000 -0.9162 0.4008
vn -0.0000 -0.6498 -0.7601
vn 0.0779 -0.3169 0.9453
vn -0.0000 -0.4210 0.9071
vn -0.0000 0.9777 0.2099
vn 0.0840 -0.3169 -0.9447
vn -0.0000 -1.0000 -0.0000
vn -0.0000 0.2262 0.9741
vn 0.0373 -0.6323 0.7739
vn 0.4350 0.3883 -0.8124
vn -0.0000 0.9777 -0.2099
vn 0.0399 -0.6320 -0.7740
vn -0.0000 0.4026 -0.9154
vn 0.9624 0.1030 0.2515
vn -0.0000 0.2262 -0.9741
vn -0.0000 -0.8353 0.5498
vn -0.0000 -0.4210 -0.9071
vn 0.9793 0.0102 0.2023
vn -0.0000 0.6448 0.7644
vn -0.0000 -0.8353 -0.5498
vn -0.0000 0.4026 0.9154
vn 0.9624 0.1021 -0.2517
vn -0.0000 0.6448 -0.7644
vn -0.0000 -0.8328 0.5535
vn -0.0000 0.5445 0.8387
vn 0.9792 0.0102 -0.2026
vn -0.0000 0.8768 0.4808
vn -0.0000 -0.8328 -0.5535
vn -0.0000 0.5445 -0.8387
vn 0.9784 0.1070 0.1769
vn -0.0000 0.8768 -0.4808
vn -0.0000 0.0268 -0.9996
vn -0.0000 0.9172 0.3984
vn 0.9784 0.1070 -0.1770
vn -0.8483 0.3323 -0.4122
vn -0.0000 0.0268 0.9996
vn -0.0000 0.9172 -0.3984
vn 0.9774 0.0668 0.2007
vn -0.8257 0.2299 -0.5151
vn -0.0000 -0.4599 -0.8880
vn -0.0000 -0.4302 -0.9027
vn 0.9773 0.0668 -0.2009
vn -0.8483 0.3323 0.4122
vn -0.0000 -0.4599 0.8880
vn -0.0000 -0.4302 0.9027
vn -0.0000 0.0554 0.9985
vn -0.8257 0.2299 0.5151
vn -0.0000 -0.7635 -0.6458
vn -0.0000 -0.9095 -0.4158
vn -0.0000 0.0554 -0.9985
vn -0.6579 0.2561 -0.7082
vn -0.0000 -0.7635 0.6458
vn -0.0000 -0.9095 0.4158
vn -0.0000 -0.1149 0.9934
vn -0.6579 0.2561 0.7082
vn -0.0000 0.5938 -0.8046
vn -0.0000 -0.9167 0.3995
vn -0.0000 -0.1149 -0.9934
vn 0.4081 0.4016 0.8198
vn -0.0000 0.5938 0.8046
vn -0.0000 -0.9167 -0.3995
vn 0.9227 0.2295 0.3096
vn 0.6497 -0.0000 -0.7602
vn -0.0000 0.9450 -0.3271
vn 0.9227 0.2294 -0.3099
vn 0.5959 -0.0000 0.8031
vn -0.0000 0.9450 0.3271
vn -0.0000 -0.0688 -0.9976
vn 0.4325 -0.4310 -0.7920
vn -0.0000 0.9825 0.1865
vn -0.0000 -0.1031 -0.9947
vn 0.3983 -0.4486 0.8001
vn -0.0000 0.9825 -0.1865
vn -0.0000 -0.0941 0.9956
vn -0.0000 -0.1182 -0.9930
vn -0.0000 0.8201 -0.5723
vn -0.0000 -0.0688 0.9976
vn -0.0000 0.4678 0.8838
vn -0.0000 0.8201 0.5723
vn -0.0000 -0.0698 -0.9976
vn -0.0000 -0.1182 0.9930
vn -0.0000 -0.7904 -0.6126
vn -0.0000 -0.0698 0.9976
vn -0.0000 0.4678 -0.8838
vn -0.0000 -0.7904 0.6126
vn -0.0000 -0.7648 -0.6443
vn -0.0000 1.0000 -0.0000
vn -0.0000 -0.7348 0.6783
vn -0.0000 -0.7648 0.6443
vn -0.0000 -0.7348 -0.6783
vn -0.0000 0.8011 -0.5985
vn -0.0000 -0.9836 0.1804
vn -0.0000 0.8011 0.5985
vn -0.0000 0.2713 0.9625
vn -0.0000 -0.9836 -0.1804
vn -0.0000 0.2449 0.9695
vn -0.0000 0.6829 -0.7305
vn -0.0000 -0.6484 0.7613
vn -0.0000 0.2449 -0.9695
vn -0.0000 0.2713 -0.9625
vn -0.0000 -0.6484 -0.7613
vn -0.0000 0.1764 0.9843
vn -0.0000 0.6829 0.7305
vn -0.0000 0.2497 -0.9683
vn -0.0000 0.1764 -0.9843
vn -0.0000 -0.3504 -0.9366
vn -0.0000 0.2497 0.9683
vn -0.0000 0.3147 0.9492
vn -0.0000 -0.4446 0.8957
vn -0.0000 0.7595 -0.6505
vn -0.0000 0.3147 -0.9492
vn -0.0000 0.7595 0.6505
vn -0.0000 0.6534 0.7570
vn -0.0000 0.7477 -0.6640
vn -0.0000 0.6549 -0.7557
vn -0.0000 0.6534 -0.7570
vn -0.0000 0.1018 0.9948
vn -0.0000 0.6549 0.7557
vn 0.5564 -0.1196 0.8222
vn -0.0000 0.4720 0.8816
vn -0.0000 0.2490 -0.9685
vn 0.5564 -0.1196 -0.8222
vn -0.0000 0.1018 -0.9948
vn -0.0000 0.2490 0.9685
vn -0.1239 0.7771 0.6171
vn -0.0000 0.7477 0.6640
vn -0.0000 0.3933 -0.9194
vn -0.1239 0.7771 -0.6171
vn -0.0000 0.4720 -0.8816
vn -0.0000 0.3933 0.9194
vn -0.0000 0.8323 -0.5543
vn -0.0000 -0.6294 0.7770
vn -0.0000 0.7150 -0.6991
vn -0.0000 0.8323 0.5543
vn -0.0000 -1.0000 0.0082
vn -0.0000 0.7150 0.6991
vn 0.9295 0.0322 0.3675
vn -0.0000 -0.7898 -0.6134
vn -0.0000 -0.0297 -0.9996
vn -0.0000 -0.3240 0.9461
vn -0.0000 -1.0000 -0.0082
vn -0.0000 -0.0297 0.9996
vn 0.9295 0.0322 -0.3675
vn -0.0000 -0.6295 -0.7770
vn -0.0000 0.9760 -0.2178
vn -0.0000 -0.3240 -0.9461
vn -0.0000 -0.7898 0.6134
vn -0.0000 -0.2624 0.9650
vn -0.0000 0.0701 0.9975
vn -0.0000 -0.8391 0.5440
vn -0.0000 0.9760 0.2178
vn -0.0000 0.0701 -0.9975
vn -0.0000 -0.8391 -0.5440
vn -0.0000 -0.2624 -0.9650
vn -0.0000 0.4602 0.8878
vn -0.0000 -0.8040 0.5946
vn 0.8778 -0.0000 0.4789
vn 0.8491 -0.0000 -0.5282
vn 0.8079 -0.3299 0.4884
vn 0.8020 -0.2959 -0.5190
vn 0.8188 -0.0336 0.5730
vn 0.7948 -0.1185 -0.5952
vn 0.9188 0.2075 0.3357
vn 0.9188 0.2075 -0.3357
vn 0.6387 0.5254 -0.5621
vn 0.6387 0.5254 0.5621
vn 0.4581 0.2411 -0.8556
vn 0.4581 0.2411 0.8556
vn -0.0000 -0.3504 0.9366
vn -0.0000 -0.4446 -0.8957
vn 0.6500 -0.2663 0.7117
vn 0.6500 -0.2663 -0.7117
vn 0.6147 -0.3507 0.7065
vn 0.6147 -0.3507 -0.7065
vn 0.2252 0.6507 -0.7252
vn 0.2252 0.6507 0.7252
vn 0.9962 0.0876 -0.0000
vn 0.9389 -0.1751 -0.2962
vn 0.6940 -0.5151 0.5030
vn 0.6692 -0.4967 -0.5526
vn 0.9942 0.0062 -0.1073
vn 0.9985 0.0371 0.0413
vn 1.0000 -0.0000 -0.0000
vn 0.9980 0.0376 0.0502
vn 0.8172 0.3455 -0.4613
vn 1.0000 0.0029 0.0039
vn 0.8688 -0.4952 -0.0000
vn 0.9881 -0.1345 -0.0743
vn 0.9440 -0.3278 0.0364
vn 0.9440 -0.3278 -0.0364
vn 0.3663 -0.8525 -0.3729
vn 0.3725 -0.8670 0.3308
vn 0.7826 -0.3070 0.5415
vn 0.7489 -0.3627 -0.5546
vn 0.9938 -0.0009 0.1114
vn 0.8559 0.5171 -0.0000
vn 0.7884 0.6123 -0.0592
vn 0.8334 0.3478 0.4295
vn 0.7496 0.4352 -0.4986
vn 0.8114 -0.5176 0.2714
vn 0.8536 -0.4461 -0.2691
vn 0.8177 -0.5756 0.0047
vn 0.8177 -0.5756 -0.0047
vn 0.9668 -0.0021 0.2556
vn 0.9668 -0.0021 -0.2556
vn 0.8909 -0.2859 -0.3529
vn 0.8770 0.0489 0.4779
vn 0.7791 -0.3946 0.4872
vn 0.7564 0.0666 -0.6507
vn 0.7423 0.3163 -0.5908
vn 0.8680 0.2343 0.4377
vn 0.8672 0.3310 -0.3720
vn 0.8740 0.3555 0.3312
vn 0.8633 0.4630 0.2011
vn 0.8587 0.4497 -0.2455
vn 0.8533 0.4375 0.2836
vn 0.8631 0.4623 -0.2035
vn 0.8444 0.4418 -0.3030
vn 0.8684 0.4543 0.1987
vn 0.8688 0.2697 0.4154
vn 0.8584 0.2793 -0.4302
vn 0.8586 0.2064 -0.4693
vn 0.8689 0.1992 0.4530
vn 0.8692 -0.2127 0.4463
vn 0.8589 -0.2203 -0.4623
vn 0.8579 -0.4673 -0.2136
vn 0.8582 -0.4706 -0.2051
vn 0.8681 -0.4761 0.1402
vn 0.8683 -0.4511 0.2062
vn 0.8385 0.1344 -0.5281
vn 0.8534 0.2189 -0.4730
vn 0.8347 0.0452 -0.5488
vn 0.8350 0.0451 0.5484
vn 0.8387 0.1343 0.5278
vn 0.8536 0.2187 0.4728
vn 0.9907 -0.0766 0.1120
vn 0.9908 -0.0768 -0.1113
vn 0.9965 0.0083 0.0835
vn 0.9964 0.0084 -0.0844
vn 0.9997 0.0145 -0.0200
vn 0.9884 -0.0026 0.1521
vn 0.9997 0.0145 0.0200
vn 0.9883 -0.0026 -0.1522
vn 0.8556 0.0427 -0.5159
vn 0.9900 0.0071 -0.1406
vn 0.8558 0.0427 0.5156
vn 0.9901 0.0071 0.1405
vn 0.7370 -0.0454 0.6744
vn 0.6797 -0.0497 -0.7318
vn 0.7080 -0.0728 -0.7024
vn 0.7709 -0.0599 0.6341
vn 0.9996 0.0266 0.0073
vn 0.9996 0.0266 -0.0075
vn 0.9733 -0.0884 -0.2120
vn 0.9404 -0.0760 -0.3315
vn 0.6531 -0.0524 -0.7555
vn 0.7051 -0.0489 0.7074
vn 0.9451 -0.0730 0.3184
vn 0.9747 -0.0860 0.2064
vn 0.8767 0.0253 0.4803
vn 0.8767 0.0253 -0.4803
vn 0.8295 -0.3245 0.4545
vn 0.8382 -0.2942 -0.4592
vn 0.9492 0.1418 0.2810
vn 0.9491 0.1418 -0.2812
vn 0.8909 0.1931 0.4111
vn 0.8905 0.1934 -0.4118
vn 0.9694 -0.1381 -0.2030
vn 0.9709 -0.1346 0.1979
vn 0.5401 -0.6663 0.5141
vn 0.5198 -0.6848 -0.5107
vn 0.5784 -0.0923 -0.8105
vn 0.5784 -0.0923 0.8105
vn 0.9763 0.0667 -0.2057
vn 0.9763 0.0667 0.2057
vn 0.5989 -0.1630 -0.7841
vn 0.5989 -0.1630 0.7841
vn 0.6379 0.2096 0.7411
vn 0.6379 0.2096 -0.7411
vn -0.0000 -0.0111 -0.9999
vn -0.0000 -0.0111 0.9999
vn -0.0000 -0.8232 0.5678
vn -0.0000 -0.8232 -0.5678
vn -0.0000 -0.5771 0.8166
vn -0.0000 -0.5771 -0.8166
vn -0.0000 0.8958 0.4445
vn -0.0000 0.8958 -0.4445
vn -0.0000 0.5456 0.8381
vn -0.0000 0.5456 -0.8381
vn -1.0000 -0.0000 -0.0000
vn -0.9993 0.0370 -0.0000
vn 0.9671 0.1665 -0.1924
vn 0.9664 -0.1694 0.1932
vn 0.9680 0.2213 0.1182
vn 0.9664 -0.1694 -0.1932
vn 0.9695 -0.2396 0.0521
vn 0.9680 0.2213 -0.1182
vn 0.9693 0.2407 0.0504
vn 0.9630 -0.0724 0.2596
vn 0.9634 0.0621 0.2607
vn 0.9695 -0.2396 -0.0521
vn 0.9693 0.2407 -0.0504
vn 0.9630 -0.0724 -0.2596
vn 0.9634 0.0621 -0.2607
vn 0.9685 -0.2022 0.1457
vn 0.9671 0.1665 0.1924
vn 0.9685 -0.2022 -0.1457
vn 0.9749 0.2182 0.0440
vn 0.9782 -0.0578 0.1996
vn 0.9785 0.0495 0.2000
vn 0.9751 -0.2169 -0.0454
vn 0.9749 0.2182 -0.0440
vn 0.9782 -0.0578 -0.1996
vn 0.9785 0.0495 -0.2000
vn 0.9768 -0.1760 0.1221
vn 0.9780 0.1395 0.1551
vn 0.9768 -0.1760 -0.1221
vn 0.9780 0.1395 -0.1551
vn 0.9774 -0.1422 0.1561
vn 0.9757 0.1948 0.1002
vn 0.9774 -0.1422 -0.1561
vn 0.9751 -0.2169 0.0454
vn 0.9757 0.1948 -0.1002
vn -0.0000 -0.8995 0.4370
vn -0.0000 -0.8995 -0.4370
vn -0.0000 0.3355 -0.9420
vn -0.0000 0.3355 0.9420
vn -0.0000 0.9681 0.2508
vn -0.0000 0.9681 -0.2508
vn -0.0000 -0.3921 -0.9199
vn -0.0000 -0.3921 0.9199
vn -0.0000 -0.9795 -0.2014
vn -0.0000 -0.9795 0.2014
vn -0.0000 0.2739 0.9618
vn -0.0000 0.2739 -0.9618
vn -0.0000 0.0839 -0.9965
vn -0.0000 0.0839 0.9965
vn -0.0000 0.9993 0.0365
vn -0.0000 0.9993 -0.0365
vn -0.0000 -0.0753 -0.9972
vn -0.0000 -0.0753 0.9972
vn 0.0327 -0.3177 0.9476
vn 0.0343 -0.3179 -0.9475
vn 0.0086 -0.3178 0.9481
vn 0.0094 -0.3181 -0.9480
vn -0.0000 0.1790 0.9839
vn -0.0000 0.1832 -0.9831
vn -0.0000 -0.9962 -0.0866
vn -0.0000 -0.9962 0.0866
vn -0.0000 -0.2315 0.9728
vn -0.0000 0.9968 -0.0797
vn -0.0000 0.9900 0.1413
vn -0.0000 -0.2315 -0.9728
vn -0.0000 0.4816 0.8764
vn -0.0000 0.4834 -0.8754
vn 0.0581 -0.3173 0.9465
vn 0.0619 -0.3175 -0.9463
vn -0.0000 -0.9548 -0.2972
vn -0.0000 -0.9548 0.2972
vn -0.0000 -0.4429 0.8966
vn -0.0000 -0.4429 -0.8966
vn -0.0000 0.9043 0.4268
vn -0.0000 0.9231 -0.3846
vn -0.0779 -0.3169 0.9453
vn -0.0840 -0.3169 -0.9447
vn -0.0373 -0.6323 0.7739
vn -0.4350 0.3883 -0.8124
vn -0.0399 -0.6320 -0.7740
vn -0.9624 0.1030 0.2515
vn -0.9793 0.0102 0.2023
vn -0.9624 0.1021 -0.2517
vn -0.9792 0.0102 -0.2026
vn -0.9784 0.1070 0.1769
vn -0.9784 0.1070 -0.1770
vn 0.8483 0.3323 -0.4122
vn -0.9774 0.0668 0.2007
vn 0.8257 0.2299 -0.5151
vn -0.9773 0.0668 -0.2009
vn 0.8483 0.3323 0.4122
vn 0.8257 0.2299 0.5151
vn 0.6579 0.2561 -0.7082
vn 0.6579 0.2561 0.7082
vn -0.4081 0.4016 0.8198
vn -0.9227 0.2295 0.3096
vn -0.6497 -0.0000 -0.7602
vn -0.9227 0.2294 -0.3099
vn -0.5959 -0.0000 0.8031
vn -0.4325 -0.4310 -0.7920
vn -0.3983 -0.4486 0.8001
vn -0.5564 -0.1196 0.8222
vn -0.5564 -0.1196 -0.8222
vn 0.1239 0.7771 0.6171
vn 0.1239 0.7771 -0.6171
vn -0.9295 0.0322 0.3675
vn -0.9295 0.0322 -0.3675
vn -0.8778 -0.0000 0.4789
vn -0.8491 -0.0000 -0.5282
vn -0.8079 -0.3299 0.4884
vn -0.8020 -0.2959 -0.5190
vn -0.8188 -0.0336 0.5730
vn -0.7948 -0.1185 -0.5952
vn -0.9188 0.2075 0.3357
vn -0.9188 0.2075 -0.3357
vn -0.6387 0.5254 -0.5621
vn -0.6387 0.5254 0.5621
vn -0.4581 0.2411 -0.8556
vn -0.4581 0.2411 0.8556
vn -0.6500 -0.2663 0.7117
vn -0.6500 -0.2663 -0.7117
vn -0.6147 -0.3507 0.7065
vn -0.6147 -0.3507 -0.7065
vn -0.2252 0.6507 -0.7252
vn -0.2252 0.6507 0.7252
vn -0.9962 0.0876 -0.0000
vn -0.9389 -0.1751 -0.2962
vn -0.6940 -0.5151 0.5030
vn -0.6692 -0.4967 -0.5526
vn -0.9942 0.0062 -0.1073
vn -0.9985 0.0371 0.0413
vn -0.9980 0.0376 0.0502
vn -0.8172 0.3455 -0.4613
vn -1.0000 0.0029 0.0039
vn -0.8688 -0.4952 -0.0000
vn -0.9881 -0.1345 -0.0743
vn -0.9440 -0.3278 0.0364
vn -0.9440 -0.3278 -0.0364
vn -0.3663 -0.8525 -0.3729
vn -0.3725 -0.8670 0.3308
vn -0.7826 -0.3070 0.5415
vn -0.7489 -0.3627 -0.5546
vn -0.9938 -0.0009 0.1114
vn -0.8559 0.5171 -0.0000
vn -0.7884 0.6123 -0.0592
vn -0.8334 0.3478 0.4295
vn -0.7496 0.4352 -0.4986
vn -0.8114 -0.5176 0.2714
vn -0.8536 -0.4461 -0.2691
vn -0.8177 -0.5756 0.0047
vn -0.8177 -0.5756 -0.0047
vn -0.9668 -0.0021 0.2556
vn -0.9668 -0.0021 -0.2556
vn -0.8909 -0.2859 -0.3529
vn -0.8770 0.0489 0.4779
vn -0.7791 -0.3946 0.4872
vn -0.7564 0.0666 -0.6507
vn -0.7423 0.3163 -0.5908
vn -0.8680 0.2343 0.4377
vn -0.8672 0.3310 -0.3720
vn -0.8740 0.3555 0.3312
vn -0.8633 0.4630 0.2011
vn -0.8587 0.4497 -0.2455
vn -0.8533 0.4375 0.2836
vn -0.8631 0.4623 -0.2035
vn -0.8444 0.4418 -0.3030
vn -0.8684 0.4543 0.1987
vn -0.8688 0.2697 0.4154
vn -0.8584 0.2793 -0.4302
vn -0.8586 0.2064 -0.4693
vn -0.8689 0.1992 0.4530
vn -0.8692 -0.2127 0.4463
vn -0.8589 -0.2203 -0.4623
vn -0.8579 -0.4673 -0.2136
vn -0.8582 -0.4706 -0.2051
vn -0.8681 -0.4761 0.1402
vn -0.8683 -0.4511 0.2062
vn -0.8385 0.1344 -0.5281
vn -0.8534 0.2189 -0.4730
vn -0.8347 0.0452 -0.5488
vn -0.8350 0.0451 0.5484
vn -0.8387 0.1343 0.5278
vn -0.8536 0.2187 0.4728
vn -0.9907 -0.0766 0.1120
vn -0.9908 -0.0768 -0.1113
vn -0.9965 0.0083 0.0835
vn -0.9964 0.0084 -0.0844
vn -0.9997 0.0145 -0.0200
vn -0.9884 -0.0026 0.1521
vn -0.9997 0.0145 0.0200
vn -0.9883 -0.0026 -0.1522
vn -0.8556 0.0427 -0.5159
vn -0.9900 0.0071 -0.1406
vn -0.8558 0.0427 0.5156
vn -0.9901 0.0071 0.1405
vn -0.7370 -0.0454 0.6744
vn -0.6797 -0.0497 -0.7318
vn -0.7080 -0.0728 -0.7024
vn -0.7709 -0.0599 0.6341
vn -0.9996 0.0266 0.0073
vn -0.9996 0.0266 -0.0075
vn -0.9733 -0.0884 -0.2120
vn -0.9404 -0.0760 -0.3315
vn -0.6531 -0.0524 -0.7555
vn -0.7051 -0.0489 0.7074
vn -0.9451 -0.0730 0.3184
vn -0.9747 -0.0860 0.2064
vn -0.8767 0.0253 0.4803
vn -0.8767 0.0253 -0.4803
vn -0.8295 -0.3245 0.4545
vn -0.8382 -0.2942 -0.4592
vn -0.9492 0.1418 0.2810
vn -0.9491 0.1418 -0.2812
vn -0.8909 0.1931 0.4111
vn -0.8905 0.1934 -0.4118
vn -0.9694 -0.1381 -0.2030
vn -0.9709 -0.1346 0.1979
vn -0.5401 -0.6663 0.5141
vn -0.5198 -0.6848 -0.5107
vn -0.5784 -0.0923 -0.8105
vn -0.5784 -0.0923 0.8105
vn -0.9763 0.0667 -0.2057
vn -0.9763 0.0667 0.2057
vn -0.5989 -0.1630 -0.7841
vn -0.5989 -0.1630 0.7841
vn -0.6379 0.2096 0.7411
vn -0.6379 0.2096 -0.7411
vn 0.9993 0.0370 -0.0000
vn -0.9671 0.1665 -0.1924
vn -0.9664 -0.1694 0.1932
vn -0.9680 0.2213 0.1182
vn -0.9664 -0.1694 -0.1932
vn -0.9695 -0.2396 0.0521
vn -0.9680 0.2213 -0.1182
vn -0.9693 0.2407 0.0504
vn -0.9630 -0.0724 0.2596
vn -0.9634 0.0621 0.2607
vn -0.9695 -0.2396 -0.0521
vn -0.9693 0.2407 -0.0504
vn -0.9630 -0.0724 -0.2596
vn -0.9634 0.0621 -0.2607
vn -0.9685 -0.2022 0.1457
vn -0.9671 0.1665 0.1924
vn -0.9685 -0.2022 -0.1457
vn -0.9749 0.2182 0.0440
vn -0.9782 -0.0578 0.1996
vn -0.9785 0.0495 0.2000
vn -0.9751 -0.2169 -0.0454
vn -0.9749 0.2182 -0.0440
vn -0.9782 -0.0578 -0.1996
vn -0.9785 0.0495 -0.2000
vn -0.9768 -0.1760 0.1221
vn -0.9780 0.1395 0.1551
vn -0.9768 -0.1760 -0.1221
vn -0.9780 0.1395 -0.1551
vn -0.9774 -0.1422 0.1561
vn -0.9757 0.1948 0.1002
vn -0.9774 -0.1422 -0.1561
vn -0.9751 -0.2169 0.0454
vn -0.9757 0.1948 -0.1002
vn -0.0327 -0.3177 0.9476
vn -0.0343 -0.3179 -0.9475
vn -0.0086 -0.3178 0.9481
vn -0.0094 -0.3181 -0.9480
vn -0.0581 -0.3173 0.9465
vn -0.0619 -0.3175 -0.9463
vt 0.793149 0.225616
vt 0.781749 0.203622
vt 0.846644 0.128146
vt 0.857803 0.119894
vt 0.951471 0.247610
vt 0.967090 0.225616
vt 0.074093 0.156421
vt 0.080807 0.153484
vt 0.924753 0.141199
vt 0.913595 0.128146
vt 0.808768 0.247610
vt 0.067379 0.153484
vt 0.835486 0.141199
vt 0.975015 0.125598
vt 0.971715 0.115646
vt 0.971399 0.115672
vt 0.974770 0.125619
vt 0.059707 0.167017
vt 0.074093 0.198016
vt 0.897392 0.216493
vt 0.880120 0.220202
vt 0.785410 0.125038
vt 0.785677 0.125059
vt 0.788863 0.115672
vt 0.788524 0.115646
vt 0.036478 0.167017
vt 0.931901 0.167486
vt 0.925781 0.193844
vt 0.953577 0.093652
vt 0.111708 0.167017
vt 0.088479 0.167017
vt 0.041598 0.488554
vt 0.062466 0.524656
vt 0.051265 0.488554
vt 0.862848 0.216493
vt 0.806663 0.093652
vt 0.017877 0.117247
vt 0.004173 0.086085
vt 0.879866 0.937644
vt 0.928999 0.817851
vt 0.915565 0.817851
vt 0.879928 0.905004
vt 0.828339 0.167486
vt 0.834458 0.193844
vt 0.940163 0.084822
vt 0.938556 0.334825
vt 0.939025 0.311166
vt 0.922837 0.311166
vt 0.920904 0.335301
vt 0.914664 0.207023
vt 0.820076 0.084822
vt 0.130308 0.117247
vt 0.144013 0.086085
vt 0.844658 0.817851
vt 0.831240 0.817851
vt 0.845576 0.207023
vt 0.930259 0.078240
vt 0.118498 0.135439
vt 0.821677 0.334548
vt 0.839298 0.335019
vt 0.837387 0.311166
vt 0.821215 0.311166
vt 0.829980 0.078240
vt 0.029687 0.135439
vt 0.945012 0.295635
vt 0.955900 0.280104
vt 0.935077 0.280104
vt 0.927180 0.295635
vt 0.916191 0.080410
vt 0.916525 0.092829
vt 0.088634 0.148410
vt 0.815227 0.295635
vt 0.833044 0.295635
vt 0.825147 0.280104
vt 0.804339 0.280104
vt 0.895729 0.097458
vt 0.891018 0.097458
vt 0.880120 0.084107
vt 0.880120 0.075022
vt 0.844048 0.080410
vt 0.843715 0.092829
vt 0.059552 0.148410
vt 0.901625 0.108676
vt 0.895135 0.108676
vt 0.919408 0.074200
vt 0.026421 0.039398
vt 0.864510 0.097458
vt 0.869221 0.097458
vt 0.840832 0.074200
vt 0.121764 0.039398
vt 0.950570 0.263857
vt 0.858614 0.108676
vt 0.865104 0.108676
vt 0.926749 0.067990
vt 0.051581 0.027895
vt 0.809670 0.263857
vt 0.902436 0.119894
vt 0.833490 0.067990
vt 0.096604 0.027895
vt 0.951509 0.271981
vt 0.936234 0.098872
vt 0.941412 0.105888
vt 0.074093 0.018084
vt 0.808730 0.271981
vt 0.085719 0.524656
vt 0.106588 0.488554
vt 0.096921 0.488554
vt 0.824005 0.098872
vt 0.818827 0.105888
vt 0.041598 0.245124
vt 0.051265 0.245124
vt 0.922746 0.091648
vt 0.928968 0.093802
vt 0.106588 0.245124
vt 0.096921 0.245124
vt 0.837493 0.091648
vt 0.831271 0.093802
vt 0.892874 0.569922
vt 0.909101 0.334719
vt 0.055832 0.225409
vt 0.879866 0.695363
vt 0.092353 0.225409
vt 0.868011 0.569922
vt 0.056803 0.217250
vt 0.851784 0.334719
vt 0.091382 0.217250
vt 0.105759 0.190091
vt 0.915163 0.248022
vt 0.930226 0.114557
vt 0.845722 0.248022
vt 0.042427 0.190091
vt 0.830013 0.114557
vt 0.932776 0.233185
vt 0.073722 0.524656
vt 0.920926 0.103637
vt 0.911626 0.095052
vt 0.828109 0.233185
vt 0.036893 0.190091
vt 0.839313 0.103637
vt 0.848613 0.095052
vt 0.920058 0.223683
vt 0.111292 0.190091
vt 0.900413 0.092996
vt 0.840827 0.223683
vt 0.033652 0.201590
vt 0.859826 0.092996
vt 0.908892 0.252440
vt 0.901629 0.281197
vt 0.114533 0.201590
vt 0.137404 0.226056
vt 0.851993 0.252440
vt 0.859256 0.281197
vt 0.911469 0.238062
vt 0.010782 0.226056
vt 0.911835 0.103912
vt 0.915643 0.118675
vt 0.849416 0.238062
vt 0.021827 0.196537
vt 0.848404 0.103912
vt 0.844596 0.118675
vt 0.913852 0.230872
vt 0.126359 0.196537
vt 0.908028 0.099518
vt 0.847033 0.230872
vt 0.852211 0.099518
vt 0.025430 0.157206
vt 0.128008 0.147395
vt 0.130016 0.127773
vt 0.851583 0.237729
vt 0.853098 0.249029
vt 0.855591 0.249029
vt 0.853759 0.237320
vt 0.122756 0.157206
vt 0.927970 0.135671
vt 0.932341 0.152667
vt 0.909302 0.237729
vt 0.907126 0.237320
vt 0.905294 0.249029
vt 0.907787 0.249029
vt 0.018170 0.127773
vt 0.020177 0.147395
vt 0.832269 0.135671
vt 0.827899 0.152667
vt 0.904613 0.213967
vt 0.886396 0.228992
vt 0.900267 0.216862
vt 0.924335 0.127173
vt 0.856272 0.213967
vt 0.860618 0.216862
vt 0.874489 0.228992
vt 0.835905 0.127173
vt 0.908959 0.216862
vt 0.028515 0.140544
vt 0.851926 0.216862
vt 0.109325 0.148579
vt 0.880442 0.342183
vt 0.880442 0.397665
vt 0.119671 0.140544
vt 0.038861 0.148579
vt 0.880120 0.114913
vt 0.984754 0.181628
vt 0.986299 0.159634
vt 0.775486 0.181628
vt 0.773941 0.159634
vt 0.978490 0.203622
vt 0.074093 0.245124
vt 0.074093 0.488554
vt 0.074093 0.225546
vt 0.074093 0.217127
vt 0.074093 0.159417
vt 0.117002 0.193360
vt 0.031184 0.193360
vt 0.093902 0.170101
vt 0.054284 0.170101
vt 0.111215 0.157103
vt 0.036970 0.157103
vt 0.122576 0.146362
vt 0.025610 0.146362
vt 0.074093 0.087253
vt 0.845081 0.311166
vt 0.841520 0.295635
vt 0.835046 0.280104
vt 0.846833 0.335019
vt 0.915136 0.311166
vt 0.913363 0.335301
vt 0.918696 0.295635
vt 0.925171 0.280104
vt 0.879958 0.852498
vt 0.851042 0.817851
vt 0.909174 0.817851
vt 0.902133 0.569610
vt 0.896157 0.569610
vt 0.934012 0.564508
vt 0.864061 0.569610
vt 0.858090 0.569610
vt 0.826227 0.564508
vt 0.880442 0.228992
vt 0.941947 0.244389
vt 0.818269 0.244389
vt 0.834583 0.218513
vt 0.821200 0.227743
vt 0.926302 0.218513
vt 0.939685 0.227743
vt 0.911892 0.227231
vt 0.908845 0.227091
vt 0.848993 0.227231
vt 0.852039 0.227091
vt 0.811518 0.214043
vt 0.949367 0.214043
vt 0.826752 0.206484
vt 0.934132 0.206484
vt 0.953667 0.207290
vt 0.939042 0.200185
vt 0.821843 0.200185
vt 0.807218 0.207290
vt 0.861519 0.187339
vt 0.855532 0.180758
vt 0.898145 0.147952
vt 0.904154 0.154470
vt 0.898721 0.187339
vt 0.889420 0.192067
vt 0.856086 0.154470
vt 0.862094 0.147952
vt 0.880120 0.141344
vt 0.892137 0.143831
vt 0.870819 0.192067
vt 0.880120 0.193919
vt 0.908002 0.167596
vt 0.904707 0.180758
vt 0.868103 0.143831
vt 0.852237 0.167596
vt 0.884609 0.179888
vt 0.880120 0.180814
vt 0.891720 0.161087
vt 0.893577 0.167651
vt 0.891987 0.174232
vt 0.874320 0.155767
vt 0.880120 0.154523
vt 0.875631 0.179888
vt 0.866662 0.167651
vt 0.868519 0.161087
vt 0.868253 0.174232
vt 0.885920 0.155767
vt 0.888820 0.157827
vt 0.889097 0.177523
vt 0.871420 0.157827
vt 0.871142 0.177523
vt 0.877008 0.171140
vt 0.876007 0.169989
vt 0.883135 0.164250
vt 0.884140 0.165390
vt 0.883231 0.171140
vt 0.881675 0.171967
vt 0.876099 0.165390
vt 0.877104 0.164250
vt 0.880120 0.163094
vt 0.882130 0.163529
vt 0.878564 0.171967
vt 0.880120 0.172291
vt 0.884784 0.167686
vt 0.884232 0.169989
vt 0.878109 0.163529
vt 0.875456 0.167686
vt 0.880120 0.167686
vt 0.816707 0.185763
vt 0.944178 0.185763
vt 0.799899 0.190117
vt 0.960986 0.190117
vt 0.796289 0.182775
vt 0.814813 0.178965
vt 0.964596 0.182775
vt 0.946072 0.178965
vt 0.813553 0.163999
vt 0.947331 0.163999
vt 0.794921 0.164679
vt 0.965964 0.164679
vt 0.956804 0.130684
vt 0.948707 0.116020
vt 0.804381 0.130125
vt 0.812132 0.116020
vt 0.964365 0.156102
vt 0.983390 0.151052
vt 0.978141 0.135565
vt 0.961480 0.140625
vt 0.983451 0.151047
vt 0.978314 0.135551
vt 0.796515 0.155919
vt 0.799141 0.141479
vt 0.781820 0.136420
vt 0.776916 0.150868
vt 0.776848 0.150863
vt 0.781642 0.136406
vt 0.948067 0.157519
vt 0.812813 0.157336
vt 0.944618 0.143032
vt 0.816261 0.142848
vt 0.942468 0.135146
vt 0.818717 0.134587
vt 0.935986 0.122023
vt 0.825199 0.121464
s 0
usemtl Material
f 51/1/1 213/1/1 211/2/1 49/2/1
f 102/3/2 264/3/2 262/4/2 100/4/2
f 12/5/3 50/6/3 212/6/3 174/5/3
f 148/7/4 310/7/4 308/8/4 146/8/4
f 97/9/5 101/10/5 263/10/5 259/9/5
f 13/11/6 175/11/6 213/1/6 51/1/6
f 147/12/7 307/12/7 310/7/7 148/7/7
f 98/13/8 260/13/8 264/3/8 102/3/8
f 514/14/9 52/15/9 214/16/9 515/17/9
f 150/18/10 312/18/10 311/19/10 149/19/10
f 108/20/11 270/20/11 265/21/11 103/21/11
f 517/22/12 518/23/12 215/24/12 53/25/12
f 131/26/13 293/26/13 312/18/13 150/18/13
f 94/27/14 256/27/14 266/28/14 104/28/14
f 52/15/15 54/29/15 216/29/15 214/16/15
f 132/30/13 151/31/13 313/31/13 294/30/13
f 115/32/16 117/33/16 279/33/16 277/34/16
f 109/35/17 103/21/17 265/21/17 271/35/17
f 53/25/18 215/24/18 217/36/18 55/36/18
f 155/37/19 317/37/19 314/38/19 152/38/19
f 3/39/20 4/40/20 166/41/20 165/42/20
f 95/43/21 105/44/21 267/44/21 257/43/21
f 54/29/22 56/45/22 218/45/22 216/29/22
f 151/31/23 149/19/23 311/19/23 313/31/23
f 362/46/24 6/47/24 168/48/24 363/49/24
f 104/28/25 266/28/25 268/50/25 106/50/25
f 55/36/26 217/36/26 219/51/26 57/51/26
f 154/52/27 153/53/27 315/53/27 316/52/27
f 3/39/28 165/42/28 167/54/28 5/55/28
f 105/44/29 107/56/29 269/56/29 267/44/29
f 56/45/30 58/57/30 220/57/30 218/45/30
f 156/58/31 154/52/31 316/52/31 318/58/31
f 359/59/32 360/60/32 169/61/32 7/62/32
f 106/50/33 268/50/33 270/20/33 108/20/33
f 57/51/34 219/51/34 221/63/34 59/63/34
f 157/64/35 319/64/35 317/37/35 155/37/35
f 10/65/36 8/66/36 170/67/36 172/68/36
f 107/56/37 109/35/37 271/35/37 269/56/37
f 62/69/38 60/70/38 222/70/38 224/69/38
f 140/71/39 156/58/39 318/58/39 302/71/39
f 11/72/40 173/73/40 171/74/40 9/75/40
f 111/76/41 273/77/41 272/78/41 110/79/41
f 63/80/42 225/80/42 223/81/42 61/81/42
f 139/82/43 301/82/43 319/64/43 157/64/43
f 6/47/44 10/65/44 172/68/44 168/48/44
f 113/83/45 275/84/45 273/77/45 111/76/45
f 64/85/46 62/69/46 224/69/46 226/85/46
f 152/38/47 314/38/47 320/86/47 158/86/47
f 7/62/48 169/61/48 173/73/48 11/72/48
f 112/87/49 110/79/49 272/78/49 274/88/49
f 65/89/50 227/89/50 225/80/50 63/80/50
f 153/53/51 159/90/51 321/90/51 315/53/51
f 14/91/52 12/5/52 174/5/52 176/91/52
f 114/92/53 112/87/53 274/88/53 276/93/53
f 44/94/54 64/85/54 226/85/54 206/94/54
f 158/86/55 320/86/55 322/95/55 160/95/55
f 15/96/56 177/96/56 175/11/56 13/11/56
f 99/97/57 261/97/57 275/84/57 113/83/57
f 45/98/58 207/98/58 227/89/58 65/89/58
f 159/90/59 161/99/59 323/99/59 321/90/59
f 16/100/60 14/91/60 176/91/60 178/100/60
f 100/4/61 114/92/61 276/93/61 262/4/61
f 72/101/62 66/102/62 228/102/62 234/101/62
f 162/103/63 324/103/63 323/99/63 161/99/63
f 17/104/64 179/104/64 177/96/64 15/96/64
f 118/105/65 116/106/65 278/107/65 280/105/65
f 73/108/66 235/108/66 229/109/66 67/109/66
f 160/95/67 322/95/67 324/103/67 162/103/67
f 8/66/68 16/100/68 178/100/68 170/67/68
f 1/110/69 115/32/69 277/34/69 163/111/69
f 70/112/70 68/113/70 230/113/70 232/112/70
f 9/75/71 171/74/71 179/104/71 17/104/71
f 116/106/72 2/114/72 164/115/72 278/107/72
f 71/116/73 233/116/73 231/117/73 69/117/73
f 19/118/74 181/118/74 183/119/74 21/119/74
f 119/120/75 1/110/75 163/111/75 281/120/75
f 60/70/76 70/112/76 232/112/76 222/70/76
f 18/121/77 180/121/77 181/118/77 19/118/77
f 2/114/78 120/122/78 282/122/78 164/115/78
f 61/81/79 223/81/79 233/116/79 71/116/79
f 18/121/80 20/123/80 182/123/80 180/121/80
f 124/124/81 119/120/81 281/120/81 286/124/81
f 68/113/82 72/101/82 234/101/82 230/113/82
f 20/123/83 22/125/83 184/125/83 182/123/83
f 123/126/84 122/127/84 284/127/84 285/126/84
f 69/117/85 231/117/85 235/108/85 73/108/85
f 21/119/86 183/119/86 185/128/86 23/128/86
f 120/122/87 123/126/87 285/126/87 282/122/87
f 66/102/88 74/129/88 236/129/88 228/102/88
f 22/125/89 24/130/89 186/130/89 184/125/89
f 121/131/90 124/124/90 286/124/90 283/131/90
f 67/109/91 229/109/91 237/132/91 75/132/91
f 23/128/92 185/128/92 187/133/92 25/133/92
f 341/134/93 118/105/93 280/105/93 342/134/93
f 80/135/94 76/136/94 238/136/94 242/135/94
f 24/130/95 26/137/95 188/137/95 186/130/95
f 125/138/93 121/131/93 283/131/93 287/138/93
f 81/139/96 243/139/96 239/140/96 77/140/96
f 25/133/97 187/133/97 189/141/97 27/141/97
f 122/127/93 126/142/93 288/142/93 284/127/93
f 76/136/98 78/143/98 240/143/98 238/136/98
f 26/137/99 28/144/99 190/144/99 188/137/99
f 130/145/100 125/138/100 287/138/100 292/145/100
f 77/140/101 239/140/101 241/146/101 79/146/101
f 31/147/102 193/147/102 29/148/102
f 129/149/103 128/150/103 290/150/103 291/149/103
f 74/129/104 80/135/104 242/135/104 236/129/104
f 32/151/105 30/152/105 194/151/105
f 126/142/106 129/149/106 291/149/106 288/142/106
f 75/132/107 237/132/107 243/139/107 81/139/107
f 33/153/108 195/153/108 193/147/108 31/147/108
f 127/154/109 130/145/109 292/145/109 289/154/109
f 86/155/110 82/156/110 244/156/110 248/155/110
f 34/157/111 32/151/111 194/151/111 196/157/111
f 334/158/112 127/154/112 289/154/112 335/158/112
f 87/159/113 249/159/113 245/160/113 83/160/113
f 35/161/114 197/161/114 195/153/114 33/153/114
f 332/162/115 132/30/115 294/30/115 333/162/115
f 78/143/116 84/163/116 246/163/116 240/143/116
f 36/164/117 34/157/117 196/157/117 198/164/117
f 79/146/118 241/146/118 247/165/118 85/165/118
f 27/141/119 189/141/119 197/161/119 35/161/119
f 138/166/120 131/26/120 293/26/120 300/166/120
f 84/163/121 86/155/121 248/155/121 246/163/121
f 28/144/122 36/164/122 198/164/122 190/144/122
f 135/167/123 134/168/123 296/168/123 297/167/123
f 85/165/124 247/165/124 249/159/124 87/159/124
f 191/169/125 376/170/125 375/171/125 378/172/125
f 137/173/126 135/167/126 297/167/126 299/173/126
f 90/174/127 88/175/127 250/175/127 252/174/127
f 192/176/128 377/177/128 373/178/128 374/179/128
f 133/180/129 136/181/129 298/181/129 295/180/129
f 91/182/130 253/182/130 251/183/130 89/183/130
f 41/184/131 203/184/131 201/185/131 39/186/131
f 132/30/132 137/173/132 299/173/132 294/30/132
f 92/187/133 90/174/133 252/174/133 254/187/133
f 42/188/134 40/189/134 202/190/134 204/188/134
f 136/181/135 138/166/135 300/166/135 298/181/135
f 93/191/136 255/191/136 253/182/136 91/182/136
f 37/192/137 199/192/137 203/184/137 41/184/137
f 144/193/138 133/180/138 295/180/138 306/193/138
f 82/156/139 92/187/139 254/187/139 244/156/139
f 38/194/140 42/188/140 204/188/140 200/194/140
f 141/195/141 140/71/141 302/71/141 303/195/141
f 83/160/142 245/160/142 255/191/142 93/191/142
f 39/186/143 201/185/143 205/196/143 43/197/143
f 143/198/144 141/195/144 303/195/144 305/198/144
f 88/175/145 94/27/145 256/27/145 250/175/145
f 58/57/146 44/94/146 206/94/146 220/57/146
f 139/82/147 142/199/147 304/199/147 301/82/147
f 89/183/148 251/183/148 257/43/148 95/43/148
f 40/189/149 43/197/149 205/196/149 202/190/149
f 134/168/150 143/198/150 305/198/150 296/168/150
f 99/97/151 261/97/151 258/200/151 96/200/151
f 59/63/152 221/63/152 207/98/152 45/98/152
f 142/199/153 144/193/153 306/193/153 304/199/153
f 94/27/154 97/9/154 259/9/154 256/27/154
f 474/201/155 46/202/155 208/202/155 475/201/155
f 145/12/156 139/82/156 301/82/156 307/12/156
f 100/4/157 96/200/157 258/200/157 262/4/157
f 476/203/158 477/203/158 209/204/158 47/204/158
f 140/71/159 146/8/159 308/8/159 302/71/159
f 95/43/160 257/43/160 260/13/160 98/13/160
f 50/6/161 48/205/161 210/205/161 212/6/161
f 147/12/93 145/12/93 307/12/93
f 101/10/162 99/97/162 261/97/162 263/10/162
f 278/107/163 164/115/163 325/206/163 326/207/163
f 277/34/164 326/207/164 325/206/164 163/111/164
f 282/122/165 327/208/165 325/206/165 164/115/165
f 281/120/166 163/111/166 325/206/166 327/208/166
f 285/126/167 328/209/167 327/208/167 282/122/167
f 286/124/168 281/120/168 327/208/168 328/209/168
f 311/19/169 313/31/169 329/210/169
f 311/19/170 329/210/170 312/18/170
f 290/150/171 331/211/171 291/149/171
f 292/145/172 330/212/172 289/154/172
f 291/149/173 331/211/173 288/142/173
f 287/138/174 330/212/174 292/145/174
f 128/150/175 332/162/175 333/162/175 290/150/175
f 131/26/176 334/158/176 335/158/176 293/26/176
f 331/211/177 290/150/177 333/162/177
f 289/154/178 330/212/178 335/158/178
f 333/162/179 294/30/179 331/211/179
f 335/158/180 330/212/180 293/26/180
f 331/211/181 337/213/181 288/142/181
f 330/212/182 287/138/182 336/214/182
f 288/142/183 337/213/183 284/127/183
f 283/131/184 336/214/184 287/138/184
f 328/209/185 285/126/185 311/19/185
f 328/209/186 311/19/186 286/124/186
f 285/126/187 313/31/187 311/19/187
f 311/19/188 312/18/188 286/124/188
f 285/126/189 284/127/189 313/31/189
f 286/124/190 312/18/190 283/131/190
f 337/213/191 313/31/191 284/127/191
f 336/214/192 283/131/192 312/18/192
f 313/31/193 337/213/193 294/30/193
f 312/18/194 293/26/194 336/214/194
f 331/211/195 294/30/195 337/213/195
f 330/212/196 336/214/196 293/26/196
f 308/8/197 310/7/197 329/210/197
f 329/210/198 310/7/198 307/12/198
f 308/8/199 329/210/199 313/31/199
f 307/12/200 312/18/200 329/210/200
f 302/71/189 308/8/189 313/31/189
f 301/82/201 312/18/201 307/12/201
f 313/31/202 294/30/202 338/215/202
f 312/18/203 309/216/203 293/26/203
f 299/173/204 340/217/204 338/215/204 294/30/204
f 339/218/205 300/166/205 293/26/205 309/216/205
f 306/193/206 339/218/206 309/216/206 304/199/206
f 305/198/207 303/195/207 338/215/207 340/217/207
f 302/71/208 338/215/208 303/195/208
f 304/199/209 309/216/209 301/82/209
f 312/18/210 301/82/210 309/216/210
f 313/31/211 338/215/211 302/71/211
f 305/198/212 340/217/212 296/168/212
f 296/168/213 340/217/213 297/167/213
f 295/180/214 339/218/214 306/193/214
f 298/181/215 339/218/215 295/180/215
f 300/166/216 339/218/216 298/181/216
f 297/167/217 340/217/217 299/173/217
f 117/33/93 341/134/93 342/134/93 279/33/93
f 279/33/218 342/134/218 326/207/218 277/34/218
f 280/105/219 278/107/219 326/207/219 342/134/219
f 302/71/220 318/58/220 343/219/220
f 319/64/221 301/82/221 343/219/221
f 308/8/222 302/71/222 343/219/222
f 343/219/223 301/82/223 307/12/223
f 343/219/224 307/12/224 310/7/224
f 310/7/225 308/8/225 343/219/225
f 316/52/226 343/219/226 318/58/226
f 317/37/227 319/64/227 343/219/227
f 314/38/228 317/37/228 343/219/228
f 315/53/229 343/219/229 316/52/229
f 321/90/230 343/219/230 315/53/230
f 320/86/231 314/38/231 343/219/231
f 322/95/232 320/86/232 343/219/232
f 324/103/233 322/95/233 343/219/233
f 324/103/234 343/219/234 323/99/234
f 323/99/235 343/219/235 321/90/235
f 169/61/236 348/220/236 352/221/236 173/73/236
f 173/73/237 352/221/237 350/222/237 171/74/237
f 360/60/238 361/223/238 348/220/238 169/61/238
f 363/49/239 168/48/239 347/224/239 364/225/239
f 168/48/240 172/68/240 351/226/240 347/224/240
f 172/68/241 170/67/241 349/227/241 351/226/241
f 165/42/242 344/228/242 346/229/242 167/54/242
f 165/42/243 166/41/243 345/230/243 344/228/243
f 345/230/244 180/121/244 344/228/244
f 344/228/245 180/121/245 346/229/245
f 166/41/246 354/231/246 355/232/246 345/230/246
f 4/40/247 353/233/247 354/231/247 166/41/247
f 167/54/248 346/229/248 358/234/248 357/235/248
f 5/55/249 167/54/249 357/235/249 356/236/249
f 357/235/250 358/234/250 361/223/250 360/60/250
f 356/236/251 357/235/251 360/60/251 359/59/251
f 354/231/252 363/49/252 364/225/252 355/232/252
f 353/233/253 362/46/253 363/49/253 354/231/253
f 184/125/254 361/223/254 358/234/254 182/123/254
f 183/119/255 181/118/255 355/232/255 364/225/255
f 181/118/256 180/121/256 355/232/256
f 182/123/257 358/234/257 180/121/257
f 180/121/258 345/230/258 355/232/258
f 180/121/259 358/234/259 346/229/259
f 349/227/260 185/128/260 351/226/260
f 351/226/261 185/128/261 347/224/261
f 185/128/262 183/119/262 364/225/262 347/224/262
f 186/130/263 348/220/263 361/223/263 184/125/263
f 348/220/264 186/130/264 352/221/264
f 350/222/265 352/221/265 186/130/265
f 205/196/266 201/185/266 365/237/266
f 202/190/267 205/196/267 365/237/267
f 265/21/268 365/237/268 201/185/268
f 365/237/269 265/21/269 202/190/269
f 178/100/189 176/91/189 170/67/189
f 179/104/189 171/74/189 177/96/189
f 174/5/270 349/227/270 170/67/270 176/91/270
f 175/11/271 177/96/271 171/74/271 350/222/271
f 349/227/272 174/5/272 366/238/272
f 350/222/273 367/239/273 175/11/273
f 187/133/274 185/128/274 349/227/274 366/238/274
f 188/137/275 367/239/275 350/222/275 186/130/275
f 366/238/276 174/5/276 187/133/276
f 367/239/277 188/137/277 175/11/277
f 188/137/189 190/144/189 371/240/189 369/241/189
f 370/242/189 189/141/189 368/133/189 372/243/189
f 212/6/189 372/243/189 368/133/189 174/5/189
f 175/11/189 188/137/189 369/241/189 213/1/189
f 29/148/278 374/179/278 373/178/278
f 30/152/279 375/171/279 376/170/279
f 29/148/280 193/147/280 374/179/280
f 30/152/281 376/170/281 194/151/281
f 196/157/189 194/151/189 376/170/189 191/169/189
f 195/153/189 192/176/189 374/179/189 193/147/189
f 382/244/189 192/176/189 195/153/189 197/161/189
f 192/176/282 382/244/282 379/245/282 377/177/282
f 381/246/283 191/169/283 378/172/283 380/247/283
f 198/164/189 196/157/189 191/169/189 381/246/189
f 197/161/189 189/141/189 382/244/189
f 198/164/189 381/246/189 190/144/189
f 380/247/284 200/194/284 381/246/284
f 379/245/285 382/244/285 199/192/285
f 37/192/286 379/245/286 199/192/286
f 38/194/287 200/194/287 380/247/287
f 382/244/189 189/141/189 199/192/189
f 265/21/189 201/185/189 270/20/189
f 201/185/189 203/184/189 270/20/189
f 265/21/189 271/35/189 202/190/189
f 202/190/189 271/35/189 204/188/189
f 203/184/189 199/192/189 268/50/189
f 268/50/189 270/20/189 203/184/189
f 271/35/189 269/56/189 204/188/189
f 381/246/189 200/194/189 190/144/189
f 204/188/189 269/56/189 200/194/189
f 189/141/189 370/242/189 268/50/189 199/192/189
f 371/240/189 190/144/189 200/194/189 269/56/189
f 372/243/288 386/243/288 384/242/288 370/242/288
f 369/241/289 371/240/289 385/240/289 383/241/289
f 369/241/290 383/241/290 389/248/290 387/248/290
f 372/243/291 388/249/291 390/249/291 386/243/291
f 387/248/292 389/248/292 393/250/292 391/250/292
f 388/249/293 392/251/293 394/251/293 390/249/293
f 370/242/294 384/242/294 394/251/294 392/251/294
f 371/240/295 391/250/295 393/250/295 385/240/295
f 266/28/189 268/50/189 370/242/189 392/251/189
f 267/44/189 391/250/189 371/240/189 269/56/189
f 212/6/189 210/205/189 388/249/189 372/243/189
f 213/1/189 369/241/189 387/248/189 211/2/189
f 388/249/189 396/252/189 398/253/189 392/251/189
f 387/248/189 391/250/189 397/254/189 395/255/189
f 388/249/189 210/205/189 396/252/189
f 387/248/189 395/255/189 211/2/189
f 391/250/189 267/44/189 397/254/189
f 392/251/189 398/253/189 266/28/189
f 258/200/296 275/84/296 261/97/296
f 258/200/296 262/4/296 276/93/296
f 275/84/296 258/200/296 273/77/296
f 276/93/296 274/88/296 258/200/296
f 273/77/297 258/200/297 274/88/297 272/78/297
f 269/56/298 412/256/298 410/257/298 267/44/298
f 259/9/299 263/10/299 406/258/299 402/259/299
f 270/20/300 268/50/300 411/260/300 413/261/300
f 260/13/301 403/262/301 407/263/301 264/3/301
f 258/200/302 401/264/302 404/265/302 261/97/302
f 271/35/303 414/266/303 412/256/303 269/56/303
f 265/21/304 270/20/304 413/261/304 408/267/304
f 256/27/305 259/9/305 402/259/305 399/268/305
f 256/27/306 399/268/306 409/269/306 266/28/306
f 258/200/307 262/4/307 405/270/307 401/264/307
f 265/21/308 408/267/308 414/266/308 271/35/308
f 257/43/309 400/271/309 403/262/309 260/13/309
f 257/43/310 267/44/310 410/257/310 400/271/310
f 263/10/311 261/97/311 404/265/311 406/258/311
f 268/50/312 266/28/312 409/269/312 411/260/312
f 264/3/313 407/263/313 405/270/313 262/4/313
f 408/267/314 413/261/314 429/272/314 424/273/314
f 399/268/315 402/259/315 418/274/315 415/275/315
f 399/268/316 415/275/316 425/276/316 409/269/316
f 401/264/317 405/270/317 421/277/317 417/278/317
f 408/267/318 424/273/318 430/279/318 414/266/318
f 400/271/319 416/280/319 419/281/319 403/262/319
f 400/271/320 410/257/320 426/282/320 416/280/320
f 406/258/321 404/265/321 420/283/321 422/284/321
f 411/260/322 409/269/322 425/276/322 427/285/322
f 407/263/323 423/286/323 421/277/323 405/270/323
f 412/256/324 428/287/324 426/282/324 410/257/324
f 402/259/325 406/258/325 422/284/325 418/274/325
f 413/261/326 411/260/326 427/285/326 429/272/326
f 403/262/327 419/281/327 423/286/327 407/263/327
f 401/264/328 417/278/328 420/283/328 404/265/328
f 414/266/329 430/279/329 428/287/329 412/256/329
f 428/287/189 444/288/189 442/289/189 426/282/189
f 418/274/189 422/284/189 438/290/189 434/291/189
f 429/272/189 427/285/189 443/292/189 445/293/189
f 419/281/189 435/294/189 439/295/189 423/286/189
f 417/278/189 433/296/189 436/297/189 420/283/189
f 430/279/189 446/298/189 444/288/189 428/287/189
f 424/273/189 429/272/189 445/293/189 440/299/189
f 415/275/189 418/274/189 434/291/189 431/300/189
f 415/275/189 431/300/189 441/301/189 425/276/189
f 417/278/189 421/277/189 437/302/189 433/296/189
f 424/273/189 440/299/189 446/298/189 430/279/189
f 416/280/189 432/303/189 435/294/189 419/281/189
f 416/280/189 426/282/189 442/289/189 432/303/189
f 422/284/189 420/283/189 436/297/189 438/290/189
f 427/285/189 425/276/189 441/301/189 443/292/189
f 423/286/189 439/295/189 437/302/189 421/277/189
f 436/297/189 433/296/189 447/304/189
f 436/297/189 447/304/189 438/290/189
f 438/290/189 447/304/189 434/291/189
f 434/291/189 447/304/189 431/300/189
f 441/301/189 431/300/189 447/304/189
f 443/292/189 441/301/189 447/304/189
f 445/293/189 443/292/189 447/304/189
f 440/299/189 445/293/189 447/304/189
f 440/299/189 447/304/189 446/298/189
f 446/298/189 447/304/189 444/288/189
f 444/288/189 447/304/189 442/289/189
f 432/303/189 442/289/189 447/304/189
f 437/302/189 439/295/189 447/304/189
f 439/295/189 435/294/189 447/304/189
f 432/303/189 447/304/189 435/294/189
f 433/296/189 437/302/189 447/304/189
f 396/252/330 449/252/330 451/253/330 398/253/330
f 395/255/331 397/254/331 450/254/331 448/255/331
f 450/254/332 397/254/332 452/305/332 454/305/332
f 451/253/333 455/306/333 453/306/333 398/253/333
f 454/305/334 452/305/334 456/307/334 458/307/334
f 455/306/335 459/308/335 457/308/335 453/306/335
f 449/252/336 396/252/336 457/308/336 459/308/336
f 448/255/337 458/307/337 456/307/337 395/255/337
f 457/308/93 459/308/93 462/308/93 461/308/93
f 461/308/93 462/308/93 465/308/93 464/308/93
f 466/309/338 467/309/338 471/310/338 470/310/338
f 468/311/339 469/311/339 473/312/339 472/312/339
f 452/305/189 471/310/189 467/309/189 463/307/189
f 453/306/189 464/308/189 468/311/189 472/312/189
f 48/205/340 474/201/340 475/201/340 210/205/340
f 49/2/341 211/2/341 477/203/341 476/203/341
f 475/201/189 468/311/189 464/308/189
f 396/252/189 210/205/189 475/201/189 464/308/189
f 211/2/189 395/255/189 463/307/189 477/203/189
f 463/307/189 467/309/189 477/203/189
f 256/27/189 266/28/189 398/253/189 453/306/189
f 257/43/189 452/305/189 397/254/189 267/44/189
f 250/175/189 256/27/189 453/306/189 472/312/189
f 251/183/189 471/310/189 452/305/189 257/43/189
f 471/310/342 479/313/342 478/313/342 470/310/342
f 472/312/343 473/312/343 481/314/343 480/314/343
f 479/313/344 483/315/344 482/315/344 478/313/344
f 480/314/345 481/314/345 485/316/345 484/316/345
f 469/311/346 468/311/346 484/316/346 485/316/346
f 467/309/347 466/309/347 482/315/347 483/315/347
f 209/204/189 477/203/189 467/309/189 483/315/189
f 208/202/189 484/316/189 468/311/189 475/201/189
f 472/312/189 480/314/189 250/175/189
f 471/310/189 251/183/189 479/313/189
f 240/143/189 246/163/189 238/136/189
f 241/146/189 239/140/189 247/165/189
f 248/155/189 244/156/189 242/135/189
f 249/159/189 243/139/189 245/160/189
f 243/139/189 249/159/189 247/165/189 239/140/189
f 242/135/189 238/136/189 246/163/189 248/155/189
f 516/317/189 515/17/189 214/16/189 488/318/189
f 519/319/189 487/320/189 215/24/189 518/23/189
f 495/321/189 494/322/189 489/323/189 490/324/189
f 496/325/348 486/326/348 489/323/348 494/322/348
f 497/327/189 493/328/189 492/329/189 499/330/189
f 498/331/349 499/330/349 492/329/349 491/332/349
f 46/202/350 496/325/350 494/322/350 208/202/350
f 484/316/189 208/202/189 494/322/189 495/321/189
f 47/204/351 209/204/351 499/330/351 498/331/351
f 483/315/189 497/327/189 499/330/189 209/204/189
f 497/327/352 503/327/352 501/328/352 493/328/352
f 495/321/353 490/324/353 500/324/353 502/321/353
f 495/321/354 502/321/354 506/333/354 504/333/354
f 497/327/355 505/334/355 507/334/355 503/327/355
f 504/333/356 506/333/356 510/335/356 508/335/356
f 501/328/357 511/336/357 509/336/357 493/328/357
f 490/324/358 508/335/358 510/335/358 500/324/358
f 507/334/359 505/334/359 509/336/359 511/336/359
f 483/315/189 479/313/189 505/334/189 497/327/189
f 484/316/189 495/321/189 504/333/189 480/314/189
f 480/314/189 504/333/189 250/175/189
f 479/313/189 251/183/189 505/334/189
f 250/175/189 504/333/189 508/335/189 252/174/189
f 251/183/189 253/182/189 509/336/189 505/334/189
f 520/320/360 487/320/360 519/319/360 512/319/360
f 521/318/361 513/317/361 516/317/361 488/318/361
f 490/324/189 489/323/189 515/17/189 516/317/189
f 486/326/362 514/14/362 515/17/362 489/323/362
f 493/328/189 519/319/189 518/23/189 492/329/189
f 491/332/363 492/329/363 518/23/363 517/22/363
f 516/317/364 513/317/364 523/337/364 524/337/364
f 519/319/365 525/338/365 522/338/365 512/319/365
f 524/337/366 523/337/366 527/339/366 528/339/366
f 525/338/367 529/340/367 526/340/367 522/338/367
f 521/318/368 488/318/368 528/339/368 527/339/368
f 520/320/369 526/340/369 529/340/369 487/320/369
f 516/317/189 524/337/189 508/335/189 490/324/189
f 508/335/189 524/337/189 252/174/189
f 525/338/189 509/336/189 253/182/189
f 519/319/189 493/328/189 509/336/189 525/338/189
f 252/174/189 524/337/189 528/339/189 254/187/189
f 253/182/189 255/191/189 529/340/189 525/338/189
f 237/132/189 255/191/189 245/160/189 243/139/189
f 236/129/189 242/135/189 244/156/189 254/187/189
f 254/187/189 528/339/189 236/129/189
f 255/191/189 237/132/189 529/340/189
f 236/129/189 528/339/189 488/318/189 228/102/189
f 237/132/189 229/109/189 487/320/189 529/340/189
f 206/94/189 226/85/189 220/57/189
f 207/98/189 221/63/189 227/89/189
f 227/89/189 221/63/189 225/80/189
f 226/85/189 224/69/189 220/57/189
f 222/70/189 232/112/189 224/69/189
f 223/81/189 225/80/189 233/116/189
f 221/63/189 233/116/189 225/80/189
f 220/57/189 224/69/189 232/112/189
f 218/45/189 220/57/189 232/112/189 230/113/189
f 219/51/189 231/117/189 233/116/189 221/63/189
f 214/16/189 216/29/189 228/102/189 488/318/189
f 228/102/189 216/29/189 234/101/189
f 216/29/189 218/45/189 230/113/189 234/101/189
f 217/36/189 235/108/189 231/117/189 219/51/189
f 235/108/189 217/36/189 229/109/189
f 215/24/189 487/320/189 229/109/189 217/36/189
f 51/1/1 49/2/1 608/2/1 610/1/1
f 102/3/2 100/4/2 659/4/2 661/3/2
f 12/5/3 571/5/3 609/6/3 50/6/3
f 552/7/4 551/8/4 705/8/4 707/7/4
f 97/9/5 656/9/5 660/10/5 101/10/5
f 13/11/6 51/1/6 610/1/6 572/11/6
f 147/12/7 552/7/7 707/7/7 704/12/7
f 98/13/8 102/3/8 661/3/8 657/13/8
f 514/14/370 857/17/370 611/16/370 52/15/370
f 553/18/10 149/19/10 708/19/10 709/18/10
f 108/20/11 103/21/11 662/21/11 667/20/11
f 517/22/371 53/25/371 612/24/371 859/23/371
f 131/26/13 553/18/13 709/18/13 690/26/13
f 94/27/14 104/28/14 663/28/14 653/27/14
f 52/15/372 611/16/372 613/29/372 54/29/372
f 541/30/13 691/30/13 710/31/13 554/31/13
f 115/32/373 674/34/373 676/33/373 117/33/373
f 109/35/17 668/35/17 662/21/17 103/21/17
f 53/25/374 55/36/374 614/36/374 612/24/374
f 155/37/19 152/38/19 711/38/19 714/37/19
f 3/39/375 562/42/375 563/41/375 4/40/375
f 95/43/21 654/43/21 664/44/21 105/44/21
f 54/29/22 613/29/22 615/45/22 56/45/22
f 554/31/23 710/31/23 708/19/23 149/19/23
f 362/46/376 754/49/376 565/48/376 6/47/376
f 104/28/25 106/50/25 665/50/25 663/28/25
f 55/36/26 57/51/26 616/51/26 614/36/26
f 556/52/27 713/52/27 712/53/27 555/53/27
f 3/39/377 5/55/377 564/54/377 562/42/377
f 105/44/29 664/44/29 666/56/29 107/56/29
f 56/45/30 615/45/30 617/57/30 58/57/30
f 557/58/31 715/58/31 713/52/31 556/52/31
f 359/59/378 7/62/378 566/61/378 752/60/378
f 106/50/33 108/20/33 667/20/33 665/50/33
f 57/51/34 59/63/34 618/63/34 616/51/34
f 157/64/35 155/37/35 714/37/35 716/64/35
f 10/65/379 569/68/379 567/67/379 8/66/379
f 107/56/37 666/56/37 668/35/37 109/35/37
f 62/69/38 621/69/38 619/70/38 60/70/38
f 546/71/39 699/71/39 715/58/39 557/58/39
f 11/72/380 9/75/380 568/74/380 570/73/380
f 111/76/381 110/79/381 669/78/381 670/77/381
f 63/80/42 61/81/42 620/81/42 622/80/42
f 545/82/43 157/64/43 716/64/43 698/82/43
f 6/47/382 565/48/382 569/68/382 10/65/382
f 113/83/383 111/76/383 670/77/383 672/84/383
f 64/85/46 623/85/46 621/69/46 62/69/46
f 152/38/47 158/86/47 717/86/47 711/38/47
f 7/62/384 11/72/384 570/73/384 566/61/384
f 112/87/385 671/88/385 669/78/385 110/79/385
f 65/89/50 63/80/50 622/80/50 624/89/50
f 555/53/51 712/53/51 718/90/51 558/90/51
f 14/91/52 573/91/52 571/5/52 12/5/52
f 114/92/386 673/93/386 671/88/386 112/87/386
f 44/94/54 603/94/54 623/85/54 64/85/54
f 158/86/55 160/95/55 719/95/55 717/86/55
f 15/96/56 13/11/56 572/11/56 574/96/56
f 99/97/387 113/83/387 672/84/387 658/97/387
f 45/98/58 65/89/58 624/89/58 604/98/58
f 558/90/59 718/90/59 720/99/59 559/99/59
f 16/100/60 575/100/60 573/91/60 14/91/60
f 100/4/388 659/4/388 673/93/388 114/92/388
f 72/101/62 631/101/62 625/102/62 66/102/62
f 162/103/63 559/99/63 720/99/63 721/103/63
f 17/104/64 15/96/64 574/96/64 576/104/64
f 532/105/389 677/105/389 675/107/389 531/106/389
f 73/108/66 67/109/66 626/109/66 632/108/66
f 160/95/67 162/103/67 721/103/67 719/95/67
f 8/66/390 567/67/390 575/100/390 16/100/390
f 1/110/391 560/111/391 674/34/391 115/32/391
f 70/112/70 629/112/70 627/113/70 68/113/70
f 9/75/392 17/104/392 576/104/392 568/74/392
f 531/106/393 675/107/393 561/115/393 530/114/393
f 71/116/73 69/117/73 628/117/73 630/116/73
f 19/118/74 21/119/74 580/119/74 578/118/74
f 533/120/394 678/120/394 560/111/394 1/110/394
f 60/70/76 619/70/76 629/112/76 70/112/76
f 18/121/77 19/118/77 578/118/77 577/121/77
f 530/114/395 561/115/395 679/122/395 534/122/395
f 61/81/79 71/116/79 630/116/79 620/81/79
f 18/121/80 577/121/80 579/123/80 20/123/80
f 124/124/81 683/124/81 678/120/81 533/120/81
f 68/113/82 627/113/82 631/101/82 72/101/82
f 20/123/83 579/123/83 581/125/83 22/125/83
f 537/126/84 682/126/84 681/127/84 536/127/84
f 69/117/85 73/108/85 632/108/85 628/117/85
f 21/119/86 23/128/86 582/128/86 580/119/86
f 534/122/87 679/122/87 682/126/87 537/126/87
f 66/102/88 625/102/88 633/129/88 74/129/88
f 22/125/89 581/125/89 583/130/89 24/130/89
f 535/131/90 680/131/90 683/124/90 124/124/90
f 67/109/91 75/132/91 634/132/91 626/109/91
f 23/128/92 25/133/92 584/133/92 582/128/92
f 341/134/93 737/134/93 677/105/93 532/105/93
f 80/135/94 639/135/94 635/136/94 76/136/94
f 24/130/95 583/130/95 585/137/95 26/137/95
f 125/138/93 684/138/93 680/131/93 535/131/93
f 81/139/96 77/140/96 636/140/96 640/139/96
f 25/133/97 27/141/97 586/141/97 584/133/97
f 536/127/93 681/127/93 685/142/93 538/142/93
f 76/136/98 635/136/98 637/143/98 78/143/98
f 26/137/99 585/137/99 587/144/99 28/144/99
f 130/145/100 689/145/100 684/138/100 125/138/100
f 77/140/101 79/146/101 638/146/101 636/140/101
f 31/147/102 29/148/102 590/147/102
f 540/149/103 688/149/103 687/150/103 539/150/103
f 74/129/104 633/129/104 639/135/104 80/135/104
f 32/151/105 591/151/105 30/152/105
f 538/142/106 685/142/106 688/149/106 540/149/106
f 75/132/107 81/139/107 640/139/107 634/132/107
f 33/153/108 31/147/108 590/147/108 592/153/108
f 127/154/109 686/154/109 689/145/109 130/145/109
f 86/155/110 645/155/110 641/156/110 82/156/110
f 34/157/111 593/157/111 591/151/111 32/151/111
f 334/158/112 731/158/112 686/154/112 127/154/112
f 87/159/113 83/160/113 642/160/113 646/159/113
f 35/161/114 33/153/114 592/153/114 594/161/114
f 729/162/115 730/162/115 691/30/115 541/30/115
f 78/143/116 637/143/116 643/163/116 84/163/116
f 36/164/117 595/164/117 593/157/117 34/157/117
f 79/146/118 85/165/118 644/165/118 638/146/118
f 27/141/119 35/161/119 594/161/119 586/141/119
f 138/166/120 697/166/120 690/26/120 131/26/120
f 84/163/121 643/163/121 645/155/121 86/155/121
f 28/144/122 587/144/122 595/164/122 36/164/122
f 543/167/123 694/167/123 693/168/123 542/168/123
f 85/165/124 87/159/124 646/159/124 644/165/124
f 588/169/396 378/172/396 375/171/396 765/170/396
f 544/173/126 696/173/126 694/167/126 543/167/126
f 90/174/127 649/174/127 647/175/127 88/175/127
f 589/176/397 764/179/397 373/178/397 377/177/397
f 133/180/129 692/180/129 695/181/129 136/181/129
f 91/182/130 89/183/130 648/183/130 650/182/130
f 41/184/398 39/186/398 598/185/398 600/184/398
f 541/30/132 691/30/132 696/173/132 544/173/132
f 92/187/133 651/187/133 649/174/133 90/174/133
f 42/188/399 601/188/399 599/190/399 40/189/399
f 136/181/135 695/181/135 697/166/135 138/166/135
f 93/191/136 91/182/136 650/182/136 652/191/136
f 37/192/137 41/184/137 600/184/137 596/192/137
f 144/193/138 703/193/138 692/180/138 133/180/138
f 82/156/139 641/156/139 651/187/139 92/187/139
f 38/194/140 597/194/140 601/188/140 42/188/140
f 547/195/141 700/195/141 699/71/141 546/71/141
f 83/160/142 93/191/142 652/191/142 642/160/142
f 39/186/400 43/197/400 602/196/400 598/185/400
f 549/198/144 702/198/144 700/195/144 547/195/144
f 88/175/145 647/175/145 653/27/145 94/27/145
f 58/57/146 617/57/146 603/94/146 44/94/146
f 545/82/147 698/82/147 701/199/147 548/199/147
f 89/183/148 95/43/148 654/43/148 648/183/148
f 40/189/401 599/190/401 602/196/401 43/197/401
f 542/168/150 693/168/150 702/198/150 549/198/150
f 99/97/151 96/200/151 655/200/151 658/97/151
f 59/63/152 45/98/152 604/98/152 618/63/152
f 548/199/153 701/199/153 703/193/153 144/193/153
f 94/27/154 653/27/154 656/9/154 97/9/154
f 474/201/155 837/201/155 605/202/155 46/202/155
f 550/12/156 704/12/156 698/82/156 545/82/156
f 100/4/157 659/4/157 655/200/157 96/200/157
f 476/203/158 47/204/158 606/204/158 838/203/158
f 546/71/159 699/71/159 705/8/159 551/8/159
f 95/43/160 98/13/160 657/13/160 654/43/160
f 50/6/161 609/6/161 607/205/161 48/205/161
f 147/12/93 704/12/93 550/12/93
f 101/10/162 660/10/162 658/97/162 99/97/162
f 675/107/402 723/207/402 722/206/402 561/115/402
f 674/34/403 560/111/403 722/206/403 723/207/403
f 679/122/404 561/115/404 722/206/404 724/208/404
f 678/120/405 724/208/405 722/206/405 560/111/405
f 682/126/406 679/122/406 724/208/406 725/209/406
f 683/124/407 725/209/407 724/208/407 678/120/407
f 708/19/408 726/210/408 710/31/408
f 708/19/409 709/18/409 726/210/409
f 687/150/410 688/149/410 728/211/410
f 689/145/411 686/154/411 727/212/411
f 688/149/412 685/142/412 728/211/412
f 684/138/413 689/145/413 727/212/413
f 539/150/175 687/150/175 730/162/175 729/162/175
f 131/26/176 690/26/176 731/158/176 334/158/176
f 728/211/414 730/162/414 687/150/414
f 686/154/415 731/158/415 727/212/415
f 730/162/416 728/211/416 691/30/416
f 731/158/417 690/26/417 727/212/417
f 728/211/418 685/142/418 733/213/418
f 727/212/419 732/214/419 684/138/419
f 685/142/420 681/127/420 733/213/420
f 680/131/421 684/138/421 732/214/421
f 725/209/422 708/19/422 682/126/422
f 725/209/423 683/124/423 708/19/423
f 682/126/424 708/19/424 710/31/424
f 708/19/425 683/124/425 709/18/425
f 682/126/296 710/31/296 681/127/296
f 683/124/426 680/131/426 709/18/426
f 733/213/427 681/127/427 710/31/427
f 732/214/428 709/18/428 680/131/428
f 710/31/429 691/30/429 733/213/429
f 709/18/430 732/214/430 690/26/430
f 728/211/431 733/213/431 691/30/431
f 727/212/432 690/26/432 732/214/432
f 705/8/433 726/210/433 707/7/433
f 726/210/434 704/12/434 707/7/434
f 705/8/435 710/31/435 726/210/435
f 704/12/436 726/210/436 709/18/436
f 699/71/296 710/31/296 705/8/296
f 698/82/437 704/12/437 709/18/437
f 710/31/438 734/215/438 691/30/438
f 709/18/439 690/26/439 706/216/439
f 696/173/440 691/30/440 734/215/440 736/217/440
f 735/218/441 706/216/441 690/26/441 697/166/441
f 703/193/442 701/199/442 706/216/442 735/218/442
f 702/198/443 736/217/443 734/215/443 700/195/443
f 699/71/444 700/195/444 734/215/444
f 701/199/445 698/82/445 706/216/445
f 709/18/446 706/216/446 698/82/446
f 710/31/447 699/71/447 734/215/447
f 702/198/448 693/168/448 736/217/448
f 693/168/449 694/167/449 736/217/449
f 692/180/450 703/193/450 735/218/450
f 695/181/451 692/180/451 735/218/451
f 697/166/452 695/181/452 735/218/452
f 694/167/453 696/173/453 736/217/453
f 117/33/93 676/33/93 737/134/93 341/134/93
f 676/33/454 674/34/454 723/207/454 737/134/454
f 677/105/455 737/134/455 723/207/455 675/107/455
f 699/71/456 738/219/456 715/58/456
f 716/64/457 738/219/457 698/82/457
f 705/8/458 738/219/458 699/71/458
f 738/219/459 704/12/459 698/82/459
f 738/219/460 707/7/460 704/12/460
f 707/7/461 738/219/461 705/8/461
f 713/52/462 715/58/462 738/219/462
f 714/37/463 738/219/463 716/64/463
f 711/38/464 738/219/464 714/37/464
f 712/53/465 713/52/465 738/219/465
f 718/90/466 712/53/466 738/219/466
f 717/86/467 738/219/467 711/38/467
f 719/95/468 738/219/468 717/86/468
f 721/103/469 738/219/469 719/95/469
f 721/103/470 720/99/470 738/219/470
f 720/99/471 718/90/471 738/219/471
f 566/61/472 570/73/472 747/221/472 743/220/472
f 570/73/473 568/74/473 745/222/473 747/221/473
f 752/60/474 566/61/474 743/220/474 753/223/474
f 754/49/475 755/225/475 742/224/475 565/48/475
f 565/48/476 742/224/476 746/226/476 569/68/476
f 569/68/477 746/226/477 744/227/477 567/67/477
f 562/42/478 564/54/478 741/229/478 739/228/478
f 562/42/479 739/228/479 740/230/479 563/41/479
f 740/230/480 739/228/480 577/121/480
f 739/228/481 741/229/481 577/121/481
f 563/41/482 740/230/482 749/232/482 748/231/482
f 4/40/483 563/41/483 748/231/483 353/233/483
f 564/54/484 750/235/484 751/234/484 741/229/484
f 5/55/485 356/236/485 750/235/485 564/54/485
f 750/235/486 752/60/486 753/223/486 751/234/486
f 356/236/487 359/59/487 752/60/487 750/235/487
f 748/231/488 749/232/488 755/225/488 754/49/488
f 353/233/489 748/231/489 754/49/489 362/46/489
f 581/125/490 579/123/490 751/234/490 753/223/490
f 580/119/491 755/225/491 749/232/491 578/118/491
f 578/118/492 749/232/492 577/121/492
f 579/123/493 577/121/493 751/234/493
f 577/121/494 749/232/494 740/230/494
f 577/121/495 741/229/495 751/234/495
f 744/227/496 746/226/496 582/128/496
f 746/226/497 742/224/497 582/128/497
f 582/128/498 742/224/498 755/225/498 580/119/498
f 583/130/499 581/125/499 753/223/499 743/220/499
f 743/220/500 747/221/500 583/130/500
f 745/222/501 583/130/501 747/221/501
f 602/196/502 756/237/502 598/185/502
f 599/190/503 756/237/503 602/196/503
f 662/21/504 598/185/504 756/237/504
f 756/237/505 599/190/505 662/21/505
f 575/100/296 567/67/296 573/91/296
f 576/104/296 574/96/296 568/74/296
f 571/5/506 573/91/506 567/67/506 744/227/506
f 572/11/507 745/222/507 568/74/507 574/96/507
f 744/227/508 757/238/508 571/5/508
f 745/222/509 572/11/509 758/239/509
f 584/133/510 757/238/510 744/227/510 582/128/510
f 585/137/511 583/130/511 745/222/511 758/239/511
f 757/238/512 584/133/512 571/5/512
f 758/239/513 572/11/513 585/137/513
f 585/137/296 760/241/296 762/240/296 587/144/296
f 761/242/296 763/243/296 759/133/296 586/141/296
f 609/6/296 571/5/296 759/133/296 763/243/296
f 572/11/296 610/1/296 760/241/296 585/137/296
f 29/148/514 373/178/514 764/179/514
f 30/152/515 765/170/515 375/171/515
f 29/148/516 764/179/516 590/147/516
f 30/152/517 591/151/517 765/170/517
f 593/157/296 588/169/296 765/170/296 591/151/296
f 592/153/296 590/147/296 764/179/296 589/176/296
f 767/244/296 594/161/296 592/153/296 589/176/296
f 589/176/518 377/177/518 379/245/518 767/244/518
f 766/246/519 380/247/519 378/172/519 588/169/519
f 595/164/296 766/246/296 588/169/296 593/157/296
f 594/161/296 767/244/296 586/141/296
f 595/164/296 587/144/296 766/246/296
f 380/247/520 766/246/520 597/194/520
f 379/245/521 596/192/521 767/244/521
f 37/192/286 596/192/286 379/245/286
f 38/194/287 380/247/287 597/194/287
f 767/244/296 596/192/296 586/141/296
f 662/21/296 667/20/296 598/185/296
f 598/185/296 667/20/296 600/184/296
f 662/21/296 599/190/296 668/35/296
f 599/190/296 601/188/296 668/35/296
f 600/184/296 665/50/296 596/192/296
f 665/50/296 600/184/296 667/20/296
f 668/35/296 601/188/296 666/56/296
f 766/246/296 587/144/296 597/194/296
f 601/188/296 597/194/296 666/56/296
f 586/141/296 596/192/296 665/50/296 761/242/296
f 762/240/296 666/56/296 597/194/296 587/144/296
f 763/243/288 761/242/288 384/242/288 386/243/288
f 760/241/289 383/241/289 385/240/289 762/240/289
f 760/241/290 768/248/290 389/248/290 383/241/290
f 763/243/291 386/243/291 390/249/291 769/249/291
f 768/248/292 770/250/292 393/250/292 389/248/292
f 769/249/293 390/249/293 394/251/293 771/251/293
f 761/242/294 771/251/294 394/251/294 384/242/294
f 762/240/295 385/240/295 393/250/295 770/250/295
f 663/28/296 771/251/296 761/242/296 665/50/296
f 664/44/296 666/56/296 762/240/296 770/250/296
f 609/6/296 763/243/296 769/249/296 607/205/296
f 610/1/296 608/2/296 768/248/296 760/241/296
f 769/249/296 771/251/296 775/253/296 773/252/296
f 768/248/296 772/255/296 774/254/296 770/250/296
f 769/249/296 773/252/296 607/205/296
f 768/248/296 608/2/296 772/255/296
f 770/250/296 774/254/296 664/44/296
f 771/251/296 663/28/296 775/253/296
f 655/200/189 658/97/189 672/84/189
f 655/200/189 673/93/189 659/4/189
f 672/84/189 670/77/189 655/200/189
f 673/93/189 655/200/189 671/88/189
f 670/77/522 669/78/522 671/88/522 655/200/522
f 666/56/523 664/44/523 787/257/523 789/256/523
f 656/9/524 779/259/524 783/258/524 660/10/524
f 667/20/525 790/261/525 788/260/525 665/50/525
f 657/13/526 661/3/526 784/263/526 780/262/526
f 655/200/527 658/97/527 781/265/527 778/264/527
f 668/35/528 666/56/528 789/256/528 791/266/528
f 662/21/529 785/267/529 790/261/529 667/20/529
f 653/27/530 776/268/530 779/259/530 656/9/530
f 653/27/531 663/28/531 786/269/531 776/268/531
f 655/200/532 778/264/532 782/270/532 659/4/532
f 662/21/533 668/35/533 791/266/533 785/267/533
f 654/43/534 657/13/534 780/262/534 777/271/534
f 654/43/535 777/271/535 787/257/535 664/44/535
f 660/10/536 783/258/536 781/265/536 658/97/536
f 665/50/537 788/260/537 786/269/537 663/28/537
f 661/3/538 659/4/538 782/270/538 784/263/538
f 785/267/539 801/273/539 806/272/539 790/261/539
f 776/268/540 792/275/540 795/274/540 779/259/540
f 776/268/541 786/269/541 802/276/541 792/275/541
f 778/264/542 794/278/542 798/277/542 782/270/542
f 785/267/543 791/266/543 807/279/543 801/273/543
f 777/271/544 780/262/544 796/281/544 793/280/544
f 777/271/545 793/280/545 803/282/545 787/257/545
f 783/258/546 799/284/546 797/283/546 781/265/546
f 788/260/547 804/285/547 802/276/547 786/269/547
f 784/263/548 782/270/548 798/277/548 800/286/548
f 789/256/549 787/257/549 803/282/549 805/287/549
f 779/259/550 795/274/550 799/284/550 783/258/550
f 790/261/551 806/272/551 804/285/551 788/260/551
f 780/262/552 784/263/552 800/286/552 796/281/552
f 778/264/553 781/265/553 797/283/553 794/278/553
f 791/266/554 789/256/554 805/287/554 807/279/554
f 805/287/296 803/282/296 819/289/296 821/288/296
f 795/274/296 811/291/296 815/290/296 799/284/296
f 806/272/296 822/293/296 820/292/296 804/285/296
f 796/281/296 800/286/296 816/295/296 812/294/296
f 794/278/296 797/283/296 813/297/296 810/296/296
f 807/279/296 805/287/296 821/288/296 823/298/296
f 801/273/296 817/299/296 822/293/296 806/272/296
f 792/275/296 808/300/296 811/291/296 795/274/296
f 792/275/296 802/276/296 818/301/296 808/300/296
f 794/278/296 810/296/296 814/302/296 798/277/296
f 801/273/296 807/279/296 823/298/296 817/299/296
f 793/280/296 796/281/296 812/294/296 809/303/296
f 793/280/296 809/303/296 819/289/296 803/282/296
f 799/284/296 815/290/296 813/297/296 797/283/296
f 804/285/296 820/292/296 818/301/296 802/276/296
f 800/286/296 798/277/296 814/302/296 816/295/296
f 813/297/296 824/304/296 810/296/296
f 813/297/296 815/290/296 824/304/296
f 815/290/296 811/291/296 824/304/296
f 811/291/296 808/300/296 824/304/296
f 818/301/296 824/304/296 808/300/296
f 820/292/296 824/304/296 818/301/296
f 822/293/296 824/304/296 820/292/296
f 817/299/296 824/304/296 822/293/296
f 817/299/296 823/298/296 824/304/296
f 823/298/296 821/288/296 824/304/296
f 821/288/296 819/289/296 824/304/296
f 809/303/296 824/304/296 819/289/296
f 814/302/296 824/304/296 816/295/296
f 816/295/296 824/304/296 812/294/296
f 809/303/296 812/294/296 824/304/296
f 810/296/296 824/304/296 814/302/296
f 773/252/330 775/253/330 451/253/330 449/252/330
f 772/255/331 448/255/331 450/254/331 774/254/331
f 450/254/332 454/305/332 825/305/332 774/254/332
f 451/253/333 775/253/333 826/306/333 455/306/333
f 454/305/334 458/307/334 827/307/334 825/305/334
f 455/306/335 826/306/335 828/308/335 459/308/335
f 449/252/336 459/308/336 828/308/336 773/252/336
f 448/255/337 772/255/337 827/307/337 458/307/337
f 828/308/93 830/308/93 462/308/93 459/308/93
f 830/308/93 832/308/93 465/308/93 462/308/93
f 466/309/338 470/310/338 835/310/338 833/309/338
f 834/311/339 836/312/339 473/312/339 469/311/339
f 825/305/296 831/307/296 833/309/296 835/310/296
f 826/306/296 836/312/296 834/311/296 832/308/296
f 48/205/340 607/205/340 837/201/340 474/201/340
f 49/2/341 476/203/341 838/203/341 608/2/341
f 837/201/296 832/308/296 834/311/296
f 773/252/296 832/308/296 837/201/296 607/205/296
f 608/2/296 838/203/296 831/307/296 772/255/296
f 831/307/296 838/203/296 833/309/296
f 653/27/296 826/306/296 775/253/296 663/28/296
f 654/43/296 664/44/296 774/254/296 825/305/296
f 647/175/296 836/312/296 826/306/296 653/27/296
f 648/183/296 654/43/296 825/305/296 835/310/296
f 835/310/342 470/310/342 478/313/342 839/313/342
f 836/312/343 840/314/343 481/314/343 473/312/343
f 839/313/344 478/313/344 482/315/344 841/315/344
f 840/314/345 842/316/345 485/316/345 481/314/345
f 469/311/346 485/316/346 842/316/346 834/311/346
f 833/309/347 841/315/347 482/315/347 466/309/347
f 606/204/296 841/315/296 833/309/296 838/203/296
f 605/202/296 837/201/296 834/311/296 842/316/296
f 836/312/296 647/175/296 840/314/296
f 835/310/296 839/313/296 648/183/296
f 637/143/296 635/136/296 643/163/296
f 638/146/296 644/165/296 636/140/296
f 645/155/296 639/135/296 641/156/296
f 646/159/296 642/160/296 640/139/296
f 640/139/296 636/140/296 644/165/296 646/159/296
f 639/135/296 645/155/296 643/163/296 635/136/296
f 858/317/296 844/318/296 611/16/296 857/17/296
f 860/319/296 859/23/296 612/24/296 843/320/296
f 850/321/296 846/324/296 845/323/296 849/322/296
f 496/325/555 849/322/555 845/323/555 486/326/555
f 851/327/296 852/330/296 847/329/296 848/328/296
f 498/331/556 491/332/556 847/329/556 852/330/556
f 46/202/557 605/202/557 849/322/557 496/325/557
f 842/316/296 850/321/296 849/322/296 605/202/296
f 47/204/558 498/331/558 852/330/558 606/204/558
f 841/315/296 606/204/296 852/330/296 851/327/296
f 851/327/352 848/328/352 501/328/352 503/327/352
f 850/321/353 502/321/353 500/324/353 846/324/353
f 850/321/354 853/333/354 506/333/354 502/321/354
f 851/327/355 503/327/355 507/334/355 854/334/355
f 853/333/356 855/335/356 510/335/356 506/333/356
f 501/328/357 848/328/357 856/336/357 511/336/357
f 846/324/358 500/324/358 510/335/358 855/335/358
f 507/334/359 511/336/359 856/336/359 854/334/359
f 841/315/296 851/327/296 854/334/296 839/313/296
f 842/316/296 840/314/296 853/333/296 850/321/296
f 840/314/296 647/175/296 853/333/296
f 839/313/296 854/334/296 648/183/296
f 647/175/296 649/174/296 855/335/296 853/333/296
f 648/183/296 854/334/296 856/336/296 650/182/296
f 520/320/360 512/319/360 860/319/360 843/320/360
f 521/318/361 844/318/361 858/317/361 513/317/361
f 846/324/296 858/317/296 857/17/296 845/323/296
f 486/326/559 845/323/559 857/17/559 514/14/559
f 848/328/296 847/329/296 859/23/296 860/319/296
f 491/332/560 517/22/560 859/23/560 847/329/560
f 858/317/364 861/337/364 523/337/364 513/317/364
f 860/319/365 512/319/365 522/338/365 862/338/365
f 861/337/366 863/339/366 527/339/366 523/337/366
f 862/338/367 522/338/367 526/340/367 864/340/367
f 521/318/368 527/339/368 863/339/368 844/318/368
f 520/320/369 843/320/369 864/340/369 526/340/369
f 858/317/296 846/324/296 855/335/296 861/337/296
f 855/335/296 649/174/296 861/337/296
f 862/338/296 650/182/296 856/336/296
f 860/319/296 862/338/296 856/336/296 848/328/296
f 649/174/296 651/187/296 863/339/296 861/337/296
f 650/182/296 862/338/296 864/340/296 652/191/296
f 634/132/296 640/139/296 642/160/296 652/191/296
f 633/129/296 651/187/296 641/156/296 639/135/296
f 651/187/296 633/129/296 863/339/296
f 652/191/296 864/340/296 634/132/296
f 633/129/296 625/102/296 844/318/296 863/339/296
f 634/132/296 864/340/296 843/320/296 626/109/296
f 603/94/296 617/57/296 623/85/296
f 604/98/296 624/89/296 618/63/296
f 624/89/296 622/80/296 618/63/296
f 623/85/296 617/57/296 621/69/296
f 619/70/296 621/69/296 629/112/296
f 620/81/296 630/116/296 622/80/296
f 618/63/296 622/80/296 630/116/296
f 617/57/296 629/112/296 621/69/296
f 615/45/296 627/113/296 629/112/296 617/57/296
f 616/51/296 618/63/296 630/116/296 628/117/296
f 611/16/296 844/318/296 625/102/296 613/29/296
f 625/102/296 631/101/296 613/29/296
f 613/29/296 631/101/296 627/113/296 615/45/296
f 614/36/296 616/51/296 628/117/296 632/108/296
f 632/108/296 626/109/296 614/36/296
f 612/24/296 614/36/296 626/109/296 843/320/296
l 187 368
l 456 460
l 460 463
l 584 759
l 827 829
l 829 831
o OuterLayer
v 2.628190 15.782911 -0.007557
v 2.628190 15.887433 -4.513690
v 2.628190 15.887433 4.456768
v 2.628190 16.984909 2.224605
v 2.628190 16.984909 -2.260623
v 2.628190 16.749735 3.340686
v 2.628190 16.749735 -3.387156
v 2.628190 16.697475 1.108524
v 2.628190 16.697475 -1.134090
v 2.628190 12.041039 -3.732089
v 2.628190 12.041039 3.675166
v 2.628190 13.964235 4.787039
v 2.628190 13.964235 -4.843961
v 2.628190 14.925835 4.771914
v 2.628190 14.925835 -4.828837
v 2.628190 7.952155 -0.028461
v 2.628190 9.996597 1.607991
v 2.628190 9.996597 -1.664914
v 2.628190 11.018818 2.641579
v 2.628190 11.018818 -2.698502
v 2.628190 13.002637 4.353778
v 2.628190 13.002637 -4.410701
v 2.628190 8.974377 0.697042
v 2.628190 8.974377 -0.753964
v 2.628190 7.952155 -0.028461
v 2.628190 9.996597 1.607991
v 2.628190 9.996597 -1.664914
v 2.628190 11.018818 2.641579
v 2.628190 11.018818 -2.698502
v 2.628190 8.974377 0.697042
v 2.628190 8.974377 -0.753964
v 2.628190 8.880306 -0.028461
v 2.628190 10.924748 1.607991
v 2.628190 10.924748 -1.664914
v 2.628190 11.946969 2.641579
v 2.628190 11.946969 -2.698502
v 2.628190 9.902528 0.697042
v 2.628190 9.902528 -0.753964
v 2.628190 14.980186 -0.007557
v 2.628190 15.084707 -4.024355
v 2.628190 15.084707 3.967432
v 2.628190 16.182182 2.224605
v 2.628190 16.182182 -2.260623
v 2.628190 15.947009 3.340686
v 2.628190 15.947009 -3.387156
v 2.628190 15.894750 1.108524
v 2.628190 15.894750 -1.134090
v 2.628190 13.161510 3.766436
v 2.628190 13.161510 -3.823358
v 2.628190 14.123109 4.065256
v 2.628190 14.123109 -4.122180
v 2.628190 16.159243 0.451698
v 2.628190 15.356519 0.451698
v 2.628190 16.140001 -0.447411
v 2.628190 15.337276 -0.447411
v 2.628190 14.302941 0.451698
v 2.628190 14.283699 -0.447411
v 2.628190 14.829730 0.358912
v 2.628190 14.810488 -0.354625
v 2.628190 14.302941 1.808422
v 2.628190 14.283699 -1.804134
v 2.628190 13.932507 -1.125772
v 2.628190 13.951749 1.130060
v 2.628190 14.980241 1.808422
v 2.628190 14.960999 -1.804134
v 2.628190 14.027004 1.576680
v 2.628190 14.007762 -1.572393
v 2.628190 14.001919 2.171842
v 2.628190 13.982677 -2.167554
v 2.628190 14.491079 2.216081
v 2.628190 14.471838 -2.211793
v 2.628190 13.399875 1.240552
v 2.628190 13.380632 -1.236265
v 2.628190 13.525301 1.706197
v 2.628190 13.506058 -1.701909
v 2.628190 13.609460 0.410143
v 2.628190 13.590218 -0.405856
v 2.628190 13.450045 0.825348
v 2.628190 13.430803 -0.821060
v 2.628190 14.368576 0.002144
v 2.628190 13.989017 0.149670
v 2.628190 13.979397 -0.145382
v 2.628190 13.994273 0.790879
v 2.628190 13.975031 -0.786592
v 2.628190 14.641591 1.894744
v 2.628190 14.622349 -1.890456
v 1.931401 15.782911 -0.007557
v 1.931401 15.887433 -4.513690
v 1.931401 15.887433 4.456768
v 1.931401 16.984909 2.224605
v 1.931401 16.984909 -2.260623
v 1.931401 16.749735 3.340686
v 1.931401 16.749735 -3.387156
v 1.931401 16.697475 1.108524
v 1.931401 16.697475 -1.134090
v 1.931401 12.041039 -3.732089
v 1.931401 12.041039 3.675166
v 1.931401 13.964235 4.787039
v 1.931401 13.964235 -4.843961
v 1.931401 14.925835 4.771914
v 1.931401 14.925835 -4.828837
v 1.931401 7.952155 -0.028461
v 1.931401 9.996597 1.607991
v 1.931401 9.996597 -1.664914
v 1.931401 11.018818 2.641579
v 1.931401 11.018818 -2.698502
v 1.931401 13.002637 4.353778
v 1.931401 13.002637 -4.410701
v 1.931401 8.974377 0.697042
v 1.931401 8.974377 -0.753964
v 1.931401 7.952155 -0.028461
v 1.931401 9.996597 1.607991
v 1.931401 9.996597 -1.664914
v 1.931401 11.018818 2.641579
v 1.931401 11.018818 -2.698502
v 1.931401 8.974377 0.697042
v 1.931401 8.974377 -0.753964
v 1.931401 8.880306 -0.028461
v 1.931401 10.924748 1.607991
v 1.931401 10.924748 -1.664914
v 1.931401 11.946969 2.641579
v 1.931401 11.946969 -2.698502
v 1.931401 9.902528 0.697042
v 1.931401 9.902528 -0.753964
v 1.931401 14.980186 -0.007557
v 1.931401 15.084707 -4.024355
v 1.931401 15.084707 3.967432
v 1.931401 16.182182 2.224605
v 1.931401 16.182182 -2.260623
v 1.931401 15.947009 3.340686
v 1.931401 15.947009 -3.387156
v 1.931401 15.894750 1.108524
v 1.931401 15.894750 -1.134090
v 1.931401 13.161510 3.766436
v 1.931401 13.161510 -3.823358
v 1.931401 14.123109 4.065256
v 1.931401 14.123109 -4.122180
v 1.931401 16.159243 0.451698
v 1.931401 15.356519 0.451698
v 1.931401 16.140001 -0.447411
v 1.931401 15.337276 -0.447411
v 1.931401 14.302941 0.451698
v 1.931401 14.283699 -0.447411
v 1.931401 14.829730 0.358912
v 1.931401 14.810488 -0.354625
v 1.931401 14.302941 1.808422
v 1.931401 14.283699 -1.804134
v 1.931401 13.932507 -1.125772
v 1.931401 13.951749 1.130060
v 1.931401 14.980241 1.808422
v 1.931401 14.960999 -1.804134
v 1.931401 14.027004 1.576680
v 1.931401 14.007762 -1.572393
v 1.931401 14.001919 2.171842
v 1.931401 13.982677 -2.167554
v 1.931401 14.491079 2.216081
v 1.931401 14.471838 -2.211793
v 1.931401 13.399875 1.240552
v 1.931401 13.380632 -1.236265
v 1.931401 13.525301 1.706197
v 1.931401 13.506058 -1.701909
v 1.931401 13.609460 0.410143
v 1.931401 13.590218 -0.405856
v 1.931401 13.450045 0.825348
v 1.931401 13.430803 -0.821060
v 1.931401 14.368576 0.002144
v 1.931401 13.989017 0.149670
v 1.931401 13.979397 -0.145382
v 1.931401 13.994273 0.790879
v 1.931401 13.975031 -0.786592
v 1.931401 14.641591 1.894744
v 1.931401 14.622349 -1.890456
v 2.628190 11.892941 -4.560075
v 2.628190 11.892941 4.503153
v 2.628190 11.018818 3.679713
v 2.628190 11.018818 -3.736635
v 1.931401 11.892941 -4.560075
v 1.931401 11.892941 4.503153
v 1.931401 11.018818 3.679713
v 1.931401 11.018818 -3.736635
v 2.628190 11.632399 -5.126983
v 2.628190 11.632399 5.070061
v 2.628190 10.758276 4.143609
v 2.628190 10.758276 -4.200528
v 1.931401 11.632399 -5.126983
v 1.931401 11.632399 5.070061
v 1.931401 10.758276 4.143609
v 1.931401 10.758276 -4.200528
v 2.628190 11.412994 -5.870254
v 2.628190 11.412994 5.813332
v 2.628190 10.209765 4.286966
v 2.628190 10.209765 -4.343886
v 1.931401 11.412994 -5.870254
v 1.931401 11.412994 5.813332
v 1.931401 10.209765 4.286966
v 1.931401 10.209765 -4.343886
v 2.628190 11.529928 3.158372
v 1.931401 11.529928 3.158372
v 2.628190 11.455879 4.091433
v 1.931401 11.455879 4.091433
v 2.628190 11.195337 4.606835
v 1.931401 11.195337 4.606835
v 2.628190 10.811380 5.050149
v 1.931401 10.811380 5.050149
v 2.628190 11.529928 -3.215295
v 1.931401 11.529928 -3.215295
v 2.628190 11.455879 -4.148355
v 1.931401 11.455879 -4.148355
v 2.628190 11.195337 -4.663755
v 1.931401 11.195337 -4.663755
v 2.628190 10.811380 -5.107070
v 1.931401 10.811380 -5.107070
v 2.628190 9.617373 4.224363
v 2.628190 9.617373 -4.281283
v 1.931401 9.617373 4.224363
v 1.931401 9.617373 -4.281283
v 2.628190 10.218988 5.308240
v 1.931401 10.218988 5.308240
v 2.628190 10.218988 -5.365161
v 1.931401 10.218988 -5.365161
v 2.628190 11.676280 -6.381405
v 2.628190 11.676280 6.324483
v 1.931401 11.676280 -6.381405
v 1.931401 11.676280 6.324483
v 2.628190 10.700232 5.494522
v 1.931401 10.700232 5.494522
v 2.628190 10.700232 -5.551444
v 1.931401 10.700232 -5.551444
v 2.628190 10.831875 7.196498
v 1.931401 10.831875 7.196498
v 2.628190 10.831875 -7.253420
v 1.931401 10.831875 -7.253420
v 1.931401 10.519222 6.345510
v 2.628190 10.519222 6.345510
v 2.628190 10.519222 -6.402432
v 1.931401 10.519222 -6.402432
v 2.617796 12.420633 -6.726118
v 2.617796 12.420633 6.669196
v 1.941795 12.420633 -6.726118
v 1.941795 12.420633 6.669196
v 2.617796 11.601420 7.588527
v 1.941795 11.601420 7.588527
v 2.617796 11.601420 -7.645450
v 1.941795 11.601420 -7.645450
v 2.617796 13.407959 -6.277699
v 2.617796 13.407959 6.220777
v 1.941795 13.407959 -6.277699
v 1.941795 13.407959 6.220777
v 2.617796 12.588746 7.756924
v 1.941795 12.588746 7.756924
v 2.617796 12.588746 -7.813848
v 1.941795 12.588746 -7.813848
v 2.617796 13.608983 6.975311
v 1.941795 13.608983 6.975311
v 2.617796 13.608983 -7.032235
v 1.941795 13.608983 -7.032235
v 2.617796 13.924927 5.894363
v 1.941795 13.924927 5.894363
v 2.617796 13.924927 -5.951287
v 1.941795 13.924927 -5.951287
v 2.617796 13.407959 -5.930964
v 2.617796 13.407959 5.874042
v 1.941795 13.407959 -5.930964
v 1.941795 13.407959 5.874042
v 2.617796 13.687968 4.865733
v 1.941795 13.687968 4.865733
v 2.617796 13.687968 -4.922658
v 1.941795 13.687968 -4.922658
v 2.617796 13.171000 -5.306397
v 2.617796 13.171000 5.249474
v 1.941795 13.171000 -5.306397
v 1.941795 13.171000 5.249474
v 1.952578 12.328749 4.654185
v 2.607013 12.328749 -4.711108
v 2.607013 12.328749 4.654185
v 2.617796 12.817165 -5.122468
v 2.617796 12.817165 5.065544
v 1.941795 12.817165 -5.122468
v 1.941795 12.817165 5.065544
v 2.617796 13.233798 4.695176
v 1.941795 13.233798 4.695176
v 2.617796 13.233798 -4.752100
v 1.941795 13.233798 -4.752100
v 2.617796 12.657858 4.473300
v 1.941795 12.657858 4.473300
v 2.617796 12.657858 -4.530223
v 1.941795 12.657858 -4.530223
v 2.617796 11.999640 5.143692
v 1.941795 11.999640 5.143692
v 2.617796 11.999640 -5.200616
v 1.941795 11.999640 -5.200616
v 2.617796 12.542669 6.117423
v 1.941795 12.542669 6.117423
v 2.617796 12.542669 -6.174347
v 1.941795 12.542669 -6.174347
v 1.941795 12.049006 5.630558
v 2.617796 12.049006 5.630558
v 2.617796 12.049006 -5.687482
v 1.941795 12.049006 -5.687482
v 2.617796 12.542669 5.479318
v 1.941795 12.542669 5.479318
v 2.617796 12.542669 -5.536242
v 1.941795 12.542669 -5.536242
v 2.617796 12.674313 5.245556
v 1.941795 12.674313 5.245556
v 2.617796 12.674313 -5.302481
v 1.941795 12.674313 -5.302481
v 1.952578 12.328749 -4.711108
v -2.628190 15.782911 -0.007557
v -2.628190 15.887433 -4.513690
v -2.628190 15.887433 4.456768
v -2.628190 16.984909 2.224605
v -2.628190 16.984909 -2.260623
v -2.628190 16.749735 3.340686
v -2.628190 16.749735 -3.387156
v -2.628190 16.697475 1.108524
v -2.628190 16.697475 -1.134090
v -2.628190 12.041039 -3.732089
v -2.628190 12.041039 3.675166
v -2.628190 13.964235 4.787039
v -2.628190 13.964235 -4.843961
v -2.628190 14.925835 4.771914
v -2.628190 14.925835 -4.828837
v -2.628190 7.952155 -0.028461
v -2.628190 9.996597 1.607991
v -2.628190 9.996597 -1.664914
v -2.628190 11.018818 2.641579
v -2.628190 11.018818 -2.698502
v -2.628190 13.002637 4.353778
v -2.628190 13.002637 -4.410701
v -2.628190 8.974377 0.697042
v -2.628190 8.974377 -0.753964
v -2.628190 7.952155 -0.028461
v -2.628190 9.996597 1.607991
v -2.628190 9.996597 -1.664914
v -2.628190 11.018818 2.641579
v -2.628190 11.018818 -2.698502
v -2.628190 8.974377 0.697042
v -2.628190 8.974377 -0.753964
v -2.628190 8.880306 -0.028461
v -2.628190 10.924748 1.607991
v -2.628190 10.924748 -1.664914
v -2.628190 11.946969 2.641579
v -2.628190 11.946969 -2.698502
v -2.628190 9.902528 0.697042
v -2.628190 9.902528 -0.753964
v -2.628190 14.980186 -0.007557
v -2.628190 15.084707 -4.024355
v -2.628190 15.084707 3.967432
v -2.628190 16.182182 2.224605
v -2.628190 16.182182 -2.260623
v -2.628190 15.947009 3.340686
v -2.628190 15.947009 -3.387156
v -2.628190 15.894750 1.108524
v -2.628190 15.894750 -1.134090
v -2.628190 13.161510 3.766436
v -2.628190 13.161510 -3.823358
v -2.628190 14.123109 4.065256
v -2.628190 14.123109 -4.122180
v -2.628190 16.159243 0.451698
v -2.628190 15.356519 0.451698
v -2.628190 16.140001 -0.447411
v -2.628190 15.337276 -0.447411
v -2.628190 14.302941 0.451698
v -2.628190 14.283699 -0.447411
v -2.628190 14.829730 0.358912
v -2.628190 14.810488 -0.354625
v -2.628190 14.302941 1.808422
v -2.628190 14.283699 -1.804134
v -2.628190 13.932507 -1.125772
v -2.628190 13.951749 1.130060
v -2.628190 14.980241 1.808422
v -2.628190 14.960999 -1.804134
v -2.628190 14.027004 1.576680
v -2.628190 14.007762 -1.572393
v -2.628190 14.001919 2.171842
v -2.628190 13.982677 -2.167554
v -2.628190 14.491079 2.216081
v -2.628190 14.471838 -2.211793
v -2.628190 13.399875 1.240552
v -2.628190 13.380632 -1.236265
v -2.628190 13.525301 1.706197
v -2.628190 13.506058 -1.701909
v -2.628190 13.609460 0.410143
v -2.628190 13.590218 -0.405856
v -2.628190 13.450045 0.825348
v -2.628190 13.430803 -0.821060
v -2.628190 14.368576 0.002144
v -2.628190 13.989017 0.149670
v -2.628190 13.979397 -0.145382
v -2.628190 13.994273 0.790879
v -2.628190 13.975031 -0.786592
v -2.628190 14.641591 1.894744
v -2.628190 14.622349 -1.890456
v -1.931401 15.782911 -0.007557
v -1.931401 15.887433 -4.513690
v -1.931401 15.887433 4.456768
v -1.931401 16.984909 2.224605
v -1.931401 16.984909 -2.260623
v -1.931401 16.749735 3.340686
v -1.931401 16.749735 -3.387156
v -1.931401 16.697475 1.108524
v -1.931401 16.697475 -1.134090
v -1.931401 12.041039 -3.732089
v -1.931401 12.041039 3.675166
v -1.931401 13.964235 4.787039
v -1.931401 13.964235 -4.843961
v -1.931401 14.925835 4.771914
v -1.931401 14.925835 -4.828837
v -1.931401 7.952155 -0.028461
v -1.931401 9.996597 1.607991
v -1.931401 9.996597 -1.664914
v -1.931401 11.018818 2.641579
v -1.931401 11.018818 -2.698502
v -1.931401 13.002637 4.353778
v -1.931401 13.002637 -4.410701
v -1.931401 8.974377 0.697042
v -1.931401 8.974377 -0.753964
v -1.931401 7.952155 -0.028461
v -1.931401 9.996597 1.607991
v -1.931401 9.996597 -1.664914
v -1.931401 11.018818 2.641579
v -1.931401 11.018818 -2.698502
v -1.931401 8.974377 0.697042
v -1.931401 8.974377 -0.753964
v -1.931401 8.880306 -0.028461
v -1.931401 10.924748 1.607991
v -1.931401 10.924748 -1.664914
v -1.931401 11.946969 2.641579
v -1.931401 11.946969 -2.698502
v -1.931401 9.902528 0.697042
v -1.931401 9.902528 -0.753964
v -1.931401 14.980186 -0.007557
v -1.931401 15.084707 -4.024355
v -1.931401 15.084707 3.967432
v -1.931401 16.182182 2.224605
v -1.931401 16.182182 -2.260623
v -1.931401 15.947009 3.340686
v -1.931401 15.947009 -3.387156
v -1.931401 15.894750 1.108524
v -1.931401 15.894750 -1.134090
v -1.931401 13.161510 3.766436
v -1.931401 13.161510 -3.823358
v -1.931401 14.123109 4.065256
v -1.931401 14.123109 -4.122180
v -1.931401 16.159243 0.451698
v -1.931401 15.356519 0.451698
v -1.931401 16.140001 -0.447411
v -1.931401 15.337276 -0.447411
v -1.931401 14.302941 0.451698
v -1.931401 14.283699 -0.447411
v -1.931401 14.829730 0.358912
v -1.931401 14.810488 -0.354625
v -1.931401 14.302941 1.808422
v -1.931401 14.283699 -1.804134
v -1.931401 13.932507 -1.125772
v -1.931401 13.951749 1.130060
v -1.931401 14.980241 1.808422
v -1.931401 14.960999 -1.804134
v -1.931401 14.027004 1.576680
v -1.931401 14.007762 -1.572393
v -1.931401 14.001919 2.171842
v -1.931401 13.982677 -2.167554
v -1.931401 14.491079 2.216081
v -1.931401 14.471838 -2.211793
v -1.931401 13.399875 1.240552
v -1.931401 13.380632 -1.236265
v -1.931401 13.525301 1.706197
v -1.931401 13.506058 -1.701909
v -1.931401 13.609460 0.410143
v -1.931401 13.590218 -0.405856
v -1.931401 13.450045 0.825348
v -1.931401 13.430803 -0.821060
v -1.931401 14.368576 0.002144
v -1.931401 13.989017 0.149670
v -1.931401 13.979397 -0.145382
v -1.931401 13.994273 0.790879
v -1.931401 13.975031 -0.786592
v -1.931401 14.641591 1.894744
v -1.931401 14.622349 -1.890456
v -2.628190 11.892941 -4.560075
v -2.628190 11.892941 4.503153
v -2.628190 11.018818 3.679713
v -2.628190 11.018818 -3.736635
v -1.931401 11.892941 -4.560075
v -1.931401 11.892941 4.503153
v -1.931401 11.018818 3.679713
v -1.931401 11.018818 -3.736635
v -2.628190 11.632399 -5.126983
v -2.628190 11.632399 5.070061
v -2.628190 10.758276 4.143609
v -2.628190 10.758276 -4.200528
v -1.931401 11.632399 -5.126983
v -1.931401 11.632399 5.070061
v -1.931401 10.758276 4.143609
v -1.931401 10.758276 -4.200528
v -2.628190 11.412994 -5.870254
v -2.628190 11.412994 5.813332
v -2.628190 10.209765 4.286966
v -2.628190 10.209765 -4.343886
v -1.931401 11.412994 -5.870254
v -1.931401 11.412994 5.813332
v -1.931401 10.209765 4.286966
v -1.931401 10.209765 -4.343886
v -2.628190 11.529928 3.158372
v -1.931401 11.529928 3.158372
v -2.628190 11.455879 4.091433
v -1.931401 11.455879 4.091433
v -2.628190 11.195337 4.606835
v -1.931401 11.195337 4.606835
v -2.628190 10.811380 5.050149
v -1.931401 10.811380 5.050149
v -2.628190 11.529928 -3.215295
v -1.931401 11.529928 -3.215295
v -2.628190 11.455879 -4.148355
v -1.931401 11.455879 -4.148355
v -2.628190 11.195337 -4.663755
v -1.931401 11.195337 -4.663755
v -2.628190 10.811380 -5.107070
v -1.931401 10.811380 -5.107070
v -2.628190 9.617373 4.224363
v -2.628190 9.617373 -4.281283
v -1.931401 9.617373 4.224363
v -1.931401 9.617373 -4.281283
v -2.628190 10.218988 5.308240
v -1.931401 10.218988 5.308240
v -2.628190 10.218988 -5.365161
v -1.931401 10.218988 -5.365161
v -2.628190 11.676280 -6.381405
v -2.628190 11.676280 6.324483
v -1.931401 11.676280 -6.381405
v -1.931401 11.676280 6.324483
v -2.628190 10.700232 5.494522
v -1.931401 10.700232 5.494522
v -2.628190 10.700232 -5.551444
v -1.931401 10.700232 -5.551444
v -2.628190 10.831875 7.196498
v -1.931401 10.831875 7.196498
v -2.628190 10.831875 -7.253420
v -1.931401 10.831875 -7.253420
v -1.931401 10.519222 6.345510
v -2.628190 10.519222 6.345510
v -2.628190 10.519222 -6.402432
v -1.931401 10.519222 -6.402432
v -2.617796 12.420633 -6.726118
v -2.617796 12.420633 6.669196
v -1.941795 12.420633 -6.726118
v -1.941795 12.420633 6.669196
v -2.617796 11.601420 7.588527
v -1.941795 11.601420 7.588527
v -2.617796 11.601420 -7.645450
v -1.941795 11.601420 -7.645450
v -2.617796 13.407959 -6.277699
v -2.617796 13.407959 6.220777
v -1.941795 13.407959 -6.277699
v -1.941795 13.407959 6.220777
v -2.617796 12.588746 7.756924
v -1.941795 12.588746 7.756924
v -2.617796 12.588746 -7.813848
v -1.941795 12.588746 -7.813848
v -2.617796 13.608983 6.975311
v -1.941795 13.608983 6.975311
v -2.617796 13.608983 -7.032235
v -1.941795 13.608983 -7.032235
v -2.617796 13.924927 5.894363
v -1.941795 13.924927 5.894363
v -2.617796 13.924927 -5.951287
v -1.941795 13.924927 -5.951287
v -2.617796 13.407959 -5.930964
v -2.617796 13.407959 5.874042
v -1.941795 13.407959 -5.930964
v -1.941795 13.407959 5.874042
v -2.617796 13.687968 4.865733
v -1.941795 13.687968 4.865733
v -2.617796 13.687968 -4.922658
v -1.941795 13.687968 -4.922658
v -2.617796 13.171000 -5.306397
v -2.617796 13.171000 5.249474
v -1.941795 13.171000 -5.306397
v -1.941795 13.171000 5.249474
v -1.952578 12.328749 4.654185
v -2.607013 12.328749 -4.711108
v -2.607013 12.328749 4.654185
v -2.617796 12.817165 -5.122468
v -2.617796 12.817165 5.065544
v -1.941795 12.817165 -5.122468
v -1.941795 12.817165 5.065544
v -2.617796 13.233798 4.695176
v -1.941795 13.233798 4.695176
v -2.617796 13.233798 -4.752100
v -1.941795 13.233798 -4.752100
v -2.617796 12.657858 4.473300
v -1.941795 12.657858 4.473300
v -2.617796 12.657858 -4.530223
v -1.941795 12.657858 -4.530223
v -2.617796 11.999640 5.143692
v -1.941795 11.999640 5.143692
v -2.617796 11.999640 -5.200616
v -1.941795 11.999640 -5.200616
v -2.617796 12.542669 6.117423
v -1.941795 12.542669 6.117423
v -2.617796 12.542669 -6.174347
v -1.941795 12.542669 -6.174347
v -1.941795 12.049006 5.630558
v -2.617796 12.049006 5.630558
v -2.617796 12.049006 -5.687482
v -1.941795 12.049006 -5.687482
v -2.617796 12.542669 5.479318
v -1.941795 12.542669 5.479318
v -2.617796 12.542669 -5.536242
v -1.941795 12.542669 -5.536242
v -2.617796 12.674313 5.245556
v -1.941795 12.674313 5.245556
v -2.617796 12.674313 -5.302481
v -1.941795 12.674313 -5.302481
v -1.952578 12.328749 -4.711108
vn -0.0000 1.0000 -0.0000
vn 1.0000 -0.0000 -0.0000
vn -1.0000 -0.0000 -0.0000
vn -0.0000 -0.5788 0.8155
vn -0.0000 0.7396 0.6731
vn -0.0000 -0.2470 -0.9690
vn -0.0000 -0.6653 -0.7466
vn -0.0000 0.7396 -0.6731
vn -0.0000 -0.2470 0.9690
vn -0.0000 -0.4108 0.9117
vn -0.0000 0.2470 -0.9690
vn -0.0000 0.9861 -0.1662
vn -0.0000 -0.7110 -0.7032
vn -0.0000 0.2470 0.9690
vn -0.0000 0.9861 0.1662
vn -0.0000 -0.6653 0.7466
vn -0.0000 -0.0901 0.9959
vn -0.0000 0.6795 -0.7337
vn -0.0000 -0.5788 -0.8155
vn -0.0000 -0.0901 -0.9959
vn -0.0000 0.6795 0.7337
vn -0.0000 0.6402 0.7682
vn -0.0000 -0.5879 -0.8089
vn -0.0000 0.6402 -0.7682
vn -0.0000 -0.9684 0.2494
vn -0.0000 -0.9656 0.2601
vn -0.0000 -0.9789 0.2044
vn -0.0000 -0.9656 -0.2601
vn -0.0000 -0.9785 -0.2062
vn -0.0000 0.7764 0.6303
vn -0.0000 -0.6988 0.7153
vn -0.0000 -0.5943 0.8042
vn -0.0000 0.7913 0.6114
vn -0.0000 -0.6988 -0.7153
vn -0.0000 0.9844 -0.1761
vn -0.0000 -0.7735 0.6338
vn -0.0000 0.9684 -0.2494
vn -0.0000 -0.9336 -0.3584
vn -0.0000 0.7735 -0.6338
vn -0.0000 -0.9690 -0.2472
vn -0.0000 0.9789 -0.2044
vn -0.0000 -0.9336 0.3584
vn -0.0000 -0.1012 0.9949
vn -0.0000 0.9785 0.2062
vn -0.0000 -0.9928 -0.1200
vn -0.0000 0.2968 -0.9550
vn -0.0000 0.7941 -0.6078
vn -0.0000 -0.9928 0.1200
vn -0.0000 -0.1012 -0.9949
vn -0.0000 -0.3623 -0.9321
vn -0.0000 -0.7764 -0.6303
vn -0.0000 0.2968 0.9550
vn -0.0000 0.9690 0.2472
vn -0.0000 -0.5658 -0.8245
vn -0.0000 0.3114 -0.9503
vn -0.0000 -0.3545 0.9351
vn -0.0000 0.1735 0.9848
vn -0.0000 0.7110 -0.7032
vn -0.0000 -0.5766 0.8170
vn -0.0000 -0.5562 0.8310
vn -0.0000 0.1735 -0.9848
vn -0.0000 0.5788 -0.8155
vn -0.0000 0.0157 0.9999
vn -0.0000 -0.1735 0.9848
vn -0.0000 0.6653 0.7466
vn -0.0000 -0.4108 -0.9117
vn -0.0000 -0.1735 -0.9848
vn -0.0000 0.7110 0.7032
vn -0.0000 0.3114 0.9503
vn -0.0000 0.6431 -0.7658
vn -0.0000 0.6653 -0.7466
vn -0.0000 0.0157 -0.9999
vn -0.0000 0.6431 0.7658
vn -0.0000 0.5788 0.8155
vn -0.0000 -0.5766 -0.8170
vn -0.0000 0.9922 -0.1244
vn -0.0000 -0.7110 0.7032
vn -0.0000 0.9922 0.1244
vn -0.0000 0.9844 0.1761
vn -0.0000 -1.0000 -0.0000
vn -0.0000 0.9591 0.2831
vn -0.0000 -0.2529 0.9675
vn -0.0000 -0.8719 0.4897
vn -0.0000 0.9086 0.4176
vn -0.0000 0.9086 -0.4176
vn -0.0000 -0.8719 -0.4897
vn -0.0000 0.1051 0.9945
vn -0.0000 0.9591 -0.2831
vn -0.0000 -0.2529 -0.9675
vn -0.0000 -0.8743 0.4853
vn -0.0000 -0.8743 -0.4853
vn -0.0000 0.3994 -0.9168
vn -0.0000 0.3994 0.9168
vn -0.0000 0.1051 -0.9945
vn -0.0000 -0.6478 -0.7618
vn -0.0000 -0.6478 0.7618
vn -0.0000 0.8890 -0.4579
vn -0.0000 -0.9701 0.2426
vn -0.0000 0.8890 0.4579
vn -0.0000 -0.9701 -0.2426
vn -0.0000 -0.9387 -0.3449
vn -0.0000 -0.9387 0.3449
vn -0.0000 -0.9781 -0.2081
vn -0.0000 -0.9781 0.2081
vn -0.9999 0.0095 -0.0088
vn -0.0000 -0.4539 -0.8910
vn -0.0000 0.4202 -0.9074
vn -0.9999 0.0095 0.0088
vn 0.9999 0.0095 -0.0088
vn 0.9999 0.0095 0.0088
vn -0.0000 0.4202 0.9074
vn -0.0000 -0.4539 0.8910
vn -0.0000 -0.4135 -0.9105
vn -0.0000 -0.1681 -0.9858
vn -0.0000 -0.4135 0.9105
vn -0.0000 -0.1681 0.9858
vn -0.0000 0.6082 -0.7938
vn -0.0000 0.6082 0.7938
vn -0.0000 0.9598 -0.2805
vn -0.0000 0.9598 0.2805
vn -0.0000 -0.9350 0.3547
vn -0.0000 0.9745 -0.2245
vn -0.0000 -0.9350 -0.3547
vn -0.0000 0.9745 0.2245
vn -0.0000 -0.4612 -0.8873
vn -0.0000 0.3516 0.9362
vn -0.0000 -0.4612 0.8873
vn -0.0000 0.3516 -0.9362
vn -0.0000 0.7833 0.6216
vn -0.0000 0.7833 -0.6216
vn -0.0000 0.3595 0.9331
vn -0.0000 0.3595 -0.9331
vn -0.0000 -0.8299 0.5579
vn -0.0000 -0.8299 -0.5579
vn -0.0000 -0.7022 -0.7120
vn -0.0000 -0.7022 0.7120
vn -0.0000 -0.9949 0.1009
vn -0.0000 -0.9949 -0.1009
vn -0.0000 0.8713 -0.4907
vn -0.0000 0.8713 0.4907
vn -0.0000 -0.4817 -0.8764
vn -0.0000 -0.4817 0.8764
vn -0.9997 -0.0225 0.0005
vn 0.9997 -0.0225 0.0005
vn 0.9999 0.0021 -0.0136
vn -0.9999 0.0021 -0.0136
vn 0.9997 -0.0225 -0.0005
vn 0.9999 0.0021 0.0136
vn -0.9997 -0.0225 -0.0005
vn -0.9999 0.0021 0.0136
vt 0.487404 0.625253
vt 0.458837 0.665505
vt 0.422967 0.705756
vt 0.382268 0.746007
vt 0.592541 0.746007
vt 0.551842 0.705756
vt 0.515972 0.665505
vt 0.515972 0.702052
vt 0.551842 0.742303
vt 0.422967 0.742303
vt 0.458837 0.702052
vt 0.592541 0.782555
vt 0.487404 0.661801
vt 0.382268 0.782555
vt 0.298383 0.899852
vt 0.310792 0.937716
vt 0.330061 0.906108
vt 0.326209 0.868243
vt 0.355151 0.971670
vt 0.355151 0.940062
vt 0.664017 0.937716
vt 0.676426 0.899852
vt 0.648600 0.868243
vt 0.644749 0.906108
vt 0.532175 0.969613
vt 0.576122 0.980931
vt 0.576122 0.949322
vt 0.532175 0.938004
vt 0.506311 0.948419
vt 0.506311 0.916811
vt 0.297787 0.861987
vt 0.337975 0.830379
vt 0.399510 0.980931
vt 0.399510 0.949322
vt 0.677022 0.861987
vt 0.636834 0.830379
vt 0.470908 0.947661
vt 0.488228 0.933600
vt 0.488228 0.901992
vt 0.470908 0.916053
vt 0.443869 0.969613
vt 0.443869 0.938004
vt 0.620070 0.971670
vt 0.620070 0.940062
vt 0.314848 0.824123
vt 0.659961 0.824123
vt 0.633240 0.786259
vt 0.341569 0.786259
vt 0.612891 0.766133
vt 0.361918 0.766133
vt 0.502658 0.896067
vt 0.474561 0.895310
vt 0.488610 0.877909
vt 0.506311 0.875324
vt 0.494419 0.862963
vt 0.482801 0.862584
vt 0.470908 0.874567
vt 0.559734 0.901994
vt 0.575787 0.882733
vt 0.563133 0.888659
vt 0.417485 0.901236
vt 0.414086 0.887901
vt 0.401433 0.881975
vt 0.417485 0.874567
vt 0.403175 0.862714
vt 0.574045 0.863471
vt 0.559734 0.875324
vt 0.550609 0.864459
vt 0.555709 0.844704
vt 0.426610 0.863701
vt 0.421510 0.843946
vt 0.444196 0.860738
vt 0.439846 0.839007
vt 0.533023 0.861496
vt 0.537374 0.839765
vt 0.519667 0.863170
vt 0.521024 0.841740
vt 0.504675 0.848017
vt 0.456195 0.840983
vt 0.457552 0.862413
vt 0.472544 0.847260
vt 0.649631 0.763217
vt 0.633419 0.746007
vt 0.308966 0.780427
vt 0.669926 0.752958
vt 0.651686 0.735748
vt 0.688166 0.770168
vt 0.665843 0.780427
vt 0.341390 0.746007
vt 0.325178 0.763217
vt 0.717433 0.761529
vt 0.323123 0.735748
vt 0.317479 0.714150
vt 0.304883 0.752958
vt 0.286643 0.770168
vt 0.319944 0.690824
vt 0.737561 0.771896
vt 0.704880 0.733463
vt 0.687382 0.737839
vt 0.287427 0.737839
vt 0.257376 0.761529
vt 0.657331 0.714150
vt 0.697545 0.714513
vt 0.654865 0.690824
vt 0.277264 0.714513
vt 0.269929 0.733463
vt 0.237249 0.771896
vt 0.236420 0.726335
vt 0.202911 0.738646
vt 0.738389 0.726335
vt 0.771898 0.738646
vt 0.223675 0.801206
vt 0.187475 0.768948
vt 0.751134 0.801206
vt 0.787334 0.768948
vt 0.733477 0.840083
vt 0.793965 0.807825
vt 0.241332 0.840083
vt 0.180844 0.807825
vt 0.211621 0.847999
vt 0.763188 0.847999
vt 0.254185 0.860440
vt 0.720624 0.860440
vt 0.254985 0.840083
vt 0.719824 0.840083
vt 0.695231 0.830753
vt 0.279578 0.830753
vt 0.294689 0.851109
vt 0.680121 0.851109
vt 0.301405 0.833225
vt 0.286821 0.816820
vt 0.673405 0.833225
vt 0.687988 0.816820
vt 0.695077 0.811195
vt 0.279733 0.811195
vt 0.310141 0.810547
vt 0.664667 0.810547
vt 0.303019 0.797588
vt 0.283744 0.784629
vt 0.671790 0.797588
vt 0.691065 0.784629
vt 0.264573 0.786573
vt 0.245401 0.806011
vt 0.710236 0.786573
vt 0.729408 0.806011
vt 0.270528 0.806011
vt 0.704281 0.806011
s 0
usemtl Material
f 880/341/561 888/342/561 895/342/561 889/341/561
f 882/343/561 884/344/561 893/344/561 891/343/561
f 888/342/561 882/343/561 891/343/561 895/342/561
f 883/345/561 881/346/561 890/346/561 892/345/561
f 881/346/561 887/347/561 894/347/561 890/346/561
f 887/347/561 880/341/561 889/341/561 894/347/561
f 890/346/562 894/347/562 901/348/562 897/349/562
f 895/342/562 891/343/562 898/350/562 902/351/562
f 892/345/562 890/346/562 897/349/562 899/352/562
f 889/341/562 895/342/562 902/351/562 896/353/562
f 891/343/562 893/344/562 900/354/562 898/350/562
f 894/347/562 889/341/562 896/353/562 901/348/562
f 879/355/562 866/356/562 904/357/562 915/358/562
f 866/356/562 871/359/562 909/360/562 904/357/562
f 867/361/562 878/362/562 914/363/562 905/364/562
f 872/365/562 868/366/562 906/367/562 910/368/562
f 916/369/562 872/365/562 910/368/562 917/370/562
f 877/371/562 879/355/562 915/358/562 913/372/562
f 871/359/562 869/373/562 907/374/562 909/360/562
f 878/362/562 876/375/562 912/376/562 914/363/562
f 918/377/562 865/378/562 903/379/562 919/380/562
f 869/373/562 873/381/562 911/382/562 907/374/562
f 868/366/562 870/383/562 908/384/562 906/367/562
f 870/383/562 867/361/562 905/364/562 908/384/562
f 877/371/562 913/372/562 900/354/562 886/385/562
f 876/375/562 885/386/562 899/352/562 912/376/562
f 875/387/562 899/352/562 885/386/562
f 886/385/562 900/354/562 874/388/562
f 899/352/562 875/387/562 1061/389/562 892/345/562
f 900/354/562 893/344/562 1069/390/562 874/388/562
f 865/378/562 916/369/562 917/370/562 903/379/562
f 873/381/562 918/377/562 919/380/562 911/382/562
f 917/370/562 922/391/562 903/379/562
f 903/379/562 923/392/562 919/380/562
f 903/379/562 922/391/562 944/393/562 923/392/562
f 922/391/562 920/394/562 945/395/562 944/393/562
f 923/392/562 944/393/562 946/396/562 921/397/562
f 928/398/562 934/399/562 949/400/562
f 929/401/562 950/402/562 935/403/562
f 935/403/562 950/402/562 925/404/562 933/405/562
f 934/399/562 932/406/562 924/407/562 949/400/562
f 930/408/562 924/407/562 932/406/562 938/409/562
f 931/410/562 939/411/562 933/405/562 925/404/562
f 926/412/562 937/413/562 939/411/562 931/410/562
f 927/414/562 930/408/562 938/409/562 936/415/562
f 947/416/562 927/414/562 936/415/562 942/417/562
f 942/417/562 940/418/562 947/416/562
f 937/413/562 926/412/562 943/419/562
f 948/420/562 941/421/562 943/419/562 926/412/562
f 941/421/562 948/420/562 921/397/562 946/396/562
f 940/418/562 945/395/562 920/394/562 947/416/562
f 966/341/561 975/341/561 981/342/561 974/342/561
f 968/343/561 977/343/561 979/344/561 970/344/561
f 974/342/561 981/342/561 977/343/561 968/343/561
f 969/345/561 978/345/561 976/346/561 967/346/561
f 967/346/561 976/346/561 980/347/561 973/347/561
f 973/347/561 980/347/561 975/341/561 966/341/561
f 976/346/563 983/349/563 987/348/563 980/347/563
f 981/342/563 988/351/563 984/350/563 977/343/563
f 978/345/563 985/352/563 983/349/563 976/346/563
f 975/341/563 982/353/563 988/351/563 981/342/563
f 977/343/563 984/350/563 986/354/563 979/344/563
f 980/347/563 987/348/563 982/353/563 975/341/563
f 965/355/563 1001/358/563 990/357/563 952/356/563
f 952/356/563 990/357/563 995/360/563 957/359/563
f 953/361/563 991/364/563 1000/363/563 964/362/563
f 958/365/563 996/368/563 992/367/563 954/366/563
f 1002/369/563 1003/370/563 996/368/563 958/365/563
f 963/371/563 999/372/563 1001/358/563 965/355/563
f 957/359/563 995/360/563 993/374/563 955/373/563
f 964/362/563 1000/363/563 998/376/563 962/375/563
f 1004/377/563 1005/380/563 989/379/563 951/378/563
f 955/373/563 993/374/563 997/382/563 959/381/563
f 954/366/563 992/367/563 994/384/563 956/383/563
f 956/383/563 994/384/563 991/364/563 953/361/563
f 963/371/563 972/385/563 986/354/563 999/372/563
f 962/375/563 998/376/563 985/352/563 971/386/563
f 961/387/563 971/386/563 985/352/563
f 972/385/563 960/388/563 986/354/563
f 985/352/563 978/345/563 1062/389/563 961/387/563
f 986/354/563 960/388/563 1070/390/563 979/344/563
f 951/378/563 989/379/563 1003/370/563 1002/369/563
f 959/381/563 997/382/563 1005/380/563 1004/377/563
f 1003/370/563 989/379/563 1008/391/563
f 989/379/563 1005/380/563 1009/392/563
f 989/379/563 1009/392/563 1030/393/563 1008/391/563
f 1008/391/563 1030/393/563 1031/395/563 1006/394/563
f 1009/392/563 1007/397/563 1032/396/563 1030/393/563
f 1014/398/563 1035/400/563 1020/399/563
f 1015/401/563 1021/403/563 1036/402/563
f 1021/403/563 1019/405/563 1011/404/563 1036/402/563
f 1020/399/563 1035/400/563 1010/407/563 1018/406/563
f 1016/408/563 1024/409/563 1018/406/563 1010/407/563
f 1017/410/563 1011/404/563 1019/405/563 1025/411/563
f 1012/412/563 1017/410/563 1025/411/563 1023/413/563
f 1013/414/563 1022/415/563 1024/409/563 1016/408/563
f 1033/416/563 1028/417/563 1022/415/563 1013/414/563
f 1028/417/563 1033/416/563 1026/418/563
f 1023/413/563 1029/419/563 1012/412/563
f 1034/420/563 1012/412/563 1029/419/563 1027/421/563
f 1027/421/563 1032/396/563 1007/397/563 1034/420/563
f 1026/418/563 1033/416/563 1006/394/563 1031/395/563
f 887/347/564 973/347/564 966/341/564 880/341/564
f 920/394/565 1006/394/565 1033/416/565 947/416/565
f 949/400/566 1035/400/566 1014/398/566 928/398/566
f 888/342/567 974/342/567 968/343/567 882/343/567
f 948/420/568 1034/420/568 1007/397/568 921/397/568
f 950/402/569 929/401/569 1015/401/569 1036/402/569
f 876/375/570 962/375/570 971/386/570 885/386/570
f 924/407/571 1010/407/571 1035/400/571 949/400/571
f 927/414/572 1013/414/572 1016/408/572 930/408/572
f 882/343/573 968/343/573 970/344/573 884/344/573
f 925/404/574 950/402/574 1036/402/574 1011/404/574
f 926/412/575 931/410/575 1017/410/575 1012/412/575
f 881/346/576 967/346/576 973/347/576 887/347/576
f 934/399/577 1020/399/577 1018/406/577 932/406/577
f 899/352/578 985/352/578 998/376/578 912/376/578
f 880/341/579 966/341/579 974/342/579 888/342/579
f 935/403/580 933/405/580 1019/405/580 1021/403/580
f 913/372/581 999/372/581 986/354/581 900/354/581
f 928/398/582 1014/398/582 1020/399/582 934/399/582
f 905/364/583 991/364/583 994/384/583 908/384/583
f 929/401/584 935/403/584 1021/403/584 1015/401/584
f 906/367/585 992/367/585 996/368/585 910/368/585
f 938/409/586 1024/409/586 1022/415/586 936/415/586
f 907/374/587 993/374/587 995/360/587 909/360/587
f 939/411/588 937/413/588 1023/413/588 1025/411/588
f 908/384/589 994/384/589 992/367/589 906/367/589
f 918/377/590 1004/377/590 951/378/590 865/378/590
f 932/406/591 1018/406/591 1024/409/591 938/409/591
f 1061/389/562 1063/422/562 1039/423/562 892/345/562
f 909/360/592 995/360/592 990/357/592 904/357/592
f 870/383/593 956/383/593 953/361/593 867/361/593
f 933/405/594 939/411/594 1025/411/594 1019/405/594
f 874/388/595 1037/424/595 1041/424/595 960/388/595
f 910/368/596 996/368/596 1003/370/596 917/370/596
f 872/365/597 958/365/597 954/366/597 868/366/597
f 942/417/598 1028/417/598 1026/418/598 940/418/598
f 865/378/599 951/378/599 1002/369/599 916/369/599
f 911/382/600 997/382/600 993/374/600 907/374/600
f 871/359/601 957/359/601 955/373/601 869/373/601
f 943/419/602 941/421/602 1027/421/602 1029/419/602
f 904/357/603 990/357/603 1001/358/603 915/358/603
f 884/344/561 970/344/561 979/344/561 893/344/561
f 868/366/604 954/366/604 956/383/604 870/383/604
f 936/415/605 1022/415/605 1028/417/605 942/417/605
f 912/376/606 998/376/606 1000/363/606 914/363/606
f 866/356/607 952/356/607 957/359/607 871/359/607
f 937/413/608 943/419/608 1029/419/608 1023/413/608
f 873/381/590 959/381/590 1004/377/590 918/377/590
f 914/363/609 1000/363/609 991/364/609 905/364/609
f 916/369/599 1002/369/599 958/365/599 872/365/599
f 945/395/610 1031/395/610 1030/393/610 944/393/610
f 919/380/611 1005/380/611 997/382/611 911/382/611
f 915/358/612 1001/358/612 999/372/612 913/372/612
f 892/345/561 978/345/561 969/345/561 883/345/561
f 869/373/613 955/373/613 959/381/613 873/381/613
f 940/418/614 1026/418/614 1031/395/614 945/395/614
f 879/355/615 965/355/615 952/356/615 866/356/615
f 944/393/616 1030/393/616 1032/396/616 946/396/616
f 922/391/617 1008/391/617 1006/394/617 920/394/617
f 897/349/618 983/349/618 985/352/618 899/352/618
f 885/386/619 971/386/619 961/387/619 875/387/619
f 946/396/620 1032/396/620 1027/421/620 941/421/620
f 921/397/621 1007/397/621 1009/392/621 923/392/621
f 896/353/622 982/353/622 987/348/622 901/348/622
f 878/362/623 964/362/623 962/375/623 876/375/623
f 917/370/624 1003/370/624 1008/391/624 922/391/624
f 898/350/625 984/350/625 988/351/625 902/351/625
f 886/385/626 972/385/626 963/371/626 877/371/626
f 923/392/627 1009/392/627 1005/380/627 919/380/627
f 900/354/628 986/354/628 984/350/628 898/350/628
f 867/361/629 953/361/629 964/362/629 878/362/629
f 930/408/630 1016/408/630 1010/407/630 924/407/630
f 901/348/631 987/348/631 983/349/631 897/349/631
f 877/371/632 963/371/632 965/355/632 879/355/632
f 931/410/633 925/404/633 1011/404/633 1017/410/633
f 902/351/634 988/351/634 982/353/634 896/353/634
f 874/388/635 960/388/635 972/385/635 886/385/635
f 948/420/636 926/412/636 1012/412/636 1034/420/636
f 883/345/637 969/345/637 967/346/637 881/346/637
f 947/416/638 1033/416/638 1013/414/638 927/414/638
f 1063/422/562 1065/425/562 1047/426/562 1039/423/562
f 1064/422/563 1066/425/563 1050/427/563 1042/428/563
f 961/387/639 1042/428/639 1038/428/639 875/387/639
f 1062/389/563 1064/422/563 1042/428/563 961/387/563
f 979/344/640 1044/429/640 1040/429/640 893/344/640
f 1069/390/562 1071/430/562 1037/424/562 874/388/562
f 892/345/640 1039/423/640 1043/423/640 978/345/640
f 1070/390/563 1072/430/563 1044/429/563 979/344/563
f 1050/427/641 1058/431/641 1054/431/641 1046/427/641
f 1052/432/642 1060/433/642 1056/433/642 1048/432/642
f 1044/429/643 1052/432/643 1048/432/643 1040/429/643
f 1042/428/644 1050/427/644 1046/427/644 1038/428/644
f 1072/430/563 1074/434/563 1052/432/563 1044/429/563
f 1071/430/562 1073/434/562 1045/435/562 1037/424/562
f 1037/424/645 1045/435/645 1049/435/645 1041/424/645
f 1039/423/646 1047/426/646 1051/426/646 1043/423/646
f 1060/433/647 1080/436/647 1078/436/647 1056/433/647
f 1054/431/562 1086/437/562 1089/438/562 1067/439/562
f 1074/434/563 1076/440/563 1060/433/563 1052/432/563
f 1073/434/562 1075/440/562 1053/441/562 1045/435/562
f 1045/435/648 1053/441/648 1057/441/648 1049/435/648
f 1047/426/649 1055/442/649 1059/442/649 1051/426/649
f 1066/425/563 1068/439/563 1058/431/563 1050/427/563
f 1065/425/562 1067/439/562 1055/442/562 1047/426/562
f 1046/427/562 1054/431/562 1067/439/562 1065/425/562
f 1051/426/563 1059/442/563 1068/439/563 1066/425/563
f 1068/439/563 1090/438/563 1088/437/563 1058/431/563
f 978/345/563 1043/423/563 1064/422/563 1062/389/563
f 1043/423/563 1051/426/563 1066/425/563 1064/422/563
f 1038/428/562 1046/427/562 1065/425/562 1063/422/562
f 875/387/562 1038/428/562 1063/422/562 1061/389/562
f 1048/432/562 1056/433/562 1075/440/562 1073/434/562
f 1049/435/563 1057/441/563 1076/440/563 1074/434/563
f 1067/439/562 1081/443/562 1077/444/562 1055/442/562
f 1040/429/562 1048/432/562 1073/434/562 1071/430/562
f 1041/424/563 1049/435/563 1074/434/563 1072/430/563
f 960/388/563 1041/424/563 1072/430/563 1070/390/563
f 893/344/562 1040/429/562 1071/430/562 1069/390/562
f 1081/443/650 1082/443/650 1079/444/650 1077/444/650
f 1078/436/651 1080/436/651 1084/445/651 1083/445/651
f 1076/440/563 1084/445/563 1080/436/563 1060/433/563
f 1059/442/563 1079/444/563 1082/443/563 1068/439/563
f 1075/440/652 1083/445/652 1084/445/652 1076/440/652
f 1056/433/562 1078/436/562 1083/445/562 1075/440/562
f 1068/439/653 1082/443/653 1081/443/653 1067/439/653
f 1055/442/654 1077/444/654 1079/444/654 1059/442/654
f 1091/446/655 1092/446/655 1087/447/655 1085/447/655
f 1086/437/656 1088/437/656 1090/438/656 1089/438/656
f 1058/431/657 1088/437/657 1086/437/657 1054/431/657
f 1057/441/563 1087/447/563 1092/446/563 1076/440/563
f 1075/440/562 1091/446/562 1085/447/562 1053/441/562
f 1076/440/658 1092/446/658 1091/446/658 1075/440/658
f 1053/441/659 1085/447/659 1087/447/659 1057/441/659
f 1067/439/660 1089/438/660 1090/438/660 1068/439/660
f 1100/448/661 1096/449/661 1095/449/661 1099/448/661
f 1098/450/662 1093/451/662 1094/451/662 1097/450/662
f 1089/438/663 1098/450/663 1097/450/663 1090/438/663
f 1092/446/664 1100/448/664 1099/448/664 1091/446/664
f 1098/450/562 1089/438/562 1086/437/562
f 1098/450/562 1086/437/562 1093/451/562
f 1085/447/562 1091/446/562 1099/448/562
f 1100/448/563 1092/446/563 1087/447/563
f 1100/448/563 1087/447/563 1096/449/563
f 1099/448/562 1095/449/562 1085/447/562
f 1097/450/563 1088/437/563 1090/438/563
f 1097/450/563 1094/451/563 1088/437/563
f 1087/447/665 1103/452/665 1108/453/665 1096/449/665
f 1096/449/666 1108/453/666 1107/453/666 1095/449/666
f 1088/437/667 1104/454/667 1102/454/667 1086/437/667
f 1094/451/668 1106/455/668 1104/454/668 1088/437/668
f 1095/449/669 1107/453/669 1101/452/669 1085/447/669
f 1086/437/670 1102/454/670 1105/455/670 1093/451/670
f 1085/447/671 1101/452/671 1103/452/671 1087/447/671
f 1093/451/672 1105/455/672 1106/455/672 1094/451/672
f 1104/454/673 1112/456/673 1110/456/673 1102/454/673
f 1106/455/563 1114/457/563 1112/456/563 1104/454/563
f 1103/452/563 1111/458/563 1116/459/563 1108/453/563
f 1108/453/674 1116/459/674 1115/459/674 1107/453/674
f 1101/452/675 1109/458/675 1111/458/675 1103/452/675
f 1107/453/562 1115/459/562 1109/458/562 1101/452/562
f 1102/454/562 1110/456/562 1113/457/562 1105/455/562
f 1105/455/676 1113/457/676 1114/457/676 1106/455/676
f 1116/459/677 1120/460/677 1119/460/677 1115/459/677
f 1113/457/678 1117/461/678 1118/461/678 1114/457/678
f 1113/457/562 1110/456/562 1117/461/562
f 1109/458/562 1115/459/562 1119/460/562
f 1112/456/563 1114/457/563 1118/461/563
f 1116/459/563 1111/458/563 1120/460/563
f 1120/460/679 1124/462/679 1123/462/679 1119/460/679
f 1117/461/680 1121/463/680 1122/463/680 1118/461/680
f 1109/458/640 1125/464/640 1127/464/640 1111/458/640
f 1112/456/640 1128/465/640 1126/465/640 1110/456/640
f 1110/456/562 1126/465/562 1121/463/562 1117/461/562
f 1109/458/562 1119/460/562 1123/462/562 1125/464/562
f 1112/456/563 1118/461/563 1122/463/563 1128/465/563
f 1111/458/563 1127/464/563 1124/462/563 1120/460/563
f 1128/465/681 1136/466/681 1134/466/681 1126/465/681
f 1127/464/563 1135/467/563 1132/468/563 1124/462/563
f 1123/462/562 1131/468/562 1133/467/562 1125/464/562
f 1121/463/682 1129/469/682 1130/469/682 1122/463/682
f 1125/464/683 1133/467/683 1135/467/683 1127/464/683
f 1122/463/563 1130/469/563 1136/466/563 1128/465/563
f 1126/465/562 1134/466/562 1129/469/562 1121/463/562
f 1124/462/684 1132/468/684 1131/468/684 1123/462/684
f 1131/468/562 1146/470/562 1140/471/562 1133/467/562
f 1133/467/685 1140/471/685 1142/471/685 1135/467/685
f 1132/468/686 1147/470/686 1146/470/686 1131/468/686
f 1130/469/563 1145/472/563 1143/473/563 1136/466/563
f 1134/466/562 1141/473/562 1144/472/562 1129/469/562
f 1136/466/687 1143/473/687 1141/473/687 1134/466/687
f 1129/469/688 1144/472/688 1145/472/688 1130/469/688
f 1135/467/563 1142/471/563 1147/470/563 1132/468/563
f 1143/473/689 1169/474/689 1168/474/689 1141/473/689
f 1142/471/690 1140/471/690 1170/475/690 1171/475/690
f 1147/470/691 1151/476/691 1150/476/691 1146/470/691
f 1144/472/692 1148/477/692 1149/477/692 1145/472/692
f 1141/473/562 1148/477/562 1144/472/562
f 1146/470/562 1150/476/562 1140/471/562
f 1145/472/563 1149/477/563 1143/473/563
f 1142/471/563 1151/476/563 1147/470/563
f 1172/478/693 1155/479/693 1154/479/693 1138/478/693
f 1139/480/694 1152/481/694 1153/481/694 1137/480/694
f 1163/482/695 1159/483/695 1158/483/695 1162/482/695
f 1161/484/696 1156/485/696 1157/485/696 1160/484/696
f 1152/481/697 1161/484/697 1160/484/697 1153/481/697
f 1155/479/698 1163/482/698 1162/482/698 1154/479/698
f 1159/483/561 1167/486/561 1166/486/561 1158/483/561
f 1156/485/561 1164/487/561 1165/487/561 1157/485/561
f 1167/486/699 1171/475/699 1170/475/699 1166/486/699
f 1164/487/700 1168/474/700 1169/474/700 1165/487/700
f 1148/477/701 1139/480/701 1137/480/701 1149/477/701
f 1151/476/702 1172/478/702 1138/478/702 1150/476/702
f 1137/480/703 1169/474/703 1143/473/703 1149/477/703
f 1141/473/704 1168/474/704 1139/480/704 1148/477/704
f 1152/481/705 1139/480/705 1168/474/705 1164/487/705
f 1161/484/562 1152/481/562 1164/487/562 1156/485/562
f 1157/485/563 1165/487/563 1153/481/563 1160/484/563
f 1137/480/706 1153/481/706 1165/487/706 1169/474/706
f 1138/478/707 1170/475/707 1140/471/707 1150/476/707
f 1138/478/708 1154/479/708 1166/486/708 1170/475/708
f 1158/483/562 1166/486/562 1154/479/562 1162/482/562
f 1142/471/709 1171/475/709 1172/478/709 1151/476/709
f 1155/479/710 1172/478/710 1171/475/710 1167/486/710
f 1163/482/563 1155/479/563 1167/486/563 1159/483/563
f 1188/341/561 1197/341/561 1203/342/561 1196/342/561
f 1190/343/561 1199/343/561 1201/344/561 1192/344/561
f 1196/342/561 1203/342/561 1199/343/561 1190/343/561
f 1191/345/561 1200/345/561 1198/346/561 1189/346/561
f 1189/346/561 1198/346/561 1202/347/561 1195/347/561
f 1195/347/561 1202/347/561 1197/341/561 1188/341/561
f 1198/346/563 1205/349/563 1209/348/563 1202/347/563
f 1203/342/563 1210/351/563 1206/350/563 1199/343/563
f 1200/345/563 1207/352/563 1205/349/563 1198/346/563
f 1197/341/563 1204/353/563 1210/351/563 1203/342/563
f 1199/343/563 1206/350/563 1208/354/563 1201/344/563
f 1202/347/563 1209/348/563 1204/353/563 1197/341/563
f 1187/355/563 1223/358/563 1212/357/563 1174/356/563
f 1174/356/563 1212/357/563 1217/360/563 1179/359/563
f 1175/361/563 1213/364/563 1222/363/563 1186/362/563
f 1180/365/563 1218/368/563 1214/367/563 1176/366/563
f 1224/369/563 1225/370/563 1218/368/563 1180/365/563
f 1185/371/563 1221/372/563 1223/358/563 1187/355/563
f 1179/359/563 1217/360/563 1215/374/563 1177/373/563
f 1186/362/563 1222/363/563 1220/376/563 1184/375/563
f 1226/377/563 1227/380/563 1211/379/563 1173/378/563
f 1177/373/563 1215/374/563 1219/382/563 1181/381/563
f 1176/366/563 1214/367/563 1216/384/563 1178/383/563
f 1178/383/563 1216/384/563 1213/364/563 1175/361/563
f 1185/371/563 1194/385/563 1208/354/563 1221/372/563
f 1184/375/563 1220/376/563 1207/352/563 1193/386/563
f 1183/387/563 1193/386/563 1207/352/563
f 1194/385/563 1182/388/563 1208/354/563
f 1207/352/563 1200/345/563 1369/389/563 1183/387/563
f 1208/354/563 1182/388/563 1377/390/563 1201/344/563
f 1173/378/563 1211/379/563 1225/370/563 1224/369/563
f 1181/381/563 1219/382/563 1227/380/563 1226/377/563
f 1225/370/563 1211/379/563 1230/391/563
f 1211/379/563 1227/380/563 1231/392/563
f 1211/379/563 1231/392/563 1252/393/563 1230/391/563
f 1230/391/563 1252/393/563 1253/395/563 1228/394/563
f 1231/392/563 1229/397/563 1254/396/563 1252/393/563
f 1236/398/563 1257/400/563 1242/399/563
f 1237/401/563 1243/403/563 1258/402/563
f 1243/403/563 1241/405/563 1233/404/563 1258/402/563
f 1242/399/563 1257/400/563 1232/407/563 1240/406/563
f 1238/408/563 1246/409/563 1240/406/563 1232/407/563
f 1239/410/563 1233/404/563 1241/405/563 1247/411/563
f 1234/412/563 1239/410/563 1247/411/563 1245/413/563
f 1235/414/563 1244/415/563 1246/409/563 1238/408/563
f 1255/416/563 1250/417/563 1244/415/563 1235/414/563
f 1250/417/563 1255/416/563 1248/418/563
f 1245/413/563 1251/419/563 1234/412/563
f 1256/420/563 1234/412/563 1251/419/563 1249/421/563
f 1249/421/563 1254/396/563 1229/397/563 1256/420/563
f 1248/418/563 1255/416/563 1228/394/563 1253/395/563
f 1274/341/561 1282/342/561 1289/342/561 1283/341/561
f 1276/343/561 1278/344/561 1287/344/561 1285/343/561
f 1282/342/561 1276/343/561 1285/343/561 1289/342/561
f 1277/345/561 1275/346/561 1284/346/561 1286/345/561
f 1275/346/561 1281/347/561 1288/347/561 1284/346/561
f 1281/347/561 1274/341/561 1283/341/561 1288/347/561
f 1284/346/562 1288/347/562 1295/348/562 1291/349/562
f 1289/342/562 1285/343/562 1292/350/562 1296/351/562
f 1286/345/562 1284/346/562 1291/349/562 1293/352/562
f 1283/341/562 1289/342/562 1296/351/562 1290/353/562
f 1285/343/562 1287/344/562 1294/354/562 1292/350/562
f 1288/347/562 1283/341/562 1290/353/562 1295/348/562
f 1273/355/562 1260/356/562 1298/357/562 1309/358/562
f 1260/356/562 1265/359/562 1303/360/562 1298/357/562
f 1261/361/562 1272/362/562 1308/363/562 1299/364/562
f 1266/365/562 1262/366/562 1300/367/562 1304/368/562
f 1310/369/562 1266/365/562 1304/368/562 1311/370/562
f 1271/371/562 1273/355/562 1309/358/562 1307/372/562
f 1265/359/562 1263/373/562 1301/374/562 1303/360/562
f 1272/362/562 1270/375/562 1306/376/562 1308/363/562
f 1312/377/562 1259/378/562 1297/379/562 1313/380/562
f 1263/373/562 1267/381/562 1305/382/562 1301/374/562
f 1262/366/562 1264/383/562 1302/384/562 1300/367/562
f 1264/383/562 1261/361/562 1299/364/562 1302/384/562
f 1271/371/562 1307/372/562 1294/354/562 1280/385/562
f 1270/375/562 1279/386/562 1293/352/562 1306/376/562
f 1269/387/562 1293/352/562 1279/386/562
f 1280/385/562 1294/354/562 1268/388/562
f 1293/352/562 1269/387/562 1370/389/562 1286/345/562
f 1294/354/562 1287/344/562 1378/390/562 1268/388/562
f 1259/378/562 1310/369/562 1311/370/562 1297/379/562
f 1267/381/562 1312/377/562 1313/380/562 1305/382/562
f 1311/370/562 1316/391/562 1297/379/562
f 1297/379/562 1317/392/562 1313/380/562
f 1297/379/562 1316/391/562 1338/393/562 1317/392/562
f 1316/391/562 1314/394/562 1339/395/562 1338/393/562
f 1317/392/562 1338/393/562 1340/396/562 1315/397/562
f 1322/398/562 1328/399/562 1343/400/562
f 1323/401/562 1344/402/562 1329/403/562
f 1329/403/562 1344/402/562 1319/404/562 1327/405/562
f 1328/399/562 1326/406/562 1318/407/562 1343/400/562
f 1324/408/562 1318/407/562 1326/406/562 1332/409/562
f 1325/410/562 1333/411/562 1327/405/562 1319/404/562
f 1320/412/562 1331/413/562 1333/411/562 1325/410/562
f 1321/414/562 1324/408/562 1332/409/562 1330/415/562
f 1341/416/562 1321/414/562 1330/415/562 1336/417/562
f 1336/417/562 1334/418/562 1341/416/562
f 1331/413/562 1320/412/562 1337/419/562
f 1342/420/562 1335/421/562 1337/419/562 1320/412/562
f 1335/421/562 1342/420/562 1315/397/562 1340/396/562
f 1334/418/562 1339/395/562 1314/394/562 1341/416/562
f 1195/347/564 1188/341/564 1274/341/564 1281/347/564
f 1228/394/565 1255/416/565 1341/416/565 1314/394/565
f 1257/400/566 1236/398/566 1322/398/566 1343/400/566
f 1196/342/567 1190/343/567 1276/343/567 1282/342/567
f 1256/420/568 1229/397/568 1315/397/568 1342/420/568
f 1258/402/569 1344/402/569 1323/401/569 1237/401/569
f 1184/375/570 1193/386/570 1279/386/570 1270/375/570
f 1232/407/571 1257/400/571 1343/400/571 1318/407/571
f 1235/414/572 1238/408/572 1324/408/572 1321/414/572
f 1190/343/573 1192/344/573 1278/344/573 1276/343/573
f 1233/404/574 1319/404/574 1344/402/574 1258/402/574
f 1234/412/575 1320/412/575 1325/410/575 1239/410/575
f 1189/346/576 1195/347/576 1281/347/576 1275/346/576
f 1242/399/577 1240/406/577 1326/406/577 1328/399/577
f 1207/352/578 1220/376/578 1306/376/578 1293/352/578
f 1188/341/579 1196/342/579 1282/342/579 1274/341/579
f 1243/403/580 1329/403/580 1327/405/580 1241/405/580
f 1221/372/581 1208/354/581 1294/354/581 1307/372/581
f 1236/398/582 1242/399/582 1328/399/582 1322/398/582
f 1213/364/583 1216/384/583 1302/384/583 1299/364/583
f 1237/401/584 1323/401/584 1329/403/584 1243/403/584
f 1214/367/585 1218/368/585 1304/368/585 1300/367/585
f 1246/409/586 1244/415/586 1330/415/586 1332/409/586
f 1215/374/587 1217/360/587 1303/360/587 1301/374/587
f 1247/411/588 1333/411/588 1331/413/588 1245/413/588
f 1216/384/589 1214/367/589 1300/367/589 1302/384/589
f 1226/377/590 1173/378/590 1259/378/590 1312/377/590
f 1240/406/591 1246/409/591 1332/409/591 1326/406/591
f 1369/389/563 1200/345/563 1347/423/563 1371/422/563
f 1217/360/592 1212/357/592 1298/357/592 1303/360/592
f 1178/383/593 1175/361/593 1261/361/593 1264/383/593
f 1241/405/594 1327/405/594 1333/411/594 1247/411/594
f 1182/388/595 1268/388/595 1349/424/595 1345/424/595
f 1218/368/596 1225/370/596 1311/370/596 1304/368/596
f 1180/365/597 1176/366/597 1262/366/597 1266/365/597
f 1250/417/598 1248/418/598 1334/418/598 1336/417/598
f 1173/378/599 1224/369/599 1310/369/599 1259/378/599
f 1219/382/600 1215/374/600 1301/374/600 1305/382/600
f 1179/359/601 1177/373/601 1263/373/601 1265/359/601
f 1251/419/602 1337/419/602 1335/421/602 1249/421/602
f 1212/357/603 1223/358/603 1309/358/603 1298/357/603
f 1192/344/561 1201/344/561 1287/344/561 1278/344/561
f 1176/366/604 1178/383/604 1264/383/604 1262/366/604
f 1244/415/605 1250/417/605 1336/417/605 1330/415/605
f 1220/376/606 1222/363/606 1308/363/606 1306/376/606
f 1174/356/607 1179/359/607 1265/359/607 1260/356/607
f 1245/413/608 1331/413/608 1337/419/608 1251/419/608
f 1181/381/590 1226/377/590 1312/377/590 1267/381/590
f 1222/363/609 1213/364/609 1299/364/609 1308/363/609
f 1224/369/599 1180/365/599 1266/365/599 1310/369/599
f 1253/395/610 1252/393/610 1338/393/610 1339/395/610
f 1227/380/611 1219/382/611 1305/382/611 1313/380/611
f 1223/358/612 1221/372/612 1307/372/612 1309/358/612
f 1200/345/561 1191/345/561 1277/345/561 1286/345/561
f 1177/373/613 1181/381/613 1267/381/613 1263/373/613
f 1248/418/614 1253/395/614 1339/395/614 1334/418/614
f 1187/355/615 1174/356/615 1260/356/615 1273/355/615
f 1252/393/616 1254/396/616 1340/396/616 1338/393/616
f 1230/391/617 1228/394/617 1314/394/617 1316/391/617
f 1205/349/618 1207/352/618 1293/352/618 1291/349/618
f 1193/386/619 1183/387/619 1269/387/619 1279/386/619
f 1254/396/620 1249/421/620 1335/421/620 1340/396/620
f 1229/397/621 1231/392/621 1317/392/621 1315/397/621
f 1204/353/622 1209/348/622 1295/348/622 1290/353/622
f 1186/362/623 1184/375/623 1270/375/623 1272/362/623
f 1225/370/624 1230/391/624 1316/391/624 1311/370/624
f 1206/350/625 1210/351/625 1296/351/625 1292/350/625
f 1194/385/626 1185/371/626 1271/371/626 1280/385/626
f 1231/392/627 1227/380/627 1313/380/627 1317/392/627
f 1208/354/628 1206/350/628 1292/350/628 1294/354/628
f 1175/361/629 1186/362/629 1272/362/629 1261/361/629
f 1238/408/630 1232/407/630 1318/407/630 1324/408/630
f 1209/348/631 1205/349/631 1291/349/631 1295/348/631
f 1185/371/632 1187/355/632 1273/355/632 1271/371/632
f 1239/410/633 1325/410/633 1319/404/633 1233/404/633
f 1210/351/634 1204/353/634 1290/353/634 1296/351/634
f 1182/388/635 1194/385/635 1280/385/635 1268/388/635
f 1256/420/636 1342/420/636 1320/412/636 1234/412/636
f 1191/345/637 1189/346/637 1275/346/637 1277/345/637
f 1255/416/638 1235/414/638 1321/414/638 1341/416/638
f 1371/422/563 1347/423/563 1355/426/563 1373/425/563
f 1372/422/562 1350/428/562 1358/427/562 1374/425/562
f 1269/387/639 1183/387/639 1346/428/639 1350/428/639
f 1370/389/562 1269/387/562 1350/428/562 1372/422/562
f 1287/344/640 1201/344/640 1348/429/640 1352/429/640
f 1377/390/563 1182/388/563 1345/424/563 1379/430/563
f 1200/345/640 1286/345/640 1351/423/640 1347/423/640
f 1378/390/562 1287/344/562 1352/429/562 1380/430/562
f 1358/427/641 1354/427/641 1362/431/641 1366/431/641
f 1360/432/642 1356/432/642 1364/433/642 1368/433/642
f 1352/429/643 1348/429/643 1356/432/643 1360/432/643
f 1350/428/644 1346/428/644 1354/427/644 1358/427/644
f 1380/430/562 1352/429/562 1360/432/562 1382/434/562
f 1379/430/563 1345/424/563 1353/435/563 1381/434/563
f 1345/424/645 1349/424/645 1357/435/645 1353/435/645
f 1347/423/646 1351/423/646 1359/426/646 1355/426/646
f 1368/433/647 1364/433/647 1386/436/647 1388/436/647
f 1362/431/563 1375/439/563 1397/438/563 1394/437/563
f 1382/434/562 1360/432/562 1368/433/562 1384/440/562
f 1381/434/563 1353/435/563 1361/441/563 1383/440/563
f 1353/435/648 1357/435/648 1365/441/648 1361/441/648
f 1355/426/649 1359/426/649 1367/442/649 1363/442/649
f 1374/425/562 1358/427/562 1366/431/562 1376/439/562
f 1373/425/563 1355/426/563 1363/442/563 1375/439/563
f 1354/427/563 1373/425/563 1375/439/563 1362/431/563
f 1359/426/562 1374/425/562 1376/439/562 1367/442/562
f 1376/439/562 1366/431/562 1396/437/562 1398/438/562
f 1286/345/562 1370/389/562 1372/422/562 1351/423/562
f 1351/423/562 1372/422/562 1374/425/562 1359/426/562
f 1346/428/563 1371/422/563 1373/425/563 1354/427/563
f 1183/387/563 1369/389/563 1371/422/563 1346/428/563
f 1356/432/563 1381/434/563 1383/440/563 1364/433/563
f 1357/435/562 1382/434/562 1384/440/562 1365/441/562
f 1375/439/563 1363/442/563 1385/444/563 1389/443/563
f 1348/429/563 1379/430/563 1381/434/563 1356/432/563
f 1349/424/562 1380/430/562 1382/434/562 1357/435/562
f 1268/388/562 1378/390/562 1380/430/562 1349/424/562
f 1201/344/563 1377/390/563 1379/430/563 1348/429/563
f 1389/443/650 1385/444/650 1387/444/650 1390/443/650
f 1386/436/651 1391/445/651 1392/445/651 1388/436/651
f 1384/440/562 1368/433/562 1388/436/562 1392/445/562
f 1367/442/562 1376/439/562 1390/443/562 1387/444/562
f 1383/440/652 1384/440/652 1392/445/652 1391/445/652
f 1364/433/563 1383/440/563 1391/445/563 1386/436/563
f 1376/439/653 1375/439/653 1389/443/653 1390/443/653
f 1363/442/654 1367/442/654 1387/444/654 1385/444/654
f 1399/446/655 1393/447/655 1395/447/655 1400/446/655
f 1394/437/656 1397/438/656 1398/438/656 1396/437/656
f 1366/431/657 1362/431/657 1394/437/657 1396/437/657
f 1365/441/562 1384/440/562 1400/446/562 1395/447/562
f 1383/440/563 1361/441/563 1393/447/563 1399/446/563
f 1384/440/658 1383/440/658 1399/446/658 1400/446/658
f 1361/441/659 1365/441/659 1395/447/659 1393/447/659
f 1375/439/660 1376/439/660 1398/438/660 1397/438/660
f 1408/448/661 1407/448/661 1403/449/661 1404/449/661
f 1406/450/662 1405/450/662 1402/451/662 1401/451/662
f 1397/438/663 1398/438/663 1405/450/663 1406/450/663
f 1400/446/664 1399/446/664 1407/448/664 1408/448/664
f 1406/450/563 1394/437/563 1397/438/563
f 1406/450/563 1401/451/563 1394/437/563
f 1393/447/563 1407/448/563 1399/446/563
f 1408/448/562 1395/447/562 1400/446/562
f 1408/448/562 1404/449/562 1395/447/562
f 1407/448/563 1393/447/563 1403/449/563
f 1405/450/562 1398/438/562 1396/437/562
f 1405/450/562 1396/437/562 1402/451/562
f 1395/447/669 1404/449/669 1416/453/669 1411/452/669
f 1404/449/666 1403/449/666 1415/453/666 1416/453/666
f 1396/437/667 1394/437/667 1410/454/667 1412/454/667
f 1402/451/670 1396/437/670 1412/454/670 1414/455/670
f 1403/449/665 1393/447/665 1409/452/665 1415/453/665
f 1394/437/668 1401/451/668 1413/455/668 1410/454/668
f 1393/447/671 1395/447/671 1411/452/671 1409/452/671
f 1401/451/672 1402/451/672 1414/455/672 1413/455/672
f 1412/454/673 1410/454/673 1418/456/673 1420/456/673
f 1414/455/562 1412/454/562 1420/456/562 1422/457/562
f 1411/452/562 1416/453/562 1424/459/562 1419/458/562
f 1416/453/674 1415/453/674 1423/459/674 1424/459/674
f 1409/452/675 1411/452/675 1419/458/675 1417/458/675
f 1415/453/563 1409/452/563 1417/458/563 1423/459/563
f 1410/454/563 1413/455/563 1421/457/563 1418/456/563
f 1413/455/676 1414/455/676 1422/457/676 1421/457/676
f 1424/459/677 1423/459/677 1427/460/677 1428/460/677
f 1421/457/678 1422/457/678 1426/461/678 1425/461/678
f 1421/457/563 1425/461/563 1418/456/563
f 1417/458/563 1427/460/563 1423/459/563
f 1420/456/562 1426/461/562 1422/457/562
f 1424/459/562 1428/460/562 1419/458/562
f 1428/460/679 1427/460/679 1431/462/679 1432/462/679
f 1425/461/680 1426/461/680 1430/463/680 1429/463/680
f 1417/458/640 1419/458/640 1435/464/640 1433/464/640
f 1420/456/640 1418/456/640 1434/465/640 1436/465/640
f 1418/456/563 1425/461/563 1429/463/563 1434/465/563
f 1417/458/563 1433/464/563 1431/462/563 1427/460/563
f 1420/456/562 1436/465/562 1430/463/562 1426/461/562
f 1419/458/562 1428/460/562 1432/462/562 1435/464/562
f 1436/465/681 1434/465/681 1442/466/681 1444/466/681
f 1435/464/562 1432/462/562 1440/468/562 1443/467/562
f 1431/462/563 1433/464/563 1441/467/563 1439/468/563
f 1429/463/682 1430/463/682 1438/469/682 1437/469/682
f 1433/464/683 1435/464/683 1443/467/683 1441/467/683
f 1430/463/562 1436/465/562 1444/466/562 1438/469/562
f 1434/465/563 1429/463/563 1437/469/563 1442/466/563
f 1432/462/684 1431/462/684 1439/468/684 1440/468/684
f 1439/468/563 1441/467/563 1448/471/563 1454/470/563
f 1441/467/685 1443/467/685 1450/471/685 1448/471/685
f 1440/468/686 1439/468/686 1454/470/686 1455/470/686
f 1438/469/562 1444/466/562 1451/473/562 1453/472/562
f 1442/466/563 1437/469/563 1452/472/563 1449/473/563
f 1444/466/687 1442/466/687 1449/473/687 1451/473/687
f 1437/469/688 1438/469/688 1453/472/688 1452/472/688
f 1443/467/562 1440/468/562 1455/470/562 1450/471/562
f 1451/473/689 1449/473/689 1476/474/689 1477/474/689
f 1450/471/690 1479/475/690 1478/475/690 1448/471/690
f 1455/470/691 1454/470/691 1458/476/691 1459/476/691
f 1452/472/692 1453/472/692 1457/477/692 1456/477/692
f 1449/473/563 1452/472/563 1456/477/563
f 1454/470/563 1448/471/563 1458/476/563
f 1453/472/562 1451/473/562 1457/477/562
f 1450/471/562 1455/470/562 1459/476/562
f 1480/478/693 1446/478/693 1462/479/693 1463/479/693
f 1447/480/694 1445/480/694 1461/481/694 1460/481/694
f 1471/482/695 1470/482/695 1466/483/695 1467/483/695
f 1469/484/696 1468/484/696 1465/485/696 1464/485/696
f 1460/481/697 1461/481/697 1468/484/697 1469/484/697
f 1463/479/698 1462/479/698 1470/482/698 1471/482/698
f 1467/483/561 1466/483/561 1474/486/561 1475/486/561
f 1464/485/561 1465/485/561 1473/487/561 1472/487/561
f 1475/486/699 1474/486/699 1478/475/699 1479/475/699
f 1472/487/700 1473/487/700 1477/474/700 1476/474/700
f 1456/477/701 1457/477/701 1445/480/701 1447/480/701
f 1459/476/702 1458/476/702 1446/478/702 1480/478/702
f 1445/480/704 1457/477/704 1451/473/704 1477/474/704
f 1449/473/703 1456/477/703 1447/480/703 1476/474/703
f 1460/481/706 1472/487/706 1476/474/706 1447/480/706
f 1469/484/563 1464/485/563 1472/487/563 1460/481/563
f 1465/485/562 1468/484/562 1461/481/562 1473/487/562
f 1445/480/705 1477/474/705 1473/487/705 1461/481/705
f 1446/478/709 1458/476/709 1448/471/709 1478/475/709
f 1446/478/710 1478/475/710 1474/486/710 1462/479/710
f 1466/483/563 1470/482/563 1462/479/563 1474/486/563
f 1450/471/707 1459/476/707 1480/478/707 1479/475/707
f 1463/479/708 1475/486/708 1479/475/708 1480/478/708
f 1471/482/562 1467/483/562 1475/486/562 1463/479/562
o BladeTeeth
v -0.934944 96.841347 23.206587
v -1.061165 68.365913 23.206587
v -0.934944 96.841347 -23.206587
v -1.061165 68.365913 -23.206587
v 0.952638 96.841347 23.206585
v 0.826417 68.365921 23.206585
v 0.952638 96.841347 -23.206585
v 0.826417 68.365921 -23.206585
vn -1.0000 0.0044 -0.0000
vn 1.0000 -0.0044 -0.0000
vt 0.397142 0.593444
vt 0.638319 0.593444
vt 0.638319 0.445477
vt 0.397142 0.445477
vt 0.397142 0.445477
vt 0.638319 0.445477
s 0
usemtl Material
f 1481/488/711 1483/489/711 1484/490/711 1482/491/711
f 1485/488/712 1486/492/712 1488/493/712 1487/489/712
o GuardDecal
v -0.852680 43.725872 25.083248
v -1.143429 -21.866955 25.083248
v -0.852680 43.725872 -25.083248
v -1.143429 -21.866955 -25.083248
v 1.187663 43.736107 25.083246
v 0.896914 -21.856720 25.083246
v 1.187663 43.736107 -25.083246
v 0.896914 -21.856720 -25.083246
vn -1.0000 0.0044 -0.0000
vn 1.0000 -0.0044 -0.0000
vt 0.387390 0.351891
vt 0.648071 0.351891
vt 0.648071 0.011050
vt 0.387390 0.011050
vt 0.387390 0.351944
vt 0.387390 0.011103
vt 0.648071 0.011103
vt 0.648071 0.351944
s 0
usemtl Material
f 1489/494/713 1491/495/713 1492/496/713 1490/497/713
f 1493/498/714 1494/499/714 1496/500/714 1495/501/714
