# Blender 3.6.22
# www.blender.org
mtllib xephiro_keyblade.mtl
o Keyblade
v 0.149562 3.144478 0.000000
v 0.149562 5.144478 0.000000
v 0.138177 3.144478 0.103639
v 0.138177 5.144478 0.103639
v 0.105756 3.144478 0.191499
v 0.105756 5.144478 0.191499
v 0.029178 3.144478 0.265617
v 0.057235 5.144478 0.250206
v 0.029178 5.144478 0.265617
v 0.000000 3.144478 0.270820
v 0.000000 5.144478 0.270820
v -0.029178 5.144478 0.265617
v 0.112330 5.667664 0.323085
v 0.000000 3.554981 1.023600
v 0.000000 5.204372 0.578687
v 0.000000 5.042499 0.732148
v 0.000000 4.647341 1.050970
v 0.000000 4.144057 1.161750
v 0.000000 3.778664 1.164199
v 0.000000 3.601254 1.097543
v 0.000000 3.338353 0.949708
v 0.000000 2.848421 0.591129
v 0.000000 2.872538 0.498530
v 0.000000 2.954960 0.395960
v 0.000000 3.038343 0.342843
v 0.050790 3.037690 0.310296
v 0.124638 3.029655 0.208716
v 0.161409 3.005330 0.081746
v 0.175586 3.005066 0.000000
v 0.000000 2.954960 0.395960
v 0.063598 2.947894 0.372466
v 0.137956 2.931954 0.313298
v 0.163692 2.913405 0.231777
v 0.209292 2.900156 0.000000
v 0.173533 2.834085 0.245991
v 0.130477 2.885701 0.330243
v 0.069766 2.913614 0.387238
v 0.000000 2.917961 0.415123
v 0.052396 2.828997 0.489414
v 0.071576 2.857727 0.430836
v 0.000000 2.890097 0.447993
v 0.000000 2.833045 0.550730
v 0.000000 3.123456 0.734467
v 0.000000 3.024911 0.635611
v 0.000000 2.933877 0.609514
v 0.000000 3.247440 0.874505
v 0.000000 3.572307 0.994176
v 0.000000 3.430936 1.014267
v 0.000000 3.289080 0.912407
v 0.000000 3.163189 0.799169
v 0.000000 3.096443 0.680068
v 0.130657 2.796957 0.386258
v 0.215888 5.634306 0.000000
v 0.170368 5.237092 0.000000
v 0.192808 5.337032 0.000000
v 0.165336 5.201336 0.000000
v 0.000000 5.247968 0.353517
v 0.000000 5.194391 0.320020
v 0.000000 5.310458 0.391874
v 0.180913 5.656372 0.214606
v 0.192688 5.646450 0.109635
v 0.141064 5.201527 0.150852
v 0.151038 5.201479 0.103065
v 0.070532 5.197959 0.272734
v 0.116146 5.199743 0.226544
v 0.000000 5.461975 0.785955
v 0.000000 5.551266 0.823351
v 0.000000 5.659636 0.884405
v 0.000000 3.548439 1.047852
v 0.000000 3.558947 1.083297
v 0.000000 3.521761 1.003162
v 0.000000 3.473169 1.014014
v 0.000000 3.374045 0.992057
v 0.000000 4.816805 0.964294
v 0.000000 5.131386 0.677058
v 0.000000 5.062738 0.730904
v 0.000000 5.173179 0.634939
v 0.149562 4.908593 0.000000
v 0.138177 4.908593 0.064381
v 0.105756 4.908593 0.118960
v 0.057235 4.908593 0.155429
v 0.029178 4.908593 0.165003
v 0.000000 4.908593 0.168235
v -0.029178 4.908593 0.165003
v 0.149562 5.016001 0.000000
v 0.138177 5.016001 0.069675
v 0.105756 5.016001 0.128743
v 0.057235 5.016001 0.168210
v 0.029178 5.016001 0.178571
v 0.000000 5.016001 0.182070
v -0.029178 5.016001 0.178571
v 0.149562 3.701470 0.000000
v 0.138177 3.701470 0.073171
v 0.105756 3.701470 0.135202
v 0.057235 3.701470 0.176649
v 0.029178 3.701470 0.187530
v 0.000000 3.701470 0.191204
v 0.149562 3.480636 0.000000
v 0.138177 3.600566 0.082626
v 0.105756 3.480636 0.197571
v 0.057235 3.480636 0.258139
v 0.029178 3.480636 0.274039
v 0.000000 3.480636 0.279408
v 0.149562 3.600566 0.000000
v 0.105756 3.600566 0.152673
v 0.057235 3.600566 0.199477
v 0.029178 3.600566 0.211764
v 0.000000 3.600566 0.215913
v 0.149562 4.595260 0.000000
v 0.138177 4.595260 0.097067
v 0.105756 4.595260 0.179357
v 0.057235 4.595260 0.234341
v 0.029178 4.595260 0.248775
v 0.000000 4.595260 0.253649
v 0.149562 4.750112 0.000000
v 0.138177 4.750112 0.064367
v 0.105756 4.750112 0.118935
v 0.057235 4.750112 0.155396
v 0.029178 4.750112 0.164967
v 0.000000 4.750112 0.168199
v 0.149562 4.685425 0.000000
v 0.138177 4.685425 0.070284
v 0.105756 4.685425 0.129868
v 0.057235 4.685425 0.169680
v 0.029178 4.685425 0.180132
v 0.000000 4.685425 0.183661
v 0.149562 4.202806 0.000000
v 0.138177 4.202806 0.060741
v 0.105756 4.202806 0.112235
v 0.057235 4.202806 0.146642
v 0.029178 4.202806 0.155674
v 0.000000 4.202806 0.158724
v 0.149562 4.486518 0.000000
v 0.138177 4.486518 0.081748
v 0.105756 4.486518 0.151051
v 0.057235 4.486518 0.197357
v 0.029178 4.486518 0.209514
v 0.000000 4.486518 0.213618
v 0.000000 5.145775 0.555235
v 0.000000 5.167713 0.542412
v 0.000000 4.935991 0.589095
v 0.000000 5.026529 0.612650
v 0.000000 5.109338 0.589463
v 0.000000 5.131973 0.576766
v 0.000000 4.988473 0.603449
v 0.000000 5.028001 0.552291
v 0.000000 5.133261 0.401394
v 0.000000 5.083575 0.493772
v 0.000000 5.076583 0.402130
v 0.000000 4.997822 0.450711
v 0.000000 4.969851 0.510334
v 0.000000 4.963226 0.452920
v 0.000000 5.023585 0.341035
v 0.000000 4.980155 0.399922
v 0.000000 5.127373 0.280676
v 0.000000 5.079159 0.307911
v 0.000000 4.989945 0.575110
v 0.000000 5.060205 0.528331
v 0.000000 5.072351 0.607240
v 0.000000 4.937755 0.839937
v 0.000000 4.884433 0.886408
v 0.000000 4.334153 1.132032
v 0.000000 3.921017 1.197174
v 0.000000 5.638268 0.449396
v 0.000000 5.795990 0.459572
v 0.000000 5.889249 0.474225
v 0.000000 5.478001 0.562346
v 0.000000 5.651495 0.612970
v 0.000000 5.827534 0.615768
v 0.000000 5.574161 0.666137
v 0.000000 5.372684 0.763823
v 0.000000 5.468080 0.705059
v 0.000000 5.270418 0.887457
v 0.000000 5.399395 0.875246
v 0.000000 5.518831 0.864562
v 0.000000 5.137626 1.008039
v 0.000000 5.128468 1.062987
v 0.000000 4.908674 1.279728
v 0.000000 5.029561 1.184179
v 0.000000 5.194864 0.931263
v 0.000000 5.161437 1.347864
v 0.000000 4.796579 1.512709
v 0.000000 4.973514 1.377536
v 0.000000 4.963623 1.502819
v 0.000000 5.045496 1.386878
v 0.000000 5.077916 1.453915
v 0.000000 4.882299 1.523149
v 0.000000 4.030132 1.478443
v 0.000000 4.357379 1.442520
v 0.000000 4.610304 1.384679
v 0.000000 4.721025 1.409132
v 0.000000 4.156430 1.469300
v 0.000000 4.453427 1.421770
v 0.000000 3.239492 1.343040
v 0.000000 3.885535 1.414901
v 0.000000 3.944330 1.469300
v 0.000000 3.734426 1.362700
v 0.000000 3.500621 1.303630
v 0.000000 3.385916 1.307065
v 0.000000 3.293100 1.319123
v 0.000000 3.117355 1.503917
v 0.000000 3.174502 1.367645
v 0.000000 3.211867 1.079716
v 0.000000 3.234945 1.225878
v 0.000000 3.240989 1.139609
v 0.000000 3.217911 1.287970
v 0.000000 3.040428 1.148291
v 0.000000 3.016690 1.322368
v 0.000000 3.004821 1.201042
v 0.000000 3.083947 1.092903
v 0.000000 3.150544 1.057297
v 0.000000 3.002843 1.261705
v 0.000000 2.924376 1.177304
v 0.000000 2.967896 1.276211
v 0.000000 3.058890 0.892451
v 0.000000 2.963939 1.017734
v 0.000000 2.597323 0.657712
v 0.000000 2.812282 0.827832
v 0.000000 2.922398 0.903661
v 0.000000 2.716671 0.752003
v 0.000000 3.003502 0.944542
v 0.000000 2.933608 1.089606
v 0.000000 2.502373 0.525835
v 0.000000 2.407422 0.312196
v 0.000000 2.407422 0.000000
v 0.000000 6.063252 0.582290
v 0.000000 5.962514 0.539247
v 0.000000 6.180476 0.602438
v 0.000000 6.079737 0.498036
v 0.000000 6.115454 0.555732
v 0.000000 6.240919 0.534668
v 0.000000 6.453386 0.769115
v 0.000000 6.348069 0.649144
v 0.000000 6.198792 0.501699
v 0.000000 6.130106 0.487046
v 0.000000 6.389738 0.710045
v 0.000000 6.305484 0.575421
v 0.000000 6.574273 0.820400
v 0.000000 6.508335 0.804617
v 0.000000 6.594420 0.514520
v 0.000000 6.524819 0.760872
v 0.000000 6.500093 0.710961
v 0.000000 6.456592 0.645710
v 0.000000 6.442167 0.543483
v 0.000000 6.462430 0.492369
v 0.000000 6.512856 0.474139
v 0.000000 6.559134 0.481508
v 0.000000 6.971733 0.547489
v 0.000000 7.413518 0.547489
v 0.000000 7.119961 0.837103
v 0.000000 7.397034 0.655188
v 0.000000 7.333843 0.766184
v 0.000000 7.290889 0.826099
v 0.000000 7.219496 0.858459
v 0.000000 7.290434 0.943118
v 0.000000 7.183834 0.914545
v 0.000000 7.237134 0.939821
v 0.000000 7.483852 0.874982
v 0.000000 7.395935 0.933227
v 0.000000 7.815741 0.362863
v 0.000000 7.739913 0.403524
v 0.000000 7.660237 0.494189
v 0.000000 7.616004 0.618648
v 0.000000 7.622460 0.707252
v 0.000000 7.577333 0.663637
v 0.000000 7.539385 0.778101
v 0.000000 7.518212 0.826541
v 0.000000 7.542974 0.701087
v 0.000000 8.755360 0.368357
v 0.000000 10.845984 0.504243
v 0.000000 10.818001 0.552895
v 0.000000 10.865859 0.519824
v 0.000000 12.742463 0.112016
v 0.000000 12.577882 0.176900
v 0.000000 6.378889 0.249633
v 0.000000 6.403180 0.222398
v 0.000000 6.537883 0.192218
v 0.000000 6.700558 0.249633
v 0.000000 6.700558 0.249633
v 0.000000 6.637255 0.209884
v 0.000000 6.590881 0.167927
v 0.000000 6.422318 0.143637
v 0.000000 6.247129 0.198107
v 0.000000 6.285406 0.180441
v 0.000000 6.348709 0.157622
v 0.000000 6.528682 0.151365
v 0.000000 6.466851 0.203996
v 0.000000 6.431334 0.211356
v 0.000000 6.388090 0.233071
v 0.000000 6.538987 0.260674
v 0.000000 6.633759 0.259570
v 0.000000 6.457466 0.258098
v 0.000000 6.587569 0.191482
v 0.000000 6.169105 0.217245
v 0.000000 6.207381 0.211356
v 0.000000 6.248602 0.111249
v 0.000000 6.215478 0.134804
v 0.000000 6.183090 0.170136
v 0.000000 6.170945 0.185593
v 0.000000 6.020415 0.185593
v 0.000000 6.171312 0.127811
v 0.000000 6.100280 0.162591
v 0.000000 6.069917 0.178509
v 0.000000 5.892202 0.123318
v 0.000000 5.829927 0.050054
v 0.000000 5.817106 0.000000
v 0.100686 5.343091 0.314304
v 0.158793 5.340062 0.214567
v 0.186113 5.338547 0.108223
v 0.000000 5.279213 0.372695
v 0.129738 5.233697 0.202374
v 0.162945 5.235394 0.101187
v 0.084832 5.275855 0.290563
v 0.097280 5.238183 0.281479
v 0.000000 5.589050 0.458173
v 0.000000 5.522926 0.489060
v 0.000000 5.494280 0.517753
v 0.000000 5.519594 0.582711
v 0.000000 5.586322 0.603494
v 0.000000 5.713793 0.617372
v 0.095818 5.787826 0.000000
v 0.095818 5.787826 0.000000
v 0.065797 5.836524 0.123436
v 0.061867 6.003151 0.220105
v 0.013422 6.192127 0.135604
v 0.013422 6.147399 0.164996
v 0.013422 6.123971 0.185017
v 0.032976 6.122565 0.249424
v 0.025104 6.118348 0.442647
v 0.057297 6.121160 0.313832
v 0.058917 6.119754 0.378239
v 0.025104 6.207803 0.464116
v 0.025104 6.264031 0.496831
v 0.017650 6.209336 0.240223
v 0.017650 6.165887 0.244824
v 0.044209 6.208570 0.384884
v 0.064714 6.208953 0.312554
v 0.025104 5.989533 0.472295
v 0.025104 6.013047 0.507565
v 0.020009 6.088189 0.564817
v 0.064622 6.002414 0.293794
v 0.043846 5.801218 0.387645
v 0.034475 5.902736 0.414635
v 0.139262 2.413752 0.000000
v 0.193067 2.499208 0.000000
v 0.193067 2.499208 0.332329
v 0.131977 2.422385 0.312196
v 0.026198 2.797827 0.556398
v 0.121112 2.500790 0.449161
v 0.101580 2.603069 0.525835
v 0.087056 2.671083 0.614166
v 0.000000 6.832435 0.123251
v 0.000000 6.787696 0.206581
v 0.000000 6.863173 0.078733
v 0.000000 6.839854 0.049054
v 0.000000 6.816852 0.046072
v 0.000000 6.799387 0.059703
v 0.000000 6.801091 0.089095
v 0.000000 6.793423 0.075251
v 0.000000 6.785330 0.080576
v 0.000000 6.779792 0.065241
v 0.000000 6.786181 0.044368
v 0.000000 6.799813 0.032441
v 0.000000 6.818130 0.023921
v 0.000000 6.805777 0.022217
v 0.000000 6.795553 0.026051
v 0.000000 6.789164 0.031163
v 0.000000 6.781922 0.033293
v 0.000000 6.774681 0.032441
v 0.000000 6.767865 0.026477
v 0.000000 6.775533 0.027755
v 0.000000 6.781496 0.025199
v 0.000000 6.790015 0.019235
v 0.000000 6.800239 0.012846
v 0.000000 6.814722 0.009438
v 0.000000 6.831335 0.000000
v 0.000000 5.193462 0.543590
v 0.000000 5.200436 0.611053
v 0.000000 5.101854 0.709129
v 0.000000 4.995238 0.784978
v 0.025104 6.256303 0.226687
v 0.065959 6.260167 0.308392
v 0.066134 6.262099 0.387887
v 0.025104 6.329666 0.538543
v 0.018063 6.386468 0.611538
v 0.018063 6.423272 0.677786
v 0.014383 6.471853 0.738881
v 0.011438 6.517491 0.780838
v 0.025104 6.334696 0.497567
v 0.012552 6.401937 0.488957
v 0.025104 6.335579 0.226392
v 0.073204 6.335138 0.301915
v 0.052428 6.334917 0.387375
v 0.012552 6.458468 0.464224
v 0.012552 6.515000 0.449208
v 0.012552 6.582131 0.458041
v 0.012552 6.614814 0.481007
v 0.023340 6.976086 0.503090
v 0.023340 7.464128 0.500440
v 0.023340 7.442045 0.629402
v 0.023340 7.383747 0.753948
v 0.000000 7.175028 0.859264
v 0.000000 7.149247 0.881124
v 0.023340 7.331632 0.834329
v 0.023340 7.242418 0.903227
v 0.023340 7.176170 0.880261
v 0.023340 7.297183 0.908527
v 0.000000 7.258725 0.850229
v 0.023340 7.287025 0.876728
v 0.023340 7.398764 0.890861
v 0.023340 7.467661 0.845812
v 0.023340 7.513593 0.765431
v 0.023340 7.495044 0.810922
v 0.023340 7.515360 0.696534
v 0.014433 7.399470 0.820550
v 0.014433 7.468368 0.678514
v 0.014433 7.436039 0.783451
v 0.014433 7.462803 0.725683
v 0.023340 7.589558 0.627636
v 0.023340 7.631956 0.481360
v 0.023340 7.733713 0.349924
v 0.041098 7.848189 0.316005
v 0.034696 7.973619 0.308056
v 0.034696 8.222712 0.270074
v 0.023340 8.226244 0.326605
v 0.034696 8.054883 0.308497
v 0.025104 6.365009 0.199158
v 0.025104 6.390925 0.185981
v 0.000000 6.383757 0.148433
v 0.025104 6.425627 0.178074
v 0.021191 6.466917 0.174121
v 0.000000 6.468472 0.144865
v 0.018199 6.534122 0.171046
v 0.011304 6.590786 0.178513
v 0.073204 6.375988 0.302266
v 0.063382 6.459007 0.303320
v 0.032767 6.541587 0.303584
v 0.062766 6.546287 0.385266
v 0.073204 6.509653 0.385266
v 0.073204 6.450221 0.409513
v 0.073204 6.401003 0.427962
v 0.032767 6.636466 0.300421
v 0.032767 6.710244 0.290402
v 0.032767 6.809525 0.236663
v 0.032767 6.867819 0.139203
v 0.032767 6.914272 0.075444
v 0.032767 6.888444 0.000000
v 0.032767 6.888444 0.000000
v 0.012033 6.810083 0.039503
v 0.009649 6.793612 0.048959
v 0.009134 6.787658 0.066139
v 0.013042 6.823047 0.034775
v 0.008894 6.789864 0.078054
v 0.007372 6.821107 0.014515
v 0.004012 6.805643 0.017269
v 0.003045 6.793992 0.021506
v 0.003290 6.785307 0.028496
v 0.002331 6.777681 0.030403
v 0.062766 6.639192 0.383080
v 0.103936 6.984582 0.383080
v 0.000000 6.787449 0.545214
v 0.017946 6.795450 0.504071
v 0.062766 6.807515 0.398382
v 0.114578 6.997307 0.000000
v 0.138399 7.728920 0.000000
v 0.063638 7.477192 0.393259
v 0.138399 8.225144 0.000000
v 0.048294 8.746262 0.250399
v 0.034696 8.747355 0.251492
v 0.048294 8.739703 0.167331
v 0.086547 8.226113 0.156897
v 0.060621 8.480722 0.159928
v 0.000000 8.872007 0.359967
v 0.048294 8.747355 0.251492
v 0.048294 8.858788 0.247715
v 0.021100 10.805279 0.540727
v 0.034696 10.832478 0.483167
v 0.034696 10.866002 0.490125
v 0.045964 12.859636 0.000000
v 0.080611 12.638591 0.000000
v 0.080611 12.638591 0.000000
v 0.080611 12.391093 0.165905
v 0.096516 12.366766 0.091144
v 0.126765 12.350290 0.000000
v 0.112330 5.437383 0.484267
v 0.112330 5.424479 0.573074
v 0.076562 5.482773 0.614408
v 0.030655 5.584635 0.631519
v 0.076562 5.467744 0.674784
v 0.112330 5.331877 0.734748
v 0.097962 5.294684 0.776495
v 0.058013 5.357646 0.813838
v 0.000000 5.708717 0.648822
v 0.000000 5.647997 0.656168
v 0.025846 5.654150 0.632831
v 0.021303 5.719731 0.631519
v 0.100686 5.352579 0.477707
v 0.100686 5.335185 0.572059
v 0.034592 5.439348 0.823853
v 0.024009 5.541079 0.844937
v 0.048922 5.274890 0.841247
v 0.048922 5.182208 0.882098
v 0.061917 5.102702 0.982688
v 0.034296 5.129670 0.995812
v 0.033717 5.191014 0.909902
v 0.024908 5.092449 0.566134
v 0.023844 5.027368 0.585587
v 0.022674 5.130250 0.523867
v 0.024734 5.112628 0.549716
v 0.026921 5.236493 0.507754
v 0.024908 5.096244 0.536405
v 0.024908 5.109527 0.499086
v 0.024908 5.183533 0.383333
v 0.024908 5.163924 0.366255
v 0.024908 5.077900 0.370683
v 0.013810 4.993774 0.420652
v 0.013810 4.978594 0.451014
v 0.015897 4.997006 0.590647
v 0.024376 5.064336 0.575228
v 0.024908 5.141153 0.312490
v 0.026921 5.285830 0.434381
v 0.042531 5.234682 0.408857
v 0.067660 5.247560 0.693774
v 0.067660 5.138259 0.806111
v 0.056194 5.100499 0.768507
v 0.056402 5.223998 0.652413
v 0.061917 4.984293 0.879459
v 0.083935 5.043498 0.931073
v 0.053033 5.038548 0.812900
v 0.000000 5.148556 1.018969
v 0.000000 5.141584 1.057522
v 0.044064 5.120562 1.061417
v 0.022055 5.138653 1.052763
v 0.046999 5.133254 1.015810
v 0.023286 5.145689 1.018295
v 0.078431 5.096954 1.005744
v 0.083795 5.089746 1.035684
v 0.102500 5.026234 0.954790
v 0.089782 4.958150 0.900322
v 0.000000 4.899673 0.849995
v 0.097691 5.001824 0.985082
v 0.064017 5.012362 1.166106
v 0.083795 4.932879 0.923094
v 0.083795 4.987399 1.127489
v 0.097691 4.915730 1.063709
v 0.080533 4.866268 1.014001
v 0.000000 4.979220 1.238103
v 0.000000 4.760765 0.999890
v 0.058725 4.807063 1.054989
v 0.074276 4.859258 1.111983
v 0.064290 4.930927 1.175763
v 0.043244 4.954979 1.210737
v -0.000163 4.926989 1.252553
v 0.000311 4.953527 1.251664
v 0.055011 4.893956 1.228474
v 0.074276 4.819725 1.156275
v 0.000000 4.731989 1.041243
v 0.049416 4.771436 1.090632
v 0.000000 4.710563 1.058189
v 0.000000 4.676148 1.061695
v 0.000000 4.659102 1.060367
v 0.000000 4.627702 1.062408
v 0.000000 4.584767 1.078317
v 0.000000 4.500023 1.098736
v 0.000000 4.423493 1.109365
v 0.000000 4.925312 1.340698
v 0.000000 4.746682 1.478767
v 0.000000 5.103467 1.371402
v 0.000000 5.122268 1.405282
v 0.000000 4.700769 1.377581
v 0.000000 4.663441 1.364443
v 0.000000 4.727728 1.449203
v 0.040296 4.879197 1.300688
v 0.038913 4.903971 1.364468
v 0.029853 4.963534 1.404528
v 0.019583 5.047872 1.415070
v 0.008106 5.113233 1.390296
v 0.019583 5.065267 1.437209
v 0.019583 4.964314 1.471366
v 0.019583 4.882339 1.478956
v 0.019583 4.809471 1.475161
v 0.019583 4.776833 1.458462
v 0.019583 4.760134 1.438727
v 0.019583 4.757098 1.401534
v 0.019583 4.725977 1.360546
v 0.019583 4.685748 1.343089
v 0.041848 4.729970 1.101058
v 0.029792 4.673745 1.092713
v 0.021970 4.637726 1.075142
v 0.019583 4.612392 1.353631
v 0.027516 4.458055 1.381462
v 0.021970 4.579730 1.113269
v 0.021970 4.504177 1.134353
v 0.021970 4.429624 1.152566
v 0.000000 4.043992 1.187545
v 0.000000 3.985368 1.195685
v 0.000000 3.138369 1.423524
v 0.000000 3.161892 1.430132
v 0.000000 3.195486 1.392277
v 0.027516 4.353055 1.402335
v 0.021970 4.337274 1.174704
v 0.039122 4.443839 1.267014
v 0.021970 4.504177 1.134353
v 0.023549 4.537420 1.361397
v 0.021970 4.337274 1.174704
v 0.049554 4.346482 1.336838
v 0.050845 4.338803 1.235386
v 0.027516 4.151066 1.424633
v 0.021970 4.140532 1.214053
v 0.048037 4.145799 1.319343
v 0.000000 4.133402 1.487430
v 0.000000 4.132614 1.152910
v 0.000000 4.147446 1.482160
v 0.000000 4.111454 1.471044
v 0.000000 4.076802 1.466837
v 0.000000 4.104720 1.164542
v 0.000000 4.093332 1.176676
v 0.038362 4.139566 1.427815
v 0.049299 4.130875 1.319318
v 0.031522 4.129902 1.213457
v 0.028704 4.103232 1.215009
v 0.028704 4.110348 1.211846
v 0.038362 4.106700 1.321495
v 0.019181 4.102976 1.398303
v 0.019181 4.077556 1.401353
v 0.019181 4.066880 1.216550
v 0.019181 4.070693 1.324458
v 0.019181 3.992450 1.221735
v 0.019181 3.922900 1.221430
v 0.019181 3.773370 1.186514
v 0.019181 3.591200 1.125791
v 0.019181 3.525923 1.093912
v 0.017792 3.520610 1.052924
v 0.010737 3.535032 1.021803
v 0.009590 3.492822 1.042112
v 0.017662 3.430228 1.042112
v 0.019181 3.489684 1.086957
v 0.049887 3.430750 1.087689
v 0.022372 3.365407 1.019446
v 0.022372 3.320602 0.978155
v 0.022372 3.269595 0.939900
v 0.022372 3.218739 0.900430
v 0.049887 3.352417 1.064918
v 0.049887 3.290480 1.009356
v 0.049887 3.237651 0.963814
v 0.049887 3.185732 0.913717
v 0.053521 3.487398 1.112247
v 0.044992 3.588603 1.161795
v 0.044992 3.764397 1.222822
v 0.044992 3.923795 1.256523
v 0.044992 4.001217 1.260167
v 0.019181 4.018256 1.411896
v 0.044740 4.012271 1.333243
v 0.019181 3.953246 1.416288
v 0.019181 3.911955 1.374559
v 0.022372 3.137564 0.823472
v 0.022372 3.090124 0.750730
v 0.022372 3.065877 0.694857
v 0.022372 3.008422 0.666393
v 0.022372 2.919340 0.645308
v 0.022372 2.826569 0.618953
v 0.087056 2.752786 0.714844
v 0.087056 2.840813 0.788639
v 0.087056 2.947817 0.854528
v 0.076624 2.985562 0.750942
v 0.019181 3.746910 1.330838
v 0.034887 3.746910 1.330838
v 0.042415 3.755653 1.276830
v 0.034887 3.554888 1.261584
v 0.034887 3.466840 1.227428
v 0.034887 3.383345 1.228946
v 0.026622 3.296056 1.249440
v 0.026622 3.241405 1.294254
v 0.026622 3.153964 1.423230
v 0.026622 3.183042 1.375946
v 0.026622 3.287095 1.136111
v 0.026622 3.244926 1.045975
v 0.026622 3.152682 1.008023
v 0.026622 3.076777 1.045975
v 0.026622 3.012997 1.108174
v 0.023895 2.973991 1.191458
v 0.018858 2.985587 1.264199
v 0.026622 3.083630 0.959002
v 0.026622 3.111567 0.855161
v 0.000000 7.815741 0.362863
v 0.000000 7.749803 0.628447
v 0.000000 7.687528 0.716364
v 0.000000 7.588621 0.771313
v 0.000000 7.828562 0.725522
v 0.000000 7.887174 0.665079
v 0.000000 8.063009 0.392168
v 0.000000 7.985165 0.421474
v 0.000000 7.926095 0.500234
v 0.000000 7.707675 0.774060
v 0.000000 7.793762 0.484665
v 0.000000 7.810246 0.426511
v 0.000000 7.720497 0.672405
v 0.000000 7.775445 0.557472
v 0.000000 7.649980 0.780013
v 0.000000 7.770866 0.753454
v 0.000000 7.913961 0.586320
v 0.000000 8.229686 0.390337
v 0.000000 8.755360 0.368357
v 0.000000 9.328655 0.311577
v 0.000000 9.542839 0.092127
v 0.000000 8.548388 0.022182
v 0.000000 8.654621 0.000000
v 0.000000 8.727469 0.092285
v 0.000000 8.840988 0.087662
v 0.000000 9.042694 0.068659
v 0.000000 9.194833 0.062821
v 0.000000 9.507746 0.496033
v 0.000000 8.613867 0.069346
v 0.000000 9.936750 0.492907
v 0.000000 9.764030 0.456458
v 0.000000 9.679867 0.395374
v 0.000000 9.598223 0.428572
v 0.000000 9.554229 0.341091
v 0.000000 9.527454 0.400896
v 0.000000 9.475784 0.386116
v 0.000000 9.395861 0.468410
v 0.000000 9.415680 0.311133
v 0.000000 9.395594 0.382140
v 0.000000 9.830770 0.074543
v 0.000000 10.048365 0.000000
v 0.000000 9.986823 0.037272
v 0.000000 9.912092 0.058106
v 0.000000 9.689003 0.089929
v 0.000000 10.474574 0.567841
v 0.000000 10.655191 0.430469
v 0.000000 10.490581 0.426074
v 0.000000 10.450779 0.494413
v 0.000000 10.451229 0.540031
v 0.000000 10.590322 0.454637
v 0.000000 10.526089 0.497247
v 0.000000 10.493971 0.521096
v 0.000000 10.672998 0.702668
v 0.000000 10.707342 0.522686
v 0.000000 10.707977 0.584694
v 0.000000 10.687626 0.463858
v 0.000000 10.787474 0.593916
v 0.000000 10.737867 0.655288
v 0.000000 10.703207 0.644953
v 0.000000 10.818001 0.552895
v 0.000000 10.772846 0.622058
v 0.000000 10.979540 0.555121
v 0.000000 10.940745 0.541129
v 0.000000 10.893365 0.527774
v 0.000000 10.865859 0.519824
v 0.000000 11.210587 0.593101
v 0.000000 11.647362 0.558286
v 0.000000 12.096796 0.517141
v 0.000000 12.312018 0.713373
v 0.000000 12.448115 0.286093
v 0.000000 12.742463 0.112016
v 0.000000 13.166577 0.000000
v 0.000000 12.922870 0.049678
v 0.000000 12.577882 0.176900
v 0.000000 12.376902 0.401617
v 0.000000 12.215486 0.575694
v 0.000000 11.960700 0.506063
v 0.041098 7.848189 0.316005
v 0.023340 7.840240 0.417586
v 0.023340 7.826107 0.485600
v 0.023340 7.806674 0.558031
v 0.020041 7.819040 0.646362
v 0.017135 7.758976 0.706427
v 0.014982 7.705977 0.740875
v 0.011275 7.650329 0.761191
v 0.000000 7.644258 0.743838
v 0.019100 7.881755 0.570397
v 0.023340 7.902071 0.486483
v 0.023340 7.966553 0.397270
v 0.023340 8.053117 0.344271
v 0.034696 7.973619 0.308056
v 0.034696 8.222712 0.270074
v 0.023340 8.226244 0.326605
v 0.034696 8.054883 0.308497
v 0.138399 8.225144 0.000000
v 0.025987 8.534683 0.000000
v 0.061760 8.462754 0.000000
v 0.113528 8.330076 0.000000
v 0.048294 8.739703 0.167331
v 0.086547 8.226113 0.156897
v 0.060621 8.480722 0.159928
v 0.077267 8.353418 0.158412
v 0.000000 8.872007 0.359967
v 0.000000 9.059671 0.348888
v 0.048294 8.747355 0.251492
v 0.048294 8.858788 0.247715
v 0.058023 9.047659 0.236383
v 0.058023 9.041898 0.150333
v 0.048294 8.847361 0.172053
v 0.058023 9.232658 0.148444
v 0.058681 9.599069 0.174886
v 0.050283 9.814383 0.167331
v 0.082862 10.171349 0.000000
v 0.057102 10.043861 0.106330
v 0.045672 9.942343 0.150052
v 0.058023 9.351364 0.227317
v 0.034696 9.528149 0.259047
v 0.034696 9.444290 0.363304
v 0.034696 9.634672 0.329307
v 0.034696 9.555346 0.415433
v 0.034696 9.804656 0.367837
v 0.034696 9.949709 0.388235
v 0.034696 10.484593 0.306643
v 0.000000 10.154737 0.482155
v 0.034696 10.162756 0.370104
v 0.034696 10.593384 0.376903
v 0.018788 10.514057 0.451696
v 0.016913 10.477794 0.499292
v 0.014363 10.470414 0.531445
v 0.034696 10.700280 0.373108
v 0.034696 10.733171 0.437626
v 0.015920 10.745190 0.518589
v 0.015920 10.743292 0.588167
v 0.014705 10.719889 0.645727
v 0.015920 10.763533 0.606510
v 0.015920 10.776183 0.576149
v 0.021100 10.805279 0.540727
v 0.034696 10.832478 0.483167
v 0.034696 10.866002 0.490125
v 0.034696 10.896363 0.499613
v 0.034696 10.945068 0.516059
v 0.034696 10.985550 0.527444
v 0.034696 11.213259 0.545155
v 0.000000 11.096961 0.586762
v 0.034696 11.100670 0.546420
v 0.034696 11.651373 0.498702
v 0.000000 11.438993 0.595732
v 0.034696 11.440514 0.535591
v 0.082862 10.504498 0.000000
v 0.082862 10.606803 0.000000
v 0.082862 10.707796 0.000000
v 0.045964 12.859636 0.000000
v 0.080611 12.638591 0.000000
v 0.080611 12.391093 0.165905
v 0.080611 12.260545 0.378045
v 0.080611 12.113678 0.364447
v 0.056208 11.961372 0.416122
v 0.082862 10.903619 0.212141
v 0.081736 11.023173 0.000000
v 0.082862 10.971931 0.292472
v 0.082862 10.919432 0.245665
v 0.082862 10.938091 0.267487
v 0.082862 11.009251 0.310182
v 0.082862 11.119427 0.339038
v 0.082862 11.249275 0.333791
v 0.082862 11.443394 0.327233
v 0.082862 11.661121 0.304936
v 0.082862 11.969349 0.259030
v 0.082862 12.154285 0.228863
v 0.096516 12.366766 0.091144
v 0.126765 12.350290 0.000000
v 0.123582 12.156049 0.000000
v 0.121954 11.972551 0.000000
v 0.111567 11.449936 0.000000
v 0.113754 11.681077 0.000000
v 0.111120 11.275903 0.000000
v 0.101849 11.149538 0.000000
v -0.149562 3.144478 0.000000
v -0.149562 5.144478 0.000000
v -0.138177 3.144478 0.103639
v -0.138177 5.144478 0.103639
v -0.105756 3.144478 0.191499
v -0.105756 5.144478 0.191499
v -0.029178 3.144478 0.265617
v -0.057235 5.144478 0.250206
v -0.029178 5.144478 0.265617
v 0.029178 5.144478 0.265617
v -0.112330 5.667664 0.323085
v -0.050790 3.037690 0.310296
v -0.124638 3.029655 0.208716
v -0.161409 3.005330 0.081746
v -0.175586 3.005066 0.000000
v -0.063598 2.947894 0.372466
v -0.137956 2.931954 0.313298
v -0.163692 2.913405 0.231777
v -0.209292 2.900156 0.000000
v -0.173533 2.834085 0.245991
v -0.130477 2.885701 0.330243
v -0.069766 2.913614 0.387238
v -0.052396 2.828997 0.489414
v -0.071576 2.857727 0.430836
v -0.130657 2.796957 0.386258
v -0.215888 5.634306 0.000000
v -0.170368 5.237092 0.000000
v -0.192808 5.337032 0.000000
v -0.165336 5.201336 0.000000
v -0.180913 5.656372 0.214606
v -0.192688 5.646450 0.109635
v -0.141064 5.201527 0.150852
v -0.151038 5.201479 0.103065
v -0.070532 5.197959 0.272734
v -0.116146 5.199743 0.226544
v -0.149562 4.908593 0.000000
v -0.138177 4.908593 0.064381
v -0.105756 4.908593 0.118960
v -0.057235 4.908593 0.155429
v -0.029178 4.908593 0.165003
v 0.029178 4.908593 0.165003
v -0.149562 5.016001 0.000000
v -0.138177 5.016001 0.069675
v -0.105756 5.016001 0.128743
v -0.057235 5.016001 0.168210
v -0.029178 5.016001 0.178571
v 0.029178 5.016001 0.178571
v -0.149562 3.701470 0.000000
v -0.138177 3.701470 0.073171
v -0.105756 3.701470 0.135202
v -0.057235 3.701470 0.176649
v -0.029178 3.701470 0.187530
v -0.149562 3.480636 0.000000
v -0.138177 3.600566 0.082626
v -0.105756 3.480636 0.197571
v -0.057235 3.480636 0.258139
v -0.029178 3.480636 0.274039
v -0.149562 3.600566 0.000000
v -0.105756 3.600566 0.152673
v -0.057235 3.600566 0.199477
v -0.029178 3.600566 0.211764
v -0.149562 4.595260 0.000000
v -0.138177 4.595260 0.097067
v -0.105756 4.595260 0.179357
v -0.057235 4.595260 0.234341
v -0.029178 4.595260 0.248775
v -0.149562 4.750112 0.000000
v -0.138177 4.750112 0.064367
v -0.105756 4.750112 0.118935
v -0.057235 4.750112 0.155396
v -0.029178 4.750112 0.164967
v -0.149562 4.685425 0.000000
v -0.138177 4.685425 0.070284
v -0.105756 4.685425 0.129868
v -0.057235 4.685425 0.169680
v -0.029178 4.685425 0.180132
v -0.149562 4.202806 0.000000
v -0.138177 4.202806 0.060741
v -0.105756 4.202806 0.112235
v -0.057235 4.202806 0.146642
v -0.029178 4.202806 0.155674
v -0.149562 4.486518 0.000000
v -0.138177 4.486518 0.081748
v -0.105756 4.486518 0.151051
v -0.057235 4.486518 0.197357
v -0.029178 4.486518 0.209514
v -0.100686 5.343091 0.314304
v -0.158793 5.340062 0.214567
v -0.186113 5.338547 0.108223
v -0.129738 5.233697 0.202374
v -0.162945 5.235394 0.101187
v -0.084832 5.275855 0.290563
v -0.097280 5.238183 0.281479
v -0.095818 5.787826 0.000000
v -0.095818 5.787826 0.000000
v -0.065797 5.836524 0.123436
v -0.061867 6.003151 0.220105
v -0.013422 6.192127 0.135604
v -0.013422 6.147399 0.164996
v -0.013422 6.123971 0.185017
v -0.032976 6.122565 0.249424
v -0.025104 6.118348 0.442647
v -0.057297 6.121160 0.313832
v -0.058917 6.119754 0.378239
v -0.025104 6.207803 0.464116
v -0.025104 6.264031 0.496831
v -0.017650 6.209336 0.240223
v -0.017650 6.165887 0.244824
v -0.044209 6.208570 0.384884
v -0.064714 6.208953 0.312554
v -0.025104 5.989533 0.472295
v -0.025104 6.013047 0.507565
v -0.020009 6.088189 0.564817
v -0.064622 6.002414 0.293794
v -0.043846 5.801218 0.387645
v -0.034475 5.902736 0.414635
v -0.139262 2.413752 0.000000
v -0.193067 2.499208 0.000000
v -0.193067 2.499208 0.332329
v -0.131977 2.422385 0.312196
v -0.026198 2.797827 0.556398
v -0.121112 2.500790 0.449161
v -0.101580 2.603069 0.525835
v -0.087056 2.671083 0.614166
v -0.025104 6.256303 0.226687
v -0.065959 6.260167 0.308392
v -0.066134 6.262099 0.387887
v -0.025104 6.329666 0.538543
v -0.018063 6.386468 0.611538
v -0.018063 6.423272 0.677786
v -0.014383 6.471853 0.738881
v -0.011438 6.517491 0.780838
v -0.025104 6.334696 0.497567
v -0.012552 6.401937 0.488957
v -0.025104 6.335579 0.226392
v -0.073204 6.335138 0.301915
v -0.052428 6.334917 0.387375
v -0.012552 6.458468 0.464224
v -0.012552 6.515000 0.449208
v -0.012552 6.582131 0.458041
v -0.012552 6.614814 0.481007
v -0.023340 6.976086 0.503090
v -0.023340 7.464128 0.500440
v -0.023340 7.442045 0.629402
v -0.023340 7.383747 0.753948
v -0.023340 7.331632 0.834329
v -0.023340 7.242418 0.903227
v -0.023340 7.176170 0.880261
v -0.023340 7.297183 0.908527
v -0.023340 7.287025 0.876728
v -0.023340 7.398764 0.890861
v -0.023340 7.467661 0.845812
v -0.023340 7.513593 0.765431
v -0.023340 7.495044 0.810922
v -0.023340 7.515360 0.696534
v -0.014433 7.399470 0.820550
v -0.014433 7.468368 0.678514
v -0.014433 7.436039 0.783451
v -0.014433 7.462803 0.725683
v -0.023340 7.589558 0.627636
v -0.023340 7.631956 0.481360
v -0.023340 7.733713 0.349924
v -0.041098 7.848189 0.316005
v -0.034696 7.973619 0.308056
v -0.034696 8.222712 0.270074
v -0.023340 8.226244 0.326605
v -0.034696 8.054883 0.308497
v -0.025104 6.365009 0.199158
v -0.025104 6.390925 0.185981
v -0.025104 6.425627 0.178074
v -0.021191 6.466917 0.174121
v -0.018199 6.534122 0.171046
v -0.011304 6.590786 0.178513
v -0.073204 6.375988 0.302266
v -0.063382 6.459007 0.303320
v -0.032767 6.541587 0.303584
v -0.062766 6.546287 0.385266
v -0.073204 6.509653 0.385266
v -0.073204 6.450221 0.409513
v -0.073204 6.401003 0.427962
v -0.032767 6.636466 0.300421
v -0.032767 6.710244 0.290402
v -0.032767 6.809525 0.236663
v -0.032767 6.867819 0.139203
v -0.032767 6.914272 0.075444
v -0.032767 6.888444 0.000000
v -0.032767 6.888444 0.000000
v -0.012033 6.810083 0.039503
v -0.009649 6.793612 0.048959
v -0.009134 6.787658 0.066139
v -0.013042 6.823047 0.034775
v -0.008894 6.789864 0.078054
v -0.007372 6.821107 0.014515
v -0.004012 6.805643 0.017269
v -0.003045 6.793992 0.021506
v -0.003290 6.785307 0.028496
v -0.002331 6.777681 0.030403
v -0.062766 6.639192 0.383080
v -0.103936 6.984582 0.383080
v -0.017946 6.795450 0.504071
v -0.062766 6.807515 0.398382
v -0.114578 6.997307 0.000000
v -0.138399 7.728920 0.000000
v -0.063638 7.477192 0.393259
v -0.138399 8.225144 0.000000
v -0.048294 8.746262 0.250399
v -0.034696 8.747355 0.251492
v -0.048294 8.739703 0.167331
v -0.086547 8.226113 0.156897
v -0.060621 8.480722 0.159928
v -0.048294 8.747355 0.251492
v -0.048294 8.858788 0.247715
v -0.021100 10.805279 0.540727
v -0.034696 10.832478 0.483167
v -0.034696 10.866002 0.490125
v -0.045964 12.859636 0.000000
v -0.080611 12.638591 0.000000
v -0.080611 12.638591 0.000000
v -0.080611 12.391093 0.165905
v -0.096516 12.366766 0.091144
v -0.126765 12.350290 0.000000
v -0.112330 5.437383 0.484267
v -0.112330 5.424479 0.573074
v -0.076562 5.482773 0.614408
v -0.030655 5.584635 0.631519
v -0.076562 5.467744 0.674784
v -0.112330 5.331877 0.734748
v -0.097962 5.294684 0.776495
v -0.058013 5.357646 0.813838
v -0.025846 5.654150 0.632831
v -0.021303 5.719731 0.631519
v -0.100686 5.352579 0.477707
v -0.100686 5.335185 0.572059
v -0.034592 5.439348 0.823853
v -0.024009 5.541079 0.844937
v -0.048922 5.274890 0.841247
v -0.048922 5.182208 0.882098
v -0.061917 5.102702 0.982688
v -0.034296 5.129670 0.995812
v -0.033717 5.191014 0.909902
v -0.024908 5.092449 0.566134
v -0.023844 5.027368 0.585587
v -0.022674 5.130250 0.523867
v -0.024734 5.112628 0.549716
v -0.026921 5.236493 0.507754
v -0.024908 5.096244 0.536405
v -0.024908 5.109527 0.499086
v -0.024908 5.183533 0.383333
v -0.024908 5.163924 0.366255
v -0.024908 5.077900 0.370683
v -0.013810 4.993774 0.420652
v -0.013810 4.978594 0.451014
v -0.015897 4.997006 0.590647
v -0.024376 5.064336 0.575228
v -0.024908 5.141153 0.312490
v -0.026921 5.285830 0.434381
v -0.042531 5.234682 0.408857
v -0.067660 5.247560 0.693774
v -0.067660 5.138259 0.806111
v -0.056194 5.100499 0.768507
v -0.056402 5.223998 0.652413
v -0.061917 4.984293 0.879459
v -0.083935 5.043498 0.931073
v -0.053033 5.038548 0.812900
v -0.044064 5.120562 1.061417
v -0.022055 5.138653 1.052763
v -0.046999 5.133254 1.015810
v -0.023286 5.145689 1.018295
v -0.078431 5.096954 1.005744
v -0.083795 5.089746 1.035684
v -0.102500 5.026234 0.954790
v -0.089782 4.958150 0.900322
v -0.097691 5.001824 0.985082
v -0.064017 5.012362 1.166106
v -0.083795 4.932879 0.923094
v -0.083795 4.987399 1.127489
v -0.097691 4.915730 1.063709
v -0.080533 4.866268 1.014001
v -0.058725 4.807063 1.054989
v -0.074276 4.859258 1.111983
v -0.064290 4.930927 1.175763
v -0.043244 4.954979 1.210737
v 0.000163 4.926989 1.252553
v -0.000311 4.953527 1.251664
v -0.055011 4.893956 1.228474
v -0.074276 4.819725 1.156275
v -0.049416 4.771436 1.090632
v -0.040296 4.879197 1.300688
v -0.038913 4.903971 1.364468
v -0.029853 4.963534 1.404528
v -0.019583 5.047872 1.415070
v -0.008106 5.113233 1.390296
v -0.019583 5.065267 1.437209
v -0.019583 4.964314 1.471366
v -0.019583 4.882339 1.478956
v -0.019583 4.809471 1.475161
v -0.019583 4.776833 1.458462
v -0.019583 4.760134 1.438727
v -0.019583 4.757098 1.401534
v -0.019583 4.725977 1.360546
v -0.019583 4.685748 1.343089
v -0.041848 4.729970 1.101058
v -0.029792 4.673745 1.092713
v -0.021970 4.637726 1.075142
v -0.019583 4.612392 1.353631
v -0.027516 4.458055 1.381462
v -0.021970 4.579730 1.113269
v -0.021970 4.504177 1.134353
v -0.021970 4.429624 1.152566
v -0.027516 4.353055 1.402335
v -0.021970 4.337274 1.174704
v -0.039122 4.443839 1.267014
v -0.021970 4.504177 1.134353
v -0.023549 4.537420 1.361397
v -0.021970 4.337274 1.174704
v -0.049554 4.346482 1.336838
v -0.050845 4.338803 1.235386
v -0.027516 4.151066 1.424633
v -0.021970 4.140532 1.214053
v -0.048037 4.145799 1.319343
v -0.038362 4.139566 1.427815
v -0.049299 4.130875 1.319318
v -0.031522 4.129902 1.213457
v -0.028704 4.103232 1.215009
v -0.028704 4.110348 1.211846
v -0.038362 4.106700 1.321495
v -0.019181 4.102976 1.398303
v -0.019181 4.077556 1.401353
v -0.019181 4.066880 1.216550
v -0.019181 4.070693 1.324458
v -0.019181 3.992450 1.221735
v -0.019181 3.922900 1.221430
v -0.019181 3.773370 1.186514
v -0.019181 3.591200 1.125791
v -0.019181 3.525923 1.093912
v -0.017792 3.520610 1.052924
v -0.010737 3.535032 1.021803
v -0.009590 3.492822 1.042112
v -0.017662 3.430228 1.042112
v -0.019181 3.489684 1.086957
v -0.049887 3.430750 1.087689
v -0.022372 3.365407 1.019446
v -0.022372 3.320602 0.978155
v -0.022372 3.269595 0.939900
v -0.022372 3.218739 0.900430
v -0.049887 3.352417 1.064918
v -0.049887 3.290480 1.009356
v -0.049887 3.237651 0.963814
v -0.049887 3.185732 0.913717
v -0.053521 3.487398 1.112247
v -0.044992 3.588603 1.161795
v -0.044992 3.764397 1.222822
v -0.044992 3.923795 1.256523
v -0.044992 4.001217 1.260167
v -0.019181 4.018256 1.411896
v -0.044740 4.012271 1.333243
v -0.019181 3.953246 1.416288
v -0.019181 3.911955 1.374559
v -0.022372 3.137564 0.823472
v -0.022372 3.090124 0.750730
v -0.022372 3.065877 0.694857
v -0.022372 3.008422 0.666393
v -0.022372 2.919340 0.645308
v -0.022372 2.826569 0.618953
v -0.087056 2.752786 0.714844
v -0.087056 2.840813 0.788639
v -0.087056 2.947817 0.854528
v -0.076624 2.985562 0.750942
v -0.019181 3.746910 1.330838
v -0.034887 3.746910 1.330838
v -0.042415 3.755653 1.276830
v -0.034887 3.554888 1.261584
v -0.034887 3.466840 1.227428
v -0.034887 3.383345 1.228946
v -0.026622 3.296056 1.249440
v -0.026622 3.241405 1.294254
v -0.026622 3.153964 1.423230
v -0.026622 3.183042 1.375946
v -0.026622 3.287095 1.136111
v -0.026622 3.244926 1.045975
v -0.026622 3.152682 1.008023
v -0.026622 3.076777 1.045975
v -0.026622 3.012997 1.108174
v -0.023895 2.973991 1.191458
v -0.018858 2.985587 1.264199
v -0.026622 3.083630 0.959002
v -0.026622 3.111567 0.855161
v -0.041098 7.848189 0.316005
v -0.023340 7.840240 0.417586
v -0.023340 7.826107 0.485600
v -0.023340 7.806674 0.558031
v -0.020041 7.819040 0.646362
v -0.017135 7.758976 0.706427
v -0.014982 7.705977 0.740875
v -0.011275 7.650329 0.761191
v -0.019100 7.881755 0.570397
v -0.023340 7.902071 0.486483
v -0.023340 7.966553 0.397270
v -0.023340 8.053117 0.344271
v -0.034696 7.973619 0.308056
v -0.034696 8.222712 0.270074
v -0.023340 8.226244 0.326605
v -0.034696 8.054883 0.308497
v -0.138399 8.225144 0.000000
v -0.025987 8.534683 0.000000
v -0.061760 8.462754 0.000000
v -0.113528 8.330076 0.000000
v -0.048294 8.739703 0.167331
v -0.086547 8.226113 0.156897
v -0.060621 8.480722 0.159928
v -0.077267 8.353418 0.158412
v -0.048294 8.747355 0.251492
v -0.048294 8.858788 0.247715
v -0.058023 9.047659 0.236383
v -0.058023 9.041898 0.150333
v -0.048294 8.847361 0.172053
v -0.058023 9.232658 0.148444
v -0.058681 9.599069 0.174886
v -0.050283 9.814383 0.167331
v -0.082862 10.171349 0.000000
v -0.057102 10.043861 0.106330
v -0.045672 9.942343 0.150052
v -0.058023 9.351364 0.227317
v -0.034696 9.528149 0.259047
v -0.034696 9.444290 0.363304
v -0.034696 9.634672 0.329307
v -0.034696 9.555346 0.415433
v -0.034696 9.804656 0.367837
v -0.034696 9.949709 0.388235
v -0.034696 10.484593 0.306643
v -0.034696 10.162756 0.370104
v -0.034696 10.593384 0.376903
v -0.018788 10.514057 0.451696
v -0.016913 10.477794 0.499292
v -0.014363 10.470414 0.531445
v -0.034696 10.700280 0.373108
v -0.034696 10.733171 0.437626
v -0.015920 10.745190 0.518589
v -0.015920 10.743292 0.588167
v -0.014705 10.719889 0.645727
v -0.015920 10.763533 0.606510
v -0.015920 10.776183 0.576149
v -0.021100 10.805279 0.540727
v -0.034696 10.832478 0.483167
v -0.034696 10.866002 0.490125
v -0.034696 10.896363 0.499613
v -0.034696 10.945068 0.516059
v -0.034696 10.985550 0.527444
v -0.034696 11.213259 0.545155
v -0.034696 11.100670 0.546420
v -0.034696 11.651373 0.498702
v -0.034696 11.440514 0.535591
v -0.082862 10.504498 0.000000
v -0.082862 10.606803 0.000000
v -0.082862 10.707796 0.000000
v -0.045964 12.859636 0.000000
v -0.080611 12.638591 0.000000
v -0.080611 12.391093 0.165905
v -0.080611 12.260545 0.378045
v -0.080611 12.113678 0.364447
v -0.056208 11.961372 0.416122
v -0.082862 10.903619 0.212141
v -0.081736 11.023173 0.000000
v -0.082862 10.971931 0.292472
v -0.082862 10.919432 0.245665
v -0.082862 10.938091 0.267487
v -0.082862 11.009251 0.310182
v -0.082862 11.119427 0.339038
v -0.082862 11.249275 0.333791
v -0.082862 11.443394 0.327233
v -0.082862 11.661121 0.304936
v -0.082862 11.969349 0.259030
v -0.082862 12.154285 0.228863
v -0.096516 12.366766 0.091144
v -0.126765 12.350290 0.000000
v -0.123582 12.156049 0.000000
v -0.121954 11.972551 0.000000
v -0.111567 11.449936 0.000000
v -0.113754 11.681077 0.000000
v -0.111120 11.275903 0.000000
v -0.101849 11.149538 0.000000
v 0.138177 3.144478 -0.103639
v 0.138177 5.144478 -0.103639
v 0.105756 3.144478 -0.191499
v 0.105756 5.144478 -0.191499
v 0.029178 3.144478 -0.265617
v 0.057235 5.144478 -0.250206
v 0.029178 5.144478 -0.265617
v 0.000000 3.144478 -0.270820
v 0.000000 5.144478 -0.270820
v -0.029178 5.144478 -0.265617
v 0.112330 5.667664 -0.323085
v 0.000000 3.554981 -1.023600
v 0.000000 5.204372 -0.578687
v 0.000000 5.042499 -0.732148
v 0.000000 4.647341 -1.050970
v 0.000000 4.144057 -1.161750
v 0.000000 3.778664 -1.164199
v 0.000000 3.601254 -1.097543
v 0.000000 3.338353 -0.949708
v 0.000000 2.848421 -0.591129
v 0.000000 2.872538 -0.498530
v 0.000000 2.954960 -0.395960
v 0.000000 3.038343 -0.342843
v 0.050790 3.037690 -0.310296
v 0.124638 3.029655 -0.208716
v 0.161409 3.005330 -0.081746
v 0.000000 2.954960 -0.395960
v 0.063598 2.947894 -0.372466
v 0.137956 2.931954 -0.313298
v 0.163692 2.913405 -0.231777
v 0.173533 2.834085 -0.245991
v 0.130477 2.885701 -0.330243
v 0.069766 2.913614 -0.387238
v 0.000000 2.917961 -0.415123
v 0.052396 2.828997 -0.489414
v 0.071576 2.857727 -0.430836
v 0.000000 2.890097 -0.447993
v 0.000000 2.833045 -0.550730
v 0.000000 3.123456 -0.734467
v 0.000000 3.024911 -0.635611
v 0.000000 2.933877 -0.609514
v 0.000000 3.247440 -0.874505
v 0.000000 3.572307 -0.994176
v 0.000000 3.430936 -1.014267
v 0.000000 3.289080 -0.912407
v 0.000000 3.163189 -0.799169
v 0.000000 3.096443 -0.680068
v 0.130657 2.796957 -0.386258
v 0.000000 5.247968 -0.353517
v 0.000000 5.194391 -0.320020
v 0.000000 5.310458 -0.391874
v 0.180913 5.656372 -0.214606
v 0.192688 5.646450 -0.109635
v 0.141064 5.201527 -0.150852
v 0.151038 5.201479 -0.103065
v 0.070532 5.197959 -0.272734
v 0.116146 5.199743 -0.226544
v 0.000000 5.461975 -0.785955
v 0.000000 5.551266 -0.823351
v 0.000000 5.659636 -0.884405
v 0.000000 3.548439 -1.047852
v 0.000000 3.558947 -1.083297
v 0.000000 3.521761 -1.003162
v 0.000000 3.473169 -1.014014
v 0.000000 3.374045 -0.992057
v 0.000000 4.816805 -0.964294
v 0.000000 5.131386 -0.677058
v 0.000000 5.062738 -0.730904
v 0.000000 5.173179 -0.634939
v 0.138177 4.908593 -0.064381
v 0.105756 4.908593 -0.118960
v 0.057235 4.908593 -0.155429
v 0.029178 4.908593 -0.165003
v 0.000000 4.908593 -0.168235
v -0.029178 4.908593 -0.165003
v 0.138177 5.016001 -0.069675
v 0.105756 5.016001 -0.128743
v 0.057235 5.016001 -0.168210
v 0.029178 5.016001 -0.178571
v 0.000000 5.016001 -0.182070
v -0.029178 5.016001 -0.178571
v 0.138177 3.701470 -0.073171
v 0.105756 3.701470 -0.135202
v 0.057235 3.701470 -0.176649
v 0.029178 3.701470 -0.187530
v 0.000000 3.701470 -0.191204
v 0.138177 3.600566 -0.082626
v 0.105756 3.480636 -0.197571
v 0.057235 3.480636 -0.258139
v 0.029178 3.480636 -0.274039
v 0.000000 3.480636 -0.279408
v 0.105756 3.600566 -0.152673
v 0.057235 3.600566 -0.199477
v 0.029178 3.600566 -0.211764
v 0.000000 3.600566 -0.215913
v 0.138177 4.595260 -0.097067
v 0.105756 4.595260 -0.179357
v 0.057235 4.595260 -0.234341
v 0.029178 4.595260 -0.248775
v 0.000000 4.595260 -0.253649
v 0.138177 4.750112 -0.064367
v 0.105756 4.750112 -0.118935
v 0.057235 4.750112 -0.155396
v 0.029178 4.750112 -0.164967
v 0.000000 4.750112 -0.168199
v 0.138177 4.685425 -0.070284
v 0.105756 4.685425 -0.129868
v 0.057235 4.685425 -0.169680
v 0.029178 4.685425 -0.180132
v 0.000000 4.685425 -0.183661
v 0.138177 4.202806 -0.060741
v 0.105756 4.202806 -0.112235
v 0.057235 4.202806 -0.146642
v 0.029178 4.202806 -0.155674
v 0.000000 4.202806 -0.158724
v 0.138177 4.486518 -0.081748
v 0.105756 4.486518 -0.151051
v 0.057235 4.486518 -0.197357
v 0.029178 4.486518 -0.209514
v 0.000000 4.486518 -0.213618
v 0.000000 5.145775 -0.555235
v 0.000000 5.167713 -0.542412
v 0.000000 4.935991 -0.589095
v 0.000000 5.026529 -0.612650
v 0.000000 5.109338 -0.589463
v 0.000000 5.131973 -0.576766
v 0.000000 4.988473 -0.603449
v 0.000000 5.028001 -0.552291
v 0.000000 5.133261 -0.401394
v 0.000000 5.083575 -0.493772
v 0.000000 5.076583 -0.402130
v 0.000000 4.997822 -0.450711
v 0.000000 4.969851 -0.510334
v 0.000000 4.963226 -0.452920
v 0.000000 5.023585 -0.341035
v 0.000000 4.980155 -0.399922
v 0.000000 5.127373 -0.280676
v 0.000000 5.079159 -0.307911
v 0.000000 4.989945 -0.575110
v 0.000000 5.060205 -0.528331
v 0.000000 5.072351 -0.607240
v 0.000000 4.937755 -0.839937
v 0.000000 4.884433 -0.886408
v 0.000000 4.334153 -1.132032
v 0.000000 3.921017 -1.197174
v 0.000000 5.638268 -0.449396
v 0.000000 5.795990 -0.459572
v 0.000000 5.889249 -0.474225
v 0.000000 5.478001 -0.562346
v 0.000000 5.651495 -0.612970
v 0.000000 5.827534 -0.615768
v 0.000000 5.574161 -0.666137
v 0.000000 5.372684 -0.763823
v 0.000000 5.468080 -0.705059
v 0.000000 5.270418 -0.887457
v 0.000000 5.399395 -0.875246
v 0.000000 5.518831 -0.864562
v 0.000000 5.137626 -1.008039
v 0.000000 5.128468 -1.062987
v 0.000000 4.908674 -1.279728
v 0.000000 5.029561 -1.184179
v 0.000000 5.194864 -0.931263
v 0.000000 5.161437 -1.347864
v 0.000000 4.796579 -1.512709
v 0.000000 4.973514 -1.377536
v 0.000000 4.963623 -1.502819
v 0.000000 5.045496 -1.386878
v 0.000000 5.077916 -1.453915
v 0.000000 4.882299 -1.523149
v 0.000000 4.030132 -1.478443
v 0.000000 4.357379 -1.442520
v 0.000000 4.610304 -1.384679
v 0.000000 4.721025 -1.409132
v 0.000000 4.156430 -1.469300
v 0.000000 4.453427 -1.421770
v 0.000000 3.239492 -1.343040
v 0.000000 3.885535 -1.414901
v 0.000000 3.944330 -1.469300
v 0.000000 3.734426 -1.362700
v 0.000000 3.500621 -1.303630
v 0.000000 3.385916 -1.307065
v 0.000000 3.293100 -1.319123
v 0.000000 3.117355 -1.503917
v 0.000000 3.174502 -1.367645
v 0.000000 3.211867 -1.079716
v 0.000000 3.234945 -1.225878
v 0.000000 3.240989 -1.139609
v 0.000000 3.217911 -1.287970
v 0.000000 3.040428 -1.148291
v 0.000000 3.016690 -1.322368
v 0.000000 3.004821 -1.201042
v 0.000000 3.083947 -1.092903
v 0.000000 3.150544 -1.057297
v 0.000000 3.002843 -1.261705
v 0.000000 2.924376 -1.177304
v 0.000000 2.967896 -1.276211
v 0.000000 3.058890 -0.892451
v 0.000000 2.963939 -1.017734
v 0.000000 2.597323 -0.657712
v 0.000000 2.812282 -0.827832
v 0.000000 2.922398 -0.903661
v 0.000000 2.716671 -0.752003
v 0.000000 3.003502 -0.944542
v 0.000000 2.933608 -1.089606
v 0.000000 2.502373 -0.525835
v 0.000000 2.407422 -0.312196
v 0.000000 6.063252 -0.582290
v 0.000000 5.962514 -0.539247
v 0.000000 6.180476 -0.602438
v 0.000000 6.079737 -0.498036
v 0.000000 6.115454 -0.555732
v 0.000000 6.240919 -0.534668
v 0.000000 6.453386 -0.769115
v 0.000000 6.348069 -0.649144
v 0.000000 6.198792 -0.501699
v 0.000000 6.130106 -0.487046
v 0.000000 6.389738 -0.710045
v 0.000000 6.305484 -0.575421
v 0.000000 6.574273 -0.820400
v 0.000000 6.508335 -0.804617
v 0.000000 6.594420 -0.514520
v 0.000000 6.524819 -0.760872
v 0.000000 6.500093 -0.710961
v 0.000000 6.456592 -0.645710
v 0.000000 6.442167 -0.543483
v 0.000000 6.462430 -0.492369
v 0.000000 6.512856 -0.474139
v 0.000000 6.559134 -0.481508
v 0.000000 6.971733 -0.547489
v 0.000000 7.413518 -0.547489
v 0.000000 7.119961 -0.837103
v 0.000000 7.397034 -0.655188
v 0.000000 7.333843 -0.766184
v 0.000000 7.290889 -0.826099
v 0.000000 7.219496 -0.858459
v 0.000000 7.290434 -0.943118
v 0.000000 7.183834 -0.914545
v 0.000000 7.237134 -0.939821
v 0.000000 7.483852 -0.874982
v 0.000000 7.395935 -0.933227
v 0.000000 7.815741 -0.362863
v 0.000000 7.739913 -0.403524
v 0.000000 7.660237 -0.494189
v 0.000000 7.616004 -0.618648
v 0.000000 7.622460 -0.707252
v 0.000000 7.577333 -0.663637
v 0.000000 7.539385 -0.778101
v 0.000000 7.518212 -0.826541
v 0.000000 7.542974 -0.701087
v 0.000000 8.755360 -0.368357
v 0.000000 10.845984 -0.504243
v 0.000000 10.818001 -0.552895
v 0.000000 10.865859 -0.519824
v 0.000000 12.742463 -0.112016
v 0.000000 12.577882 -0.176900
v 0.000000 6.378889 -0.249633
v 0.000000 6.403180 -0.222398
v 0.000000 6.537883 -0.192218
v 0.000000 6.700558 -0.249633
v 0.000000 6.700558 -0.249633
v 0.000000 6.637255 -0.209884
v 0.000000 6.590881 -0.167927
v 0.000000 6.422318 -0.143637
v 0.000000 6.247129 -0.198107
v 0.000000 6.285406 -0.180441
v 0.000000 6.348709 -0.157622
v 0.000000 6.528682 -0.151365
v 0.000000 6.466851 -0.203996
v 0.000000 6.431334 -0.211356
v 0.000000 6.388090 -0.233071
v 0.000000 6.538987 -0.260674
v 0.000000 6.633759 -0.259570
v 0.000000 6.457466 -0.258098
v 0.000000 6.587569 -0.191482
v 0.000000 6.169105 -0.217245
v 0.000000 6.207381 -0.211356
v 0.000000 6.248602 -0.111249
v 0.000000 6.215478 -0.134804
v 0.000000 6.183090 -0.170136
v 0.000000 6.170945 -0.185593
v 0.000000 6.020415 -0.185593
v 0.000000 6.171312 -0.127811
v 0.000000 6.100280 -0.162591
v 0.000000 6.069917 -0.178509
v 0.000000 5.892202 -0.123318
v 0.000000 5.829927 -0.050054
v 0.100686 5.343091 -0.314304
v 0.158793 5.340062 -0.214567
v 0.186113 5.338547 -0.108223
v 0.000000 5.279213 -0.372695
v 0.129738 5.233697 -0.202374
v 0.162945 5.235394 -0.101187
v 0.084832 5.275855 -0.290563
v 0.097280 5.238183 -0.281479
v 0.000000 5.589050 -0.458173
v 0.000000 5.522926 -0.489060
v 0.000000 5.494280 -0.517753
v 0.000000 5.519594 -0.582711
v 0.000000 5.586322 -0.603494
v 0.000000 5.713793 -0.617372
v 0.065797 5.836524 -0.123436
v 0.061867 6.003151 -0.220105
v 0.013422 6.192127 -0.135604
v 0.013422 6.147399 -0.164996
v 0.013422 6.123971 -0.185017
v 0.032976 6.122565 -0.249424
v 0.025104 6.118348 -0.442647
v 0.057297 6.121160 -0.313832
v 0.058917 6.119754 -0.378239
v 0.025104 6.207803 -0.464116
v 0.025104 6.264031 -0.496831
v 0.017650 6.209336 -0.240223
v 0.017650 6.165887 -0.244824
v 0.044209 6.208570 -0.384884
v 0.064714 6.208953 -0.312554
v 0.025104 5.989533 -0.472295
v 0.025104 6.013047 -0.507565
v 0.020009 6.088189 -0.564817
v 0.064622 6.002414 -0.293794
v 0.043846 5.801218 -0.387645
v 0.034475 5.902736 -0.414635
v 0.193067 2.499208 -0.332329
v 0.131977 2.422385 -0.312196
v 0.026198 2.797827 -0.556398
v 0.121112 2.500790 -0.449161
v 0.101580 2.603069 -0.525835
v 0.087056 2.671083 -0.614166
v 0.000000 6.832435 -0.123251
v 0.000000 6.787696 -0.206581
v 0.000000 6.863173 -0.078733
v 0.000000 6.839854 -0.049054
v 0.000000 6.816852 -0.046072
v 0.000000 6.799387 -0.059703
v 0.000000 6.801091 -0.089095
v 0.000000 6.793423 -0.075251
v 0.000000 6.785330 -0.080576
v 0.000000 6.779792 -0.065241
v 0.000000 6.786181 -0.044368
v 0.000000 6.799813 -0.032441
v 0.000000 6.818130 -0.023921
v 0.000000 6.805777 -0.022217
v 0.000000 6.795553 -0.026051
v 0.000000 6.789164 -0.031163
v 0.000000 6.781922 -0.033293
v 0.000000 6.774681 -0.032441
v 0.000000 6.767865 -0.026477
v 0.000000 6.775533 -0.027755
v 0.000000 6.781496 -0.025199
v 0.000000 6.790015 -0.019235
v 0.000000 6.800239 -0.012846
v 0.000000 6.814722 -0.009438
v 0.000000 5.193462 -0.543590
v 0.000000 5.200436 -0.611053
v 0.000000 5.101854 -0.709129
v 0.000000 4.995238 -0.784978
v 0.025104 6.256303 -0.226687
v 0.065959 6.260167 -0.308392
v 0.066134 6.262099 -0.387887
v 0.025104 6.329666 -0.538543
v 0.018063 6.386468 -0.611538
v 0.018063 6.423272 -0.677786
v 0.014383 6.471853 -0.738881
v 0.011438 6.517491 -0.780838
v 0.025104 6.334696 -0.497567
v 0.012552 6.401937 -0.488957
v 0.025104 6.335579 -0.226392
v 0.073204 6.335138 -0.301915
v 0.052428 6.334917 -0.387375
v 0.012552 6.458468 -0.464224
v 0.012552 6.515000 -0.449208
v 0.012552 6.582131 -0.458041
v 0.012552 6.614814 -0.481007
v 0.023340 6.976086 -0.503090
v 0.023340 7.464128 -0.500440
v 0.023340 7.442045 -0.629402
v 0.023340 7.383747 -0.753948
v 0.000000 7.175028 -0.859264
v 0.000000 7.149247 -0.881124
v 0.023340 7.331632 -0.834329
v 0.023340 7.242418 -0.903227
v 0.023340 7.176170 -0.880261
v 0.023340 7.297183 -0.908527
v 0.000000 7.258725 -0.850229
v 0.023340 7.287025 -0.876728
v 0.023340 7.398764 -0.890861
v 0.023340 7.467661 -0.845812
v 0.023340 7.513593 -0.765431
v 0.023340 7.495044 -0.810922
v 0.023340 7.515360 -0.696534
v 0.014433 7.399470 -0.820550
v 0.014433 7.468368 -0.678514
v 0.014433 7.436039 -0.783451
v 0.014433 7.462803 -0.725683
v 0.023340 7.589558 -0.627636
v 0.023340 7.631956 -0.481360
v 0.023340 7.733713 -0.349924
v 0.041098 7.848189 -0.316005
v 0.034696 7.973619 -0.308056
v 0.034696 8.222712 -0.270074
v 0.023340 8.226244 -0.326605
v 0.034696 8.054883 -0.308497
v 0.025104 6.365009 -0.199158
v 0.025104 6.390925 -0.185981
v 0.000000 6.383757 -0.148433
v 0.025104 6.425627 -0.178074
v 0.021191 6.466917 -0.174121
v 0.000000 6.468472 -0.144865
v 0.018199 6.534122 -0.171046
v 0.011304 6.590786 -0.178513
v 0.073204 6.375988 -0.302266
v 0.063382 6.459007 -0.303320
v 0.032767 6.541587 -0.303584
v 0.062766 6.546287 -0.385266
v 0.073204 6.509653 -0.385266
v 0.073204 6.450221 -0.409513
v 0.073204 6.401003 -0.427962
v 0.032767 6.636466 -0.300421
v 0.032767 6.710244 -0.290402
v 0.032767 6.809525 -0.236663
v 0.032767 6.867819 -0.139203
v 0.032767 6.914272 -0.075444
v 0.012033 6.810083 -0.039503
v 0.009649 6.793612 -0.048959
v 0.009134 6.787658 -0.066139
v 0.013042 6.823047 -0.034775
v 0.008894 6.789864 -0.078054
v 0.007372 6.821107 -0.014515
v 0.004012 6.805643 -0.017269
v 0.003045 6.793992 -0.021506
v 0.003290 6.785307 -0.028496
v 0.002331 6.777681 -0.030403
v 0.062766 6.639192 -0.383080
v 0.103936 6.984582 -0.383080
v 0.000000 6.787449 -0.545214
v 0.017946 6.795450 -0.504071
v 0.062766 6.807515 -0.398382
v 0.063638 7.477192 -0.393259
v 0.048294 8.746262 -0.250399
v 0.034696 8.747355 -0.251492
v 0.048294 8.739703 -0.167331
v 0.086547 8.226113 -0.156897
v 0.060621 8.480722 -0.159928
v 0.000000 8.872007 -0.359967
v 0.048294 8.747355 -0.251492
v 0.048294 8.858788 -0.247715
v 0.021100 10.805279 -0.540727
v 0.034696 10.832478 -0.483167
v 0.034696 10.866002 -0.490125
v 0.080611 12.391093 -0.165905
v 0.096516 12.366766 -0.091144
v 0.112330 5.437383 -0.484267
v 0.112330 5.424479 -0.573074
v 0.076562 5.482773 -0.614408
v 0.030655 5.584635 -0.631519
v 0.076562 5.467744 -0.674784
v 0.112330 5.331877 -0.734748
v 0.097962 5.294684 -0.776495
v 0.058013 5.357646 -0.813838
v 0.000000 5.708717 -0.648822
v 0.000000 5.647997 -0.656168
v 0.025846 5.654150 -0.632831
v 0.021303 5.719731 -0.631519
v 0.100686 5.352579 -0.477707
v 0.100686 5.335185 -0.572059
v 0.034592 5.439348 -0.823853
v 0.024009 5.541079 -0.844937
v 0.048922 5.274890 -0.841247
v 0.048922 5.182208 -0.882098
v 0.061917 5.102702 -0.982688
v 0.034296 5.129670 -0.995812
v 0.033717 5.191014 -0.909902
v 0.024908 5.092449 -0.566134
v 0.023844 5.027368 -0.585587
v 0.022674 5.130250 -0.523867
v 0.024734 5.112628 -0.549716
v 0.026921 5.236493 -0.507754
v 0.024908 5.096244 -0.536405
v 0.024908 5.109527 -0.499086
v 0.024908 5.183533 -0.383333
v 0.024908 5.163924 -0.366255
v 0.024908 5.077900 -0.370683
v 0.013810 4.993774 -0.420652
v 0.013810 4.978594 -0.451014
v 0.015897 4.997006 -0.590647
v 0.024376 5.064336 -0.575228
v 0.024908 5.141153 -0.312490
v 0.026921 5.285830 -0.434381
v 0.042531 5.234682 -0.408857
v 0.067660 5.247560 -0.693774
v 0.067660 5.138259 -0.806111
v 0.056194 5.100499 -0.768507
v 0.056402 5.223998 -0.652413
v 0.061917 4.984293 -0.879459
v 0.083935 5.043498 -0.931073
v 0.053033 5.038548 -0.812900
v 0.000000 5.148556 -1.018969
v 0.000000 5.141584 -1.057522
v 0.044064 5.120562 -1.061417
v 0.022055 5.138653 -1.052763
v 0.046999 5.133254 -1.015810
v 0.023286 5.145689 -1.018295
v 0.078431 5.096954 -1.005744
v 0.083795 5.089746 -1.035684
v 0.102500 5.026234 -0.954790
v 0.089782 4.958150 -0.900322
v 0.000000 4.899673 -0.849995
v 0.097691 5.001824 -0.985082
v 0.064017 5.012362 -1.166106
v 0.083795 4.932879 -0.923094
v 0.083795 4.987399 -1.127489
v 0.097691 4.915730 -1.063709
v 0.080533 4.866268 -1.014001
v 0.000000 4.979220 -1.238103
v 0.000000 4.760765 -0.999890
v 0.058725 4.807063 -1.054989
v 0.074276 4.859258 -1.111983
v 0.064290 4.930927 -1.175763
v 0.043244 4.954979 -1.210737
v -0.000163 4.926989 -1.252553
v 0.000311 4.953527 -1.251664
v 0.055011 4.893956 -1.228474
v 0.074276 4.819725 -1.156275
v 0.000000 4.731989 -1.041243
v 0.049416 4.771436 -1.090632
v 0.000000 4.710563 -1.058189
v 0.000000 4.676148 -1.061695
v 0.000000 4.659102 -1.060367
v 0.000000 4.627702 -1.062408
v 0.000000 4.584767 -1.078317
v 0.000000 4.500023 -1.098736
v 0.000000 4.423493 -1.109365
v 0.000000 4.925312 -1.340698
v 0.000000 4.746682 -1.478767
v 0.000000 5.103467 -1.371402
v 0.000000 5.122268 -1.405282
v 0.000000 4.700769 -1.377581
v 0.000000 4.663441 -1.364443
v 0.000000 4.727728 -1.449203
v 0.040296 4.879197 -1.300688
v 0.038913 4.903971 -1.364468
v 0.029853 4.963534 -1.404528
v 0.019583 5.047872 -1.415070
v 0.008106 5.113233 -1.390296
v 0.019583 5.065267 -1.437209
v 0.019583 4.964314 -1.471366
v 0.019583 4.882339 -1.478956
v 0.019583 4.809471 -1.475161
v 0.019583 4.776833 -1.458462
v 0.019583 4.760134 -1.438727
v 0.019583 4.757098 -1.401534
v 0.019583 4.725977 -1.360546
v 0.019583 4.685748 -1.343089
v 0.041848 4.729970 -1.101058
v 0.029792 4.673745 -1.092713
v 0.021970 4.637726 -1.075142
v 0.019583 4.612392 -1.353631
v 0.027516 4.458055 -1.381462
v 0.021970 4.579730 -1.113269
v 0.021970 4.504177 -1.134353
v 0.021970 4.429624 -1.152566
v 0.000000 4.043992 -1.187545
v 0.000000 3.985368 -1.195685
v 0.000000 3.138369 -1.423524
v 0.000000 3.161892 -1.430132
v 0.000000 3.195486 -1.392277
v 0.027516 4.353055 -1.402335
v 0.021970 4.337274 -1.174704
v 0.039122 4.443839 -1.267014
v 0.021970 4.504177 -1.134353
v 0.023549 4.537420 -1.361397
v 0.021970 4.337274 -1.174704
v 0.049554 4.346482 -1.336838
v 0.050845 4.338803 -1.235386
v 0.027516 4.151066 -1.424633
v 0.021970 4.140532 -1.214053
v 0.048037 4.145799 -1.319343
v 0.000000 4.133402 -1.487430
v 0.000000 4.132614 -1.152910
v 0.000000 4.147446 -1.482160
v 0.000000 4.111454 -1.471044
v 0.000000 4.076802 -1.466837
v 0.000000 4.104720 -1.164542
v 0.000000 4.093332 -1.176676
v 0.038362 4.139566 -1.427815
v 0.049299 4.130875 -1.319318
v 0.031522 4.129902 -1.213457
v 0.028704 4.103232 -1.215009
v 0.028704 4.110348 -1.211846
v 0.038362 4.106700 -1.321495
v 0.019181 4.102976 -1.398303
v 0.019181 4.077556 -1.401353
v 0.019181 4.066880 -1.216550
v 0.019181 4.070693 -1.324458
v 0.019181 3.992450 -1.221735
v 0.019181 3.922900 -1.221430
v 0.019181 3.773370 -1.186514
v 0.019181 3.591200 -1.125791
v 0.019181 3.525923 -1.093912
v 0.017792 3.520610 -1.052924
v 0.010737 3.535032 -1.021803
v 0.009590 3.492822 -1.042112
v 0.017662 3.430228 -1.042112
v 0.019181 3.489684 -1.086957
v 0.049887 3.430750 -1.087689
v 0.022372 3.365407 -1.019446
v 0.022372 3.320602 -0.978155
v 0.022372 3.269595 -0.939900
v 0.022372 3.218739 -0.900430
v 0.049887 3.352417 -1.064918
v 0.049887 3.290480 -1.009356
v 0.049887 3.237651 -0.963814
v 0.049887 3.185732 -0.913717
v 0.053521 3.487398 -1.112247
v 0.044992 3.588603 -1.161795
v 0.044992 3.764397 -1.222822
v 0.044992 3.923795 -1.256523
v 0.044992 4.001217 -1.260167
v 0.019181 4.018256 -1.411896
v 0.044740 4.012271 -1.333243
v 0.019181 3.953246 -1.416288
v 0.019181 3.911955 -1.374559
v 0.022372 3.137564 -0.823472
v 0.022372 3.090124 -0.750730
v 0.022372 3.065877 -0.694857
v 0.022372 3.008422 -0.666393
v 0.022372 2.919340 -0.645308
v 0.022372 2.826569 -0.618953
v 0.087056 2.752786 -0.714844
v 0.087056 2.840813 -0.788639
v 0.087056 2.947817 -0.854528
v 0.076624 2.985562 -0.750942
v 0.019181 3.746910 -1.330838
v 0.034887 3.746910 -1.330838
v 0.042415 3.755653 -1.276830
v 0.034887 3.554888 -1.261584
v 0.034887 3.466840 -1.227428
v 0.034887 3.383345 -1.228946
v 0.026622 3.296056 -1.249440
v 0.026622 3.241405 -1.294254
v 0.026622 3.153964 -1.423230
v 0.026622 3.183042 -1.375946
v 0.026622 3.287095 -1.136111
v 0.026622 3.244926 -1.045975
v 0.026622 3.152682 -1.008023
v 0.026622 3.076777 -1.045975
v 0.026622 3.012997 -1.108174
v 0.023895 2.973991 -1.191458
v 0.018858 2.985587 -1.264199
v 0.026622 3.083630 -0.959002
v 0.026622 3.111567 -0.855161
v 0.000000 7.815741 -0.362863
v 0.000000 7.749803 -0.628447
v 0.000000 7.687528 -0.716364
v 0.000000 7.588621 -0.771313
v 0.000000 7.828562 -0.725522
v 0.000000 7.887174 -0.665079
v 0.000000 8.063009 -0.392168
v 0.000000 7.985165 -0.421474
v 0.000000 7.926095 -0.500234
v 0.000000 7.707675 -0.774060
v 0.000000 7.793762 -0.484665
v 0.000000 7.810246 -0.426511
v 0.000000 7.720497 -0.672405
v 0.000000 7.775445 -0.557472
v 0.000000 7.649980 -0.780013
v 0.000000 7.770866 -0.753454
v 0.000000 7.913961 -0.586320
v 0.000000 8.229686 -0.390337
v 0.000000 8.755360 -0.368357
v 0.000000 9.328655 -0.311577
v 0.000000 9.542839 -0.092127
v 0.000000 8.548388 -0.022182
v 0.000000 8.727469 -0.092285
v 0.000000 8.840988 -0.087662
v 0.000000 9.042694 -0.068659
v 0.000000 9.194833 -0.062821
v 0.000000 9.507746 -0.496033
v 0.000000 8.613867 -0.069346
v 0.000000 9.936750 -0.492907
v 0.000000 9.764030 -0.456458
v 0.000000 9.679867 -0.395374
v 0.000000 9.598223 -0.428572
v 0.000000 9.554229 -0.341091
v 0.000000 9.527454 -0.400896
v 0.000000 9.475784 -0.386116
v 0.000000 9.395861 -0.468410
v 0.000000 9.415680 -0.311133
v 0.000000 9.395594 -0.382140
v 0.000000 9.830770 -0.074543
v 0.000000 9.986823 -0.037272
v 0.000000 9.912092 -0.058106
v 0.000000 9.689003 -0.089929
v 0.000000 10.474574 -0.567841
v 0.000000 10.655191 -0.430469
v 0.000000 10.490581 -0.426074
v 0.000000 10.450779 -0.494413
v 0.000000 10.451229 -0.540031
v 0.000000 10.590322 -0.454637
v 0.000000 10.526089 -0.497247
v 0.000000 10.493971 -0.521096
v 0.000000 10.672998 -0.702668
v 0.000000 10.707342 -0.522686
v 0.000000 10.707977 -0.584694
v 0.000000 10.687626 -0.463858
v 0.000000 10.787474 -0.593916
v 0.000000 10.737867 -0.655288
v 0.000000 10.703207 -0.644953
v 0.000000 10.818001 -0.552895
v 0.000000 10.772846 -0.622058
v 0.000000 10.979540 -0.555121
v 0.000000 10.940745 -0.541129
v 0.000000 10.893365 -0.527774
v 0.000000 10.865859 -0.519824
v 0.000000 11.210587 -0.593101
v 0.000000 11.647362 -0.558286
v 0.000000 12.096796 -0.517141
v 0.000000 12.312018 -0.713373
v 0.000000 12.448115 -0.286093
v 0.000000 12.742463 -0.112016
v 0.000000 12.922870 -0.049678
v 0.000000 12.577882 -0.176900
v 0.000000 12.376902 -0.401617
v 0.000000 12.215486 -0.575694
v 0.000000 11.960700 -0.506063
v 0.041098 7.848189 -0.316005
v 0.023340 7.840240 -0.417586
v 0.023340 7.826107 -0.485600
v 0.023340 7.806674 -0.558031
v 0.020041 7.819040 -0.646362
v 0.017135 7.758976 -0.706427
v 0.014982 7.705977 -0.740875
v 0.011275 7.650329 -0.761191
v 0.000000 7.644258 -0.743838
v 0.019100 7.881755 -0.570397
v 0.023340 7.902071 -0.486483
v 0.023340 7.966553 -0.397270
v 0.023340 8.053117 -0.344271
v 0.034696 7.973619 -0.308056
v 0.034696 8.222712 -0.270074
v 0.023340 8.226244 -0.326605
v 0.034696 8.054883 -0.308497
v 0.048294 8.739703 -0.167331
v 0.086547 8.226113 -0.156897
v 0.060621 8.480722 -0.159928
v 0.077267 8.353418 -0.158412
v 0.000000 8.872007 -0.359967
v 0.000000 9.059671 -0.348888
v 0.048294 8.747355 -0.251492
v 0.048294 8.858788 -0.247715
v 0.058023 9.047659 -0.236383
v 0.058023 9.041898 -0.150333
v 0.048294 8.847361 -0.172053
v 0.058023 9.232658 -0.148444
v 0.058681 9.599069 -0.174886
v 0.050283 9.814383 -0.167331
v 0.057102 10.043861 -0.106330
v 0.045672 9.942343 -0.150052
v 0.058023 9.351364 -0.227317
v 0.034696 9.528149 -0.259047
v 0.034696 9.444290 -0.363304
v 0.034696 9.634672 -0.329307
v 0.034696 9.555346 -0.415433
v 0.034696 9.804656 -0.367837
v 0.034696 9.949709 -0.388235
v 0.034696 10.484593 -0.306643
v 0.000000 10.154737 -0.482155
v 0.034696 10.162756 -0.370104
v 0.034696 10.593384 -0.376903
v 0.018788 10.514057 -0.451696
v 0.016913 10.477794 -0.499292
v 0.014363 10.470414 -0.531445
v 0.034696 10.700280 -0.373108
v 0.034696 10.733171 -0.437626
v 0.015920 10.745190 -0.518589
v 0.015920 10.743292 -0.588167
v 0.014705 10.719889 -0.645727
v 0.015920 10.763533 -0.606510
v 0.015920 10.776183 -0.576149
v 0.021100 10.805279 -0.540727
v 0.034696 10.832478 -0.483167
v 0.034696 10.866002 -0.490125
v 0.034696 10.896363 -0.499613
v 0.034696 10.945068 -0.516059
v 0.034696 10.985550 -0.527444
v 0.034696 11.213259 -0.545155
v 0.000000 11.096961 -0.586762
v 0.034696 11.100670 -0.546420
v 0.034696 11.651373 -0.498702
v 0.000000 11.438993 -0.595732
v 0.034696 11.440514 -0.535591
v 0.080611 12.391093 -0.165905
v 0.080611 12.260545 -0.378045
v 0.080611 12.113678 -0.364447
v 0.056208 11.961372 -0.416122
v 0.082862 10.903619 -0.212141
v 0.082862 10.971931 -0.292472
v 0.082862 10.919432 -0.245665
v 0.082862 10.938091 -0.267487
v 0.082862 11.009251 -0.310182
v 0.082862 11.119427 -0.339038
v 0.082862 11.249275 -0.333791
v 0.082862 11.443394 -0.327233
v 0.082862 11.661121 -0.304936
v 0.082862 11.969349 -0.259030
v 0.082862 12.154285 -0.228863
v 0.096516 12.366766 -0.091144
v -0.138177 3.144478 -0.103639
v -0.138177 5.144478 -0.103639
v -0.105756 3.144478 -0.191499
v -0.105756 5.144478 -0.191499
v -0.029178 3.144478 -0.265617
v -0.057235 5.144478 -0.250206
v -0.029178 5.144478 -0.265617
v 0.029178 5.144478 -0.265617
v -0.112330 5.667664 -0.323085
v -0.050790 3.037690 -0.310296
v -0.124638 3.029655 -0.208716
v -0.161409 3.005330 -0.081746
v -0.063598 2.947894 -0.372466
v -0.137956 2.931954 -0.313298
v -0.163692 2.913405 -0.231777
v -0.173533 2.834085 -0.245991
v -0.130477 2.885701 -0.330243
v -0.069766 2.913614 -0.387238
v -0.052396 2.828997 -0.489414
v -0.071576 2.857727 -0.430836
v -0.130657 2.796957 -0.386258
v -0.180913 5.656372 -0.214606
v -0.192688 5.646450 -0.109635
v -0.141064 5.201527 -0.150852
v -0.151038 5.201479 -0.103065
v -0.070532 5.197959 -0.272734
v -0.116146 5.199743 -0.226544
v -0.138177 4.908593 -0.064381
v -0.105756 4.908593 -0.118960
v -0.057235 4.908593 -0.155429
v -0.029178 4.908593 -0.165003
v 0.029178 4.908593 -0.165003
v -0.138177 5.016001 -0.069675
v -0.105756 5.016001 -0.128743
v -0.057235 5.016001 -0.168210
v -0.029178 5.016001 -0.178571
v 0.029178 5.016001 -0.178571
v -0.138177 3.701470 -0.073171
v -0.105756 3.701470 -0.135202
v -0.057235 3.701470 -0.176649
v -0.029178 3.701470 -0.187530
v -0.138177 3.600566 -0.082626
v -0.105756 3.480636 -0.197571
v -0.057235 3.480636 -0.258139
v -0.029178 3.480636 -0.274039
v -0.105756 3.600566 -0.152673
v -0.057235 3.600566 -0.199477
v -0.029178 3.600566 -0.211764
v -0.138177 4.595260 -0.097067
v -0.105756 4.595260 -0.179357
v -0.057235 4.595260 -0.234341
v -0.029178 4.595260 -0.248775
v -0.138177 4.750112 -0.064367
v -0.105756 4.750112 -0.118935
v -0.057235 4.750112 -0.155396
v -0.029178 4.750112 -0.164967
v -0.138177 4.685425 -0.070284
v -0.105756 4.685425 -0.129868
v -0.057235 4.685425 -0.169680
v -0.029178 4.685425 -0.180132
v -0.138177 4.202806 -0.060741
v -0.105756 4.202806 -0.112235
v -0.057235 4.202806 -0.146642
v -0.029178 4.202806 -0.155674
v -0.138177 4.486518 -0.081748
v -0.105756 4.486518 -0.151051
v -0.057235 4.486518 -0.197357
v -0.029178 4.486518 -0.209514
v -0.100686 5.343091 -0.314304
v -0.158793 5.340062 -0.214567
v -0.186113 5.338547 -0.108223
v -0.129738 5.233697 -0.202374
v -0.162945 5.235394 -0.101187
v -0.084832 5.275855 -0.290563
v -0.097280 5.238183 -0.281479
v -0.065797 5.836524 -0.123436
v -0.061867 6.003151 -0.220105
v -0.013422 6.192127 -0.135604
v -0.013422 6.147399 -0.164996
v -0.013422 6.123971 -0.185017
v -0.032976 6.122565 -0.249424
v -0.025104 6.118348 -0.442647
v -0.057297 6.121160 -0.313832
v -0.058917 6.119754 -0.378239
v -0.025104 6.207803 -0.464116
v -0.025104 6.264031 -0.496831
v -0.017650 6.209336 -0.240223
v -0.017650 6.165887 -0.244824
v -0.044209 6.208570 -0.384884
v -0.064714 6.208953 -0.312554
v -0.025104 5.989533 -0.472295
v -0.025104 6.013047 -0.507565
v -0.020009 6.088189 -0.564817
v -0.064622 6.002414 -0.293794
v -0.043846 5.801218 -0.387645
v -0.034475 5.902736 -0.414635
v -0.193067 2.499208 -0.332329
v -0.131977 2.422385 -0.312196
v -0.026198 2.797827 -0.556398
v -0.121112 2.500790 -0.449161
v -0.101580 2.603069 -0.525835
v -0.087056 2.671083 -0.614166
v -0.025104 6.256303 -0.226687
v -0.065959 6.260167 -0.308392
v -0.066134 6.262099 -0.387887
v -0.025104 6.329666 -0.538543
v -0.018063 6.386468 -0.611538
v -0.018063 6.423272 -0.677786
v -0.014383 6.471853 -0.738881
v -0.011438 6.517491 -0.780838
v -0.025104 6.334696 -0.497567
v -0.012552 6.401937 -0.488957
v -0.025104 6.335579 -0.226392
v -0.073204 6.335138 -0.301915
v -0.052428 6.334917 -0.387375
v -0.012552 6.458468 -0.464224
v -0.012552 6.515000 -0.449208
v -0.012552 6.582131 -0.458041
v -0.012552 6.614814 -0.481007
v -0.023340 6.976086 -0.503090
v -0.023340 7.464128 -0.500440
v -0.023340 7.442045 -0.629402
v -0.023340 7.383747 -0.753948
v -0.023340 7.331632 -0.834329
v -0.023340 7.242418 -0.903227
v -0.023340 7.176170 -0.880261
v -0.023340 7.297183 -0.908527
v -0.023340 7.287025 -0.876728
v -0.023340 7.398764 -0.890861
v -0.023340 7.467661 -0.845812
v -0.023340 7.513593 -0.765431
v -0.023340 7.495044 -0.810922
v -0.023340 7.515360 -0.696534
v -0.014433 7.399470 -0.820550
v -0.014433 7.468368 -0.678514
v -0.014433 7.436039 -0.783451
v -0.014433 7.462803 -0.725683
v -0.023340 7.589558 -0.627636
v -0.023340 7.631956 -0.481360
v -0.023340 7.733713 -0.349924
v -0.041098 7.848189 -0.316005
v -0.034696 7.973619 -0.308056
v -0.034696 8.222712 -0.270074
v -0.023340 8.226244 -0.326605
v -0.034696 8.054883 -0.308497
v -0.025104 6.365009 -0.199158
v -0.025104 6.390925 -0.185981
v -0.025104 6.425627 -0.178074
v -0.021191 6.466917 -0.174121
v -0.018199 6.534122 -0.171046
v -0.011304 6.590786 -0.178513
v -0.073204 6.375988 -0.302266
v -0.063382 6.459007 -0.303320
v -0.032767 6.541587 -0.303584
v -0.062766 6.546287 -0.385266
v -0.073204 6.509653 -0.385266
v -0.073204 6.450221 -0.409513
v -0.073204 6.401003 -0.427962
v -0.032767 6.636466 -0.300421
v -0.032767 6.710244 -0.290402
v -0.032767 6.809525 -0.236663
v -0.032767 6.867819 -0.139203
v -0.032767 6.914272 -0.075444
v -0.012033 6.810083 -0.039503
v -0.009649 6.793612 -0.048959
v -0.009134 6.787658 -0.066139
v -0.013042 6.823047 -0.034775
v -0.008894 6.789864 -0.078054
v -0.007372 6.821107 -0.014515
v -0.004012 6.805643 -0.017269
v -0.003045 6.793992 -0.021506
v -0.003290 6.785307 -0.028496
v -0.002331 6.777681 -0.030403
v -0.062766 6.639192 -0.383080
v -0.103936 6.984582 -0.383080
v -0.017946 6.795450 -0.504071
v -0.062766 6.807515 -0.398382
v -0.063638 7.477192 -0.393259
v -0.048294 8.746262 -0.250399
v -0.034696 8.747355 -0.251492
v -0.048294 8.739703 -0.167331
v -0.086547 8.226113 -0.156897
v -0.060621 8.480722 -0.159928
v -0.048294 8.747355 -0.251492
v -0.048294 8.858788 -0.247715
v -0.021100 10.805279 -0.540727
v -0.034696 10.832478 -0.483167
v -0.034696 10.866002 -0.490125
v -0.080611 12.391093 -0.165905
v -0.096516 12.366766 -0.091144
v -0.112330 5.437383 -0.484267
v -0.112330 5.424479 -0.573074
v -0.076562 5.482773 -0.614408
v -0.030655 5.584635 -0.631519
v -0.076562 5.467744 -0.674784
v -0.112330 5.331877 -0.734748
v -0.097962 5.294684 -0.776495
v -0.058013 5.357646 -0.813838
v -0.025846 5.654150 -0.632831
v -0.021303 5.719731 -0.631519
v -0.100686 5.352579 -0.477707
v -0.100686 5.335185 -0.572059
v -0.034592 5.439348 -0.823853
v -0.024009 5.541079 -0.844937
v -0.048922 5.274890 -0.841247
v -0.048922 5.182208 -0.882098
v -0.061917 5.102702 -0.982688
v -0.034296 5.129670 -0.995812
v -0.033717 5.191014 -0.909902
v -0.024908 5.092449 -0.566134
v -0.023844 5.027368 -0.585587
v -0.022674 5.130250 -0.523867
v -0.024734 5.112628 -0.549716
v -0.026921 5.236493 -0.507754
v -0.024908 5.096244 -0.536405
v -0.024908 5.109527 -0.499086
v -0.024908 5.183533 -0.383333
v -0.024908 5.163924 -0.366255
v -0.024908 5.077900 -0.370683
v -0.013810 4.993774 -0.420652
v -0.013810 4.978594 -0.451014
v -0.015897 4.997006 -0.590647
v -0.024376 5.064336 -0.575228
v -0.024908 5.141153 -0.312490
v -0.026921 5.285830 -0.434381
v -0.042531 5.234682 -0.408857
v -0.067660 5.247560 -0.693774
v -0.067660 5.138259 -0.806111
v -0.056194 5.100499 -0.768507
v -0.056402 5.223998 -0.652413
v -0.061917 4.984293 -0.879459
v -0.083935 5.043498 -0.931073
v -0.053033 5.038548 -0.812900
v -0.044064 5.120562 -1.061417
v -0.022055 5.138653 -1.052763
v -0.046999 5.133254 -1.015810
v -0.023286 5.145689 -1.018295
v -0.078431 5.096954 -1.005744
v -0.083795 5.089746 -1.035684
v -0.102500 5.026234 -0.954790
v -0.089782 4.958150 -0.900322
v -0.097691 5.001824 -0.985082
v -0.064017 5.012362 -1.166106
v -0.083795 4.932879 -0.923094
v -0.083795 4.987399 -1.127489
v -0.097691 4.915730 -1.063709
v -0.080533 4.866268 -1.014001
v -0.058725 4.807063 -1.054989
v -0.074276 4.859258 -1.111983
v -0.064290 4.930927 -1.175763
v -0.043244 4.954979 -1.210737
v 0.000163 4.926989 -1.252553
v -0.000311 4.953527 -1.251664
v -0.055011 4.893956 -1.228474
v -0.074276 4.819725 -1.156275
v -0.049416 4.771436 -1.090632
v -0.040296 4.879197 -1.300688
v -0.038913 4.903971 -1.364468
v -0.029853 4.963534 -1.404528
v -0.019583 5.047872 -1.415070
v -0.008106 5.113233 -1.390296
v -0.019583 5.065267 -1.437209
v -0.019583 4.964314 -1.471366
v -0.019583 4.882339 -1.478956
v -0.019583 4.809471 -1.475161
v -0.019583 4.776833 -1.458462
v -0.019583 4.760134 -1.438727
v -0.019583 4.757098 -1.401534
v -0.019583 4.725977 -1.360546
v -0.019583 4.685748 -1.343089
v -0.041848 4.729970 -1.101058
v -0.029792 4.673745 -1.092713
v -0.021970 4.637726 -1.075142
v -0.019583 4.612392 -1.353631
v -0.027516 4.458055 -1.381462
v -0.021970 4.579730 -1.113269
v -0.021970 4.504177 -1.134353
v -0.021970 4.429624 -1.152566
v -0.027516 4.353055 -1.402335
v -0.021970 4.337274 -1.174704
v -0.039122 4.443839 -1.267014
v -0.021970 4.504177 -1.134353
v -0.023549 4.537420 -1.361397
v -0.021970 4.337274 -1.174704
v -0.049554 4.346482 -1.336838
v -0.050845 4.338803 -1.235386
v -0.027516 4.151066 -1.424633
v -0.021970 4.140532 -1.214053
v -0.048037 4.145799 -1.319343
v -0.038362 4.139566 -1.427815
v -0.049299 4.130875 -1.319318
v -0.031522 4.129902 -1.213457
v -0.028704 4.103232 -1.215009
v -0.028704 4.110348 -1.211846
v -0.038362 4.106700 -1.321495
v -0.019181 4.102976 -1.398303
v -0.019181 4.077556 -1.401353
v -0.019181 4.066880 -1.216550
v -0.019181 4.070693 -1.324458
v -0.019181 3.992450 -1.221735
v -0.019181 3.922900 -1.221430
v -0.019181 3.773370 -1.186514
v -0.019181 3.591200 -1.125791
v -0.019181 3.525923 -1.093912
v -0.017792 3.520610 -1.052924
v -0.010737 3.535032 -1.021803
v -0.009590 3.492822 -1.042112
v -0.017662 3.430228 -1.042112
v -0.019181 3.489684 -1.086957
v -0.049887 3.430750 -1.087689
v -0.022372 3.365407 -1.019446
v -0.022372 3.320602 -0.978155
v -0.022372 3.269595 -0.939900
v -0.022372 3.218739 -0.900430
v -0.049887 3.352417 -1.064918
v -0.049887 3.290480 -1.009356
v -0.049887 3.237651 -0.963814
v -0.049887 3.185732 -0.913717
v -0.053521 3.487398 -1.112247
v -0.044992 3.588603 -1.161795
v -0.044992 3.764397 -1.222822
v -0.044992 3.923795 -1.256523
v -0.044992 4.001217 -1.260167
v -0.019181 4.018256 -1.411896
v -0.044740 4.012271 -1.333243
v -0.019181 3.953246 -1.416288
v -0.019181 3.911955 -1.374559
v -0.022372 3.137564 -0.823472
v -0.022372 3.090124 -0.750730
v -0.022372 3.065877 -0.694857
v -0.022372 3.008422 -0.666393
v -0.022372 2.919340 -0.645308
v -0.022372 2.826569 -0.618953
v -0.087056 2.752786 -0.714844
v -0.087056 2.840813 -0.788639
v -0.087056 2.947817 -0.854528
v -0.076624 2.985562 -0.750942
v -0.019181 3.746910 -1.330838
v -0.034887 3.746910 -1.330838
v -0.042415 3.755653 -1.276830
v -0.034887 3.554888 -1.261584
v -0.034887 3.466840 -1.227428
v -0.034887 3.383345 -1.228946
v -0.026622 3.296056 -1.249440
v -0.026622 3.241405 -1.294254
v -0.026622 3.153964 -1.423230
v -0.026622 3.183042 -1.375946
v -0.026622 3.287095 -1.136111
v -0.026622 3.244926 -1.045975
v -0.026622 3.152682 -1.008023
v -0.026622 3.076777 -1.045975
v -0.026622 3.012997 -1.108174
v -0.023895 2.973991 -1.191458
v -0.018858 2.985587 -1.264199
v -0.026622 3.083630 -0.959002
v -0.026622 3.111567 -0.855161
v -0.041098 7.848189 -0.316005
v -0.023340 7.840240 -0.417586
v -0.023340 7.826107 -0.485600
v -0.023340 7.806674 -0.558031
v -0.020041 7.819040 -0.646362
v -0.017135 7.758976 -0.706427
v -0.014982 7.705977 -0.740875
v -0.011275 7.650329 -0.761191
v -0.019100 7.881755 -0.570397
v -0.023340 7.902071 -0.486483
v -0.023340 7.966553 -0.397270
v -0.023340 8.053117 -0.344271
v -0.034696 7.973619 -0.308056
v -0.034696 8.222712 -0.270074
v -0.023340 8.226244 -0.326605
v -0.034696 8.054883 -0.308497
v -0.048294 8.739703 -0.167331
v -0.086547 8.226113 -0.156897
v -0.060621 8.480722 -0.159928
v -0.077267 8.353418 -0.158412
v -0.048294 8.747355 -0.251492
v -0.048294 8.858788 -0.247715
v -0.058023 9.047659 -0.236383
v -0.058023 9.041898 -0.150333
v -0.048294 8.847361 -0.172053
v -0.058023 9.232658 -0.148444
v -0.058681 9.599069 -0.174886
v -0.050283 9.814383 -0.167331
v -0.057102 10.043861 -0.106330
v -0.045672 9.942343 -0.150052
v -0.058023 9.351364 -0.227317
v -0.034696 9.528149 -0.259047
v -0.034696 9.444290 -0.363304
v -0.034696 9.634672 -0.329307
v -0.034696 9.555346 -0.415433
v -0.034696 9.804656 -0.367837
v -0.034696 9.949709 -0.388235
v -0.034696 10.484593 -0.306643
v -0.034696 10.162756 -0.370104
v -0.034696 10.593384 -0.376903
v -0.018788 10.514057 -0.451696
v -0.016913 10.477794 -0.499292
v -0.014363 10.470414 -0.531445
v -0.034696 10.700280 -0.373108
v -0.034696 10.733171 -0.437626
v -0.015920 10.745190 -0.518589
v -0.015920 10.743292 -0.588167
v -0.014705 10.719889 -0.645727
v -0.015920 10.763533 -0.606510
v -0.015920 10.776183 -0.576149
v -0.021100 10.805279 -0.540727
v -0.034696 10.832478 -0.483167
v -0.034696 10.866002 -0.490125
v -0.034696 10.896363 -0.499613
v -0.034696 10.945068 -0.516059
v -0.034696 10.985550 -0.527444
v -0.034696 11.213259 -0.545155
v -0.034696 11.100670 -0.546420
v -0.034696 11.651373 -0.498702
v -0.034696 11.440514 -0.535591
v -0.080611 12.391093 -0.165905
v -0.080611 12.260545 -0.378045
v -0.080611 12.113678 -0.364447
v -0.056208 11.961372 -0.416122
v -0.082862 10.903619 -0.212141
v -0.082862 10.971931 -0.292472
v -0.082862 10.919432 -0.245665
v -0.082862 10.938091 -0.267487
v -0.082862 11.009251 -0.310182
v -0.082862 11.119427 -0.339038
v -0.082862 11.249275 -0.333791
v -0.082862 11.443394 -0.327233
v -0.082862 11.661121 -0.304936
v -0.082862 11.969349 -0.259030
v -0.082862 12.154285 -0.228863
v -0.096516 12.366766 -0.091144
vn 0.9869 -0.0000 0.1613
vn 0.8696 -0.1262 0.4773
vn 0.5901 -0.3543 0.7254
vn 0.2972 -0.5137 0.8049
vn 0.0988 -0.5582 0.8238
vn -0.0988 -0.5582 0.8238
vn 0.1101 -0.0002 0.9939
vn 0.3229 -0.0002 0.9464
vn 0.6007 -0.0001 0.7994
vn 0.8597 -0.0000 0.5108
vn 0.9847 -0.0000 0.1742
vn -0.1093 -0.1246 0.9862
vn 0.1093 -0.1246 0.9862
vn 0.3209 -0.1119 0.9405
vn 0.5992 -0.0726 0.7973
vn 0.8595 -0.0252 0.5105
vn 0.9847 -0.0000 0.1741
vn 0.9906 0.0128 0.1365
vn 0.9051 0.0725 0.4189
vn 0.6852 0.1607 0.7104
vn 0.3918 0.2149 0.8946
vn 0.1368 0.2356 0.9622
vn 0.1755 -0.0247 0.9842
vn 0.6954 -0.0130 0.7185
vn 0.9380 0.0159 0.3461
vn 0.9940 -0.0000 0.1092
vn 0.1605 0.4618 0.8723
vn 0.4493 0.4117 0.7929
vn 0.7463 0.2924 0.5979
vn 0.8965 0.1553 0.4149
vn 0.9904 -0.0000 0.1379
vn 0.9042 -0.0596 0.4230
vn 0.6785 -0.1851 0.7109
vn 0.3795 -0.2979 0.8759
vn 0.1312 -0.3367 0.9324
vn 0.9870 0.0146 0.1599
vn 0.8755 0.0805 0.4764
vn 0.6253 0.1683 0.7620
vn 0.3409 0.2146 0.9153
vn 0.1168 0.2309 0.9659
vn 0.1308 0.6079 0.7832
vn 0.3788 0.5606 0.7364
vn 0.6774 0.4287 0.5978
vn 0.9121 0.1972 0.3594
vn 0.9926 0.0346 0.1164
vn 0.1247 0.0641 0.9901
vn 0.3609 0.0591 0.9307
vn 0.6488 0.0455 0.7596
vn 0.8861 0.0212 0.4631
vn 0.9881 0.0038 0.1537
vn 0.1022 -0.1855 0.9773
vn 0.3021 -0.1677 0.9384
vn 0.5749 -0.1109 0.8107
vn 0.8456 -0.0394 0.5324
vn 0.9829 -0.0000 0.1842
vn -0.0000 1.0000 -0.0000
vn 0.1460 0.5555 0.8186
vn 0.4938 0.4188 0.7621
vn 0.6362 0.4038 0.6574
vn 0.7978 0.2156 0.5630
vn 0.9188 0.2019 0.3391
vn 0.9595 0.1201 0.2549
vn 0.9832 0.1472 0.1080
vn 0.9691 0.1809 0.1675
vn 0.9395 0.3018 0.1620
vn 0.9399 0.2974 0.1679
vn 0.9137 0.3484 0.2092
vn 0.5995 0.5117 0.6155
vn 0.3480 0.5037 0.7907
vn 0.8949 0.0187 0.4459
vn 0.7131 0.4454 0.5414
vn 0.7199 0.3799 0.5809
vn 0.3545 0.4301 0.8303
vn 0.3318 0.5869 0.7386
vn 0.7810 0.4204 0.4619
vn 0.7910 0.3747 0.4837
vn 0.8277 0.2408 0.5069
vn 0.9740 0.0166 0.2260
vn 0.3935 -0.8835 0.2543
vn 0.9167 0.2146 0.3370
vn 0.9364 0.1378 0.3227
vn 0.9903 -0.0401 0.1332
vn 0.0314 -0.2766 0.9605
vn 0.7827 -0.6224 -0.0000
vn 0.0454 -0.9986 0.0287
vn 0.6461 0.5635 0.5149
vn 0.6089 0.6326 0.4786
vn 0.8000 0.5608 -0.2134
vn 0.8033 0.5583 -0.2074
vn 0.8641 0.1376 -0.4842
vn 0.9160 0.3764 -0.1392
vn 0.8764 0.3739 -0.3035
vn 0.9004 -0.0477 -0.4325
vn 0.9273 0.2404 -0.2868
vn 0.5105 -0.5524 0.6590
vn 0.9954 0.0504 -0.0819
vn 0.4854 -0.4584 0.7445
vn 0.9377 0.3460 0.0316
vn 0.8398 -0.5243 -0.1410
vn 0.4487 0.1622 0.8789
vn 0.6268 -0.6323 0.4553
vn 0.6902 -0.5140 0.5093
vn 0.6974 -0.5565 0.4516
vn 0.2381 -0.8875 0.3945
vn 0.8500 0.1213 -0.5126
vn 0.8455 0.2370 -0.4784
vn 0.8706 0.4513 -0.1959
vn 0.8803 0.4565 -0.1296
vn 0.9941 0.0905 -0.0591
vn 0.9659 -0.2499 -0.0672
vn 0.6859 0.3061 -0.6602
vn 0.9687 -0.1723 0.1786
vn 0.8198 0.3976 -0.4121
vn 0.8440 0.3502 -0.4062
vn 0.8309 0.3338 -0.4451
vn 0.7579 0.4421 -0.4797
vn 1.0000 -0.0000 -0.0000
vn 0.9719 -0.1363 0.1920
vn 0.8595 0.2410 0.4508
vn 0.8673 -0.1894 0.4604
vn 0.9263 -0.2582 -0.2745
vn 0.9456 -0.2862 -0.1547
vn 0.6441 0.7226 0.2511
vn 0.8641 0.1387 -0.4838
vn 0.8415 0.2852 -0.4588
vn 0.8350 0.4928 -0.2447
vn 0.8552 0.4417 -0.2712
vn 0.8439 0.3576 -0.3999
vn 0.8646 0.3383 -0.3716
vn 0.8225 0.2401 -0.5156
vn 0.9957 -0.0926 0.0073
vn 0.9884 -0.1406 0.0578
vn 0.9132 0.0074 0.4076
vn 0.5796 0.2925 -0.7606
vn 0.9927 -0.0955 0.0734
vn 0.8601 -0.1845 0.4756
vn 0.9953 -0.0439 0.0860
vn 0.9954 -0.0346 0.0891
vn 0.5927 0.1518 -0.7910
vn 0.7789 0.3275 -0.5348
vn 0.8408 0.2375 -0.4864
vn 0.7658 0.2033 -0.6100
vn 0.9199 0.1598 0.3582
vn 0.9325 0.0465 0.3582
vn 0.8080 0.3736 0.4556
vn 0.7095 0.5734 0.4096
vn 0.9989 -0.0157 0.0451
vn 0.9989 -0.0097 0.0461
vn 0.7978 0.1247 -0.5899
vn 0.9870 -0.0076 0.1608
vn 0.8336 -0.0384 -0.5511
vn 0.8271 0.0264 -0.5615
vn 0.8049 0.0026 -0.5934
vn 0.8099 -0.0408 -0.5852
vn 0.4912 -0.8427 -0.2203
vn 0.9334 0.3585 -0.0127
vn 0.9178 0.3931 -0.0563
vn 0.9513 0.0208 0.3076
vn 0.9509 0.0542 0.3049
vn 0.9619 0.0660 0.2655
vn 0.7474 -0.6079 0.2679
vn 0.9590 0.0338 0.2813
vn 0.9112 0.0123 0.4117
vn 0.9783 -0.1275 -0.1631
vn 0.9039 -0.4174 -0.0935
vn 0.8985 -0.3880 0.2056
vn 0.8327 -0.5390 0.1271
vn 0.8134 0.2043 0.5446
vn 0.8017 -0.3576 0.4789
vn 0.9952 -0.0395 -0.0890
vn 0.8057 -0.2405 -0.5412
vn 0.8563 -0.0814 -0.5100
vn 0.7121 0.6542 -0.2550
vn 0.9005 -0.0853 -0.4263
vn 0.9734 0.1585 -0.1656
vn 0.8993 -0.1020 -0.4253
vn 0.8871 -0.1076 -0.4489
vn 0.9890 -0.0351 -0.1438
vn 0.8923 -0.1071 -0.4386
vn 0.8498 -0.1417 -0.5077
vn 0.9999 0.0060 0.0091
vn 0.5898 -0.4064 -0.6978
vn 0.5746 -0.2844 -0.7675
vn 0.9782 -0.2073 -0.0105
vn 0.6736 0.2007 -0.7113
vn 0.9780 -0.2081 -0.0107
vn 0.7267 -0.0542 -0.6848
vn 0.7472 -0.2871 -0.5994
vn 0.7701 -0.5404 -0.3390
vn 0.6552 -0.5781 -0.4864
vn 0.6506 -0.6235 -0.4336
vn 0.5864 -0.6145 -0.5278
vn 0.9806 -0.1958 -0.0021
vn 0.8409 0.2335 -0.4883
vn 0.8234 0.4884 -0.2890
vn 0.9570 0.2745 0.0934
vn 0.8856 0.1873 0.4250
vn 0.8171 0.4989 0.2888
vn -0.0216 0.8092 -0.5871
vn 0.5179 0.4291 0.7401
vn 0.4179 0.7407 0.5261
vn 0.5942 0.4422 0.6719
vn 0.7731 0.1213 0.6226
vn 0.7661 0.1428 0.6267
vn 0.7625 0.1264 0.6345
vn 0.6844 -0.1017 0.7220
vn 0.8384 -0.0256 0.5444
vn 0.7041 0.3485 -0.6187
vn 0.7017 0.2139 -0.6796
vn 0.5836 0.6550 -0.4800
vn 0.6676 0.2761 -0.6914
vn 0.3991 0.6121 0.6827
vn 0.3744 0.4551 0.8079
vn 0.9134 0.3951 0.0983
vn 0.3320 0.4393 0.8347
vn 0.7422 0.0387 0.6690
vn 0.5414 0.2253 0.8100
vn 0.6609 0.0607 0.7480
vn 0.5555 -0.0117 -0.8315
vn 0.5407 0.0593 -0.8391
vn 0.5978 0.1153 -0.7933
vn 0.6645 0.2222 -0.7135
vn 0.5039 0.3799 -0.7758
vn 0.3832 0.8677 0.3168
vn 0.8410 -0.0589 0.5378
vn 0.9661 -0.0676 0.2492
vn 0.9738 -0.0756 0.2144
vn 0.9994 -0.0359 0.0021
vn 0.7333 -0.5642 -0.3794
vn 0.6561 -0.7534 0.0437
vn 0.9738 -0.2186 0.0633
vn 0.8871 -0.4408 0.1370
vn 0.7928 -0.6090 0.0251
vn 0.9000 -0.4298 -0.0731
vn 0.6372 -0.5079 -0.5796
vn 0.9493 -0.2254 -0.2193
vn 0.9716 -0.1630 -0.1716
vn 0.8938 -0.4420 -0.0756
vn 0.6284 -0.5334 -0.5663
vn 0.6511 -0.5388 -0.5346
vn 0.5724 -0.6032 -0.5555
vn 0.6737 -0.3595 -0.6457
vn 0.5785 -0.0501 -0.8142
vn 0.7684 -0.4770 -0.4267
vn 0.6868 -0.5023 -0.5254
vn 0.6290 -0.1985 -0.7516
vn 0.9776 -0.1532 -0.1442
vn 0.7226 0.2788 0.6325
vn 0.9890 -0.1281 -0.0734
vn 0.8275 -0.5522 -0.1018
vn 0.9915 -0.1291 -0.0188
vn 0.6215 0.3315 0.7098
vn 0.7277 0.1204 0.6752
vn 0.8324 0.5527 0.0411
vn 0.8590 0.3697 -0.3541
vn 0.9659 0.0206 0.2580
vn 0.8275 0.1649 0.5367
vn 0.7397 0.0551 0.6707
vn 0.9807 -0.0806 0.1782
vn 0.9645 -0.0657 0.2557
vn 0.8663 -0.2081 0.4541
vn 0.8543 -0.0585 0.5165
vn 0.2838 0.9289 -0.2379
vn 0.2460 0.9206 -0.3034
vn 0.5282 0.4354 -0.7290
vn 0.5281 0.3208 -0.7862
vn 0.9368 -0.1978 -0.2887
vn 0.9240 -0.2484 -0.2906
vn 0.9614 0.2745 0.0160
vn 0.7460 0.5195 -0.4168
vn 0.9316 -0.0838 -0.3536
vn 0.8952 0.2980 -0.3315
vn 0.9976 0.0655 -0.0237
vn 0.9961 -0.0845 -0.0269
vn 0.8789 0.1109 0.4639
vn 0.8748 0.1087 0.4722
vn 0.8794 0.1068 0.4640
vn 0.9243 0.3176 -0.2118
vn 0.7584 0.3802 -0.5293
vn 0.7780 0.4133 -0.4732
vn 0.8773 0.1023 0.4689
vn 0.7312 -0.1156 0.6724
vn 0.7910 -0.2404 0.5627
vn 0.9158 -0.2666 0.3004
vn 0.4266 0.5186 0.7410
vn 0.8495 -0.1231 0.5129
vn 0.8276 -0.2823 0.4851
vn 0.8702 -0.2643 0.4159
vn 0.8648 -0.3524 0.3576
vn 0.9443 -0.2877 0.1598
vn 0.9322 -0.2539 0.2580
vn 0.9109 -0.0960 0.4012
vn 0.9262 -0.2211 0.3055
vn 0.8492 0.4062 -0.3374
vn 0.8562 0.3785 -0.3516
vn 0.9371 0.2985 -0.1809
vn 0.9272 0.3275 -0.1819
vn 0.9822 0.1863 0.0229
vn 0.9770 0.1983 0.0786
vn 0.9745 0.2145 0.0660
vn 0.9090 0.1671 0.3819
vn 0.9115 0.1398 0.3868
vn 0.8937 -0.0585 0.4449
vn 0.8823 -0.2706 0.3851
vn 0.9326 -0.2076 0.2954
vn 0.9472 -0.0683 0.3132
vn 0.9169 -0.0049 0.3990
vn 0.8852 -0.0000 0.4653
vn 0.8738 -0.4793 -0.0821
vn 0.9890 0.1338 0.0626
vn 0.7876 -0.5581 -0.2612
vn 0.9841 0.1488 0.0965
vn 0.8336 -0.4635 -0.3005
vn 0.7992 -0.3607 -0.4808
vn 0.9068 -0.2153 -0.3625
vn 0.6324 0.2892 -0.7187
vn 0.8304 0.1825 -0.5264
vn 0.6378 -0.5352 0.5539
vn 0.7881 -0.2016 0.5816
vn 0.8453 -0.0515 0.5317
vn 0.8230 0.0530 0.5656
vn 0.9886 -0.0824 -0.1261
vn 0.9868 0.1044 -0.1240
vn 0.9884 0.1082 0.1066
vn 0.9896 -0.1024 -0.1009
vn 0.7667 0.5051 0.3964
vn 0.8187 0.3143 0.4806
vn 0.7623 0.5931 0.2592
vn 0.7486 0.6623 0.0309
vn 0.8274 -0.3903 0.4039
vn 0.6120 0.5381 0.5795
vn 0.7569 0.6518 -0.0475
vn 0.6844 0.6870 0.2442
vn 0.7864 0.4640 0.4078
vn 0.9483 -0.0545 0.3126
vn 0.7152 0.0943 0.6926
vn -0.0000 0.0339 0.9994
vn 0.9989 0.0477 -0.0038
vn 0.9588 0.0199 0.2833
vn 0.9495 -0.0000 0.3138
vn 0.9089 -0.0363 0.4153
vn 0.9635 0.0597 0.2608
vn 0.9473 -0.0017 0.3203
vn 0.9604 0.0662 0.2707
vn 0.4583 -0.1806 0.8703
vn 0.5504 0.6971 0.4594
vn 0.5601 -0.5111 0.6519
vn 0.8701 0.1808 0.4585
vn 0.8144 0.3231 0.4820
vn 0.9460 0.1514 0.2866
vn 0.9320 0.1977 0.3037
vn 0.9749 0.1762 0.1364
vn 0.9963 0.0809 0.0304
vn 0.9855 -0.0321 0.1668
vn 0.7107 -0.7035 -0.0036
vn 0.8641 -0.4958 0.0861
vn 0.8837 -0.4429 0.1516
vn 0.9581 -0.2316 -0.1687
vn 0.7573 -0.5279 -0.3846
vn 0.9536 -0.2584 -0.1546
vn 0.7218 -0.5939 -0.3553
vn 0.7454 -0.2953 -0.5977
vn 0.7867 -0.0908 -0.6107
vn 0.7803 -0.0073 -0.6254
vn 0.7941 0.0192 -0.6075
vn 0.5772 0.0875 -0.8119
vn 0.4767 0.6139 -0.6292
vn 0.8845 -0.4123 0.2185
vn 0.9393 -0.3364 0.0670
vn 0.9691 -0.0733 0.2354
vn 0.9222 0.1760 0.3442
vn 0.8998 -0.3805 0.2133
vn 0.9997 -0.0244 -0.0016
vn 0.8686 -0.2595 -0.4221
vn 0.8290 -0.2723 -0.4884
vn 0.7517 -0.0025 -0.6595
vn 0.9378 -0.2358 -0.2548
vn 0.8706 -0.2230 -0.4386
vn 0.8345 0.2498 0.4912
vn 0.8503 0.3574 0.3862
vn 0.8369 0.1999 0.5096
vn 0.8024 0.1211 0.5844
vn 0.8118 0.0955 0.5760
vn 0.7615 -0.2251 0.6079
vn 0.7589 0.0065 0.6512
vn 0.5735 0.5496 -0.6075
vn 0.6736 0.1766 -0.7177
vn 0.7219 0.0743 -0.6880
vn 0.8102 0.0156 -0.5860
vn 0.8093 -0.0725 -0.5830
vn 0.8944 -0.0017 -0.4472
vn 0.8529 -0.0794 -0.5161
vn 0.6938 0.2174 0.6866
vn 0.6800 0.2939 0.6717
vn 0.6717 0.1902 0.7160
vn 0.8261 0.0133 0.5634
vn 0.7186 0.2048 0.6645
vn 0.8806 0.3276 -0.3423
vn 0.9748 0.1177 -0.1896
vn 0.9388 -0.0081 -0.3443
vn 0.9568 0.0263 -0.2895
vn 0.9710 -0.2311 -0.0616
vn 0.8261 -0.1450 0.5445
vn 0.8932 -0.0407 0.4479
vn 0.8270 0.0561 0.5594
vn 0.7345 0.6686 -0.1161
vn 0.6771 -0.0946 0.7298
vn 0.5665 0.2430 0.7874
vn 0.6899 0.6774 0.2554
vn 0.7799 0.3851 0.4934
vn 0.6418 -0.4496 -0.6213
vn 0.6610 -0.3020 -0.6870
vn 0.7164 -0.3446 -0.6067
vn 0.2544 0.8467 0.4674
vn 0.7953 -0.0655 0.6026
vn 0.7687 0.1613 0.6190
vn 0.8261 0.3673 0.4273
vn 0.7136 -0.0819 0.6958
vn 0.8623 0.1429 0.4859
vn 0.6958 0.1181 -0.7084
vn 0.8161 -0.2346 -0.5281
vn 0.8316 -0.3338 -0.4439
vn 0.7773 -0.2710 -0.5678
vn 0.6936 -0.2696 -0.6680
vn 0.8330 -0.3643 0.4164
vn 0.6588 -0.7194 -0.2202
vn 0.4413 -0.4267 0.7894
vn 0.6362 -0.7563 0.1528
vn 0.4492 0.7816 -0.4329
vn 0.4094 0.8985 -0.1582
vn 0.9005 -0.2937 0.3207
vn 0.9632 0.2671 0.0315
vn 0.9837 -0.1784 -0.0210
vn 0.9891 0.1336 0.0619
vn 0.9901 -0.1274 -0.0590
vn 0.7002 -0.5944 0.3954
vn 0.9175 0.2584 0.3024
vn 0.6924 0.4181 0.5880
vn 0.8719 0.2689 0.4093
vn 0.6659 -0.1563 -0.7295
vn 0.7691 -0.2810 -0.5740
vn 0.8310 0.5560 -0.0173
vn 0.9265 0.3264 0.1870
vn 0.9938 -0.0232 0.1090
vn 0.7057 0.0786 0.7041
vn 0.7872 0.5369 0.3033
vn 1.0000 0.0096 0.0012
vn 0.8017 0.3814 0.4603
vn 0.7377 0.1951 0.6463
vn 0.8043 0.1496 0.5750
vn 0.6764 -0.1943 0.7104
vn 0.6726 -0.1739 0.7193
vn 0.7266 -0.1724 -0.6651
vn 0.7740 -0.2959 -0.5599
vn 0.7992 -0.1728 -0.5756
vn 0.8815 -0.1603 -0.4441
vn 0.8271 -0.5295 -0.1885
vn 0.8821 -0.3094 0.3553
vn 0.7948 -0.5113 -0.3269
vn 0.9552 -0.2495 -0.1595
vn 0.9641 0.2203 0.1481
vn 0.8523 -0.0009 0.5231
vn 0.7433 -0.3717 0.5562
vn 0.9127 -0.2831 0.2948
vn 0.9389 -0.1587 0.3055
vn 0.9427 -0.3275 0.0637
vn 0.9810 -0.1381 0.1363
vn 0.9551 -0.2650 0.1329
vn 0.9289 -0.3154 0.1942
vn 0.9562 -0.2137 0.1998
vn 0.8926 -0.3489 0.2856
vn 0.6757 -0.4812 0.5585
vn 0.4325 -0.4392 0.7874
vn 0.6518 -0.4263 0.6272
vn 0.9390 -0.1585 0.3054
vn 0.9190 -0.0956 0.3825
vn 0.8297 -0.5140 0.2177
vn 0.8414 -0.3549 0.4075
vn 0.8982 -0.4002 0.1819
vn 0.9081 0.2131 0.3605
vn 0.7889 -0.6138 0.0283
vn 0.8106 -0.2880 -0.5099
vn 0.1260 -0.6964 0.7065
vn -0.9061 -0.4082 -0.1115
vn 0.8765 -0.3260 -0.3543
vn 0.9059 -0.2168 -0.3638
vn 0.9265 -0.3029 -0.2234
vn 0.7773 0.5627 0.2814
vn 0.7463 -0.6612 0.0763
vn 0.6824 -0.6538 -0.3269
vn 0.7812 0.5652 0.2652
vn 0.8950 0.2342 0.3797
vn 0.8026 0.0307 0.5957
vn 0.9977 0.0484 -0.0465
vn 0.9775 -0.1209 -0.1727
vn 0.0665 0.7055 -0.7055
vn 0.2428 0.3731 0.8955
vn -1.0000 -0.0000 -0.0000
vn 0.1255 0.9712 0.2027
vn 0.3929 0.8289 -0.3982
vn 0.4694 0.8424 0.2646
vn 0.3626 0.6817 0.6355
vn 0.6355 0.3664 0.6796
vn 0.6439 0.5593 0.5221
vn 0.8730 0.0603 0.4839
vn 0.6863 0.6881 0.2357
vn 0.6726 0.6697 -0.3148
vn 0.9677 0.2220 -0.1199
vn 0.9898 0.0960 0.1051
vn 0.9386 -0.1093 0.3273
vn 0.9384 -0.3410 0.0562
vn 0.9713 -0.1604 -0.1756
vn 0.9631 -0.2685 -0.0169
vn 0.9766 0.0500 0.2092
vn 0.9768 0.0513 0.2079
vn 0.5950 0.6682 0.4467
vn 0.6897 0.0119 0.7240
vn 0.5363 0.3293 0.7771
vn 0.4741 0.8387 0.2680
vn 0.6444 0.7377 -0.2013
vn 0.5880 0.7582 -0.2818
vn 0.6709 0.4814 -0.5640
vn 0.6917 0.1719 -0.7014
vn 0.9855 0.1333 -0.1048
vn 0.9339 -0.1345 -0.3312
vn 0.9316 -0.0938 -0.3512
vn 0.8910 0.3750 0.2558
vn 0.8785 0.4246 0.2192
vn 0.7124 0.2249 0.6648
vn 0.8474 0.0490 0.5287
vn 0.8897 -0.0237 0.4559
vn 0.9939 -0.0501 0.0980
vn 0.8516 -0.2388 0.4667
vn 0.9934 -0.0872 0.0738
vn 0.8493 -0.4030 0.3410
vn 0.9875 -0.1569 0.0128
vn 0.8816 -0.4705 0.0384
vn 0.9915 -0.1034 0.0785
vn 0.8405 -0.4315 0.3276
vn 0.8239 -0.2256 0.5199
vn 0.6760 0.1048 0.7294
vn 0.9931 0.0728 0.0917
vn 0.9793 0.1993 -0.0360
vn 0.8111 0.1346 0.5692
vn 0.9478 0.0622 0.3127
vn 0.9483 0.0348 0.3156
vn 0.8531 0.0689 0.5172
vn 0.8252 0.1193 0.5522
vn 0.6328 0.6926 0.3462
vn 0.9810 -0.0242 0.1924
vn 0.9921 0.0837 0.0933
vn 0.9655 -0.1155 -0.2333
vn 0.7210 0.6598 -0.2115
vn 0.9999 -0.0087 0.0134
vn 0.9940 0.1096 0.0043
vn 0.9835 0.1624 0.0796
vn 0.9955 0.0135 0.0940
vn 0.9694 -0.0361 0.2430
vn 0.9716 -0.0941 0.2169
vn 0.9863 -0.0086 0.1649
vn 0.9883 0.0140 0.1517
vn 0.9872 0.0511 0.1511
vn 0.8062 -0.2342 -0.5432
vn 0.8830 -0.4690 0.0166
vn 0.9388 0.0232 0.3436
vn 0.9624 -0.1931 0.1911
vn 0.9263 -0.2678 0.2650
vn 0.9903 -0.0470 0.1304
vn -0.0000 -0.2561 0.9667
vn -0.0000 0.5185 -0.8551
vn 0.8568 -0.1750 0.4851
vn 0.9766 0.0110 0.2147
vn 0.9416 -0.3324 0.0535
vn 0.3625 0.7979 0.4816
vn 0.3673 0.6957 0.6174
vn 0.4017 -0.7690 -0.4972
vn 0.4045 -0.7441 -0.5316
vn 0.5959 -0.5092 -0.6210
vn 0.9117 -0.4096 0.0324
vn 0.8568 -0.4670 0.2185
vn 0.9677 -0.2283 0.1068
vn 0.8396 0.3628 -0.4044
vn 0.8043 0.1659 -0.5706
vn 0.7515 0.3849 -0.5358
vn 0.9572 -0.0631 -0.2826
vn 0.9468 -0.0019 -0.3218
vn 0.9041 -0.2049 -0.3749
vn 0.8875 -0.0807 -0.4537
vn 0.8601 0.4396 0.2588
vn 0.9426 -0.1653 -0.2903
vn 0.8355 0.5458 0.0635
vn 0.8736 0.4780 -0.0916
vn 0.9994 0.0067 -0.0347
vn 0.9104 -0.1574 0.3826
vn 0.7706 0.1449 -0.6206
vn 0.8219 0.1868 -0.5381
vn 0.9742 -0.2079 -0.0877
vn 0.9499 -0.3109 -0.0327
vn 0.7422 -0.4606 0.4869
vn 0.8773 -0.4608 0.1342
vn 0.6777 0.7169 -0.1636
vn 0.6731 0.7391 0.0241
vn 0.7912 0.5069 0.3421
vn 0.8672 0.3916 0.3077
vn 0.4673 -0.4714 0.7479
vn 0.9712 0.1532 0.1823
vn 0.7650 0.3448 0.5439
vn 0.9983 0.0582 -0.0000
vn 0.9211 -0.3882 -0.0296
vn 0.6191 -0.6068 -0.4985
vn 0.7884 -0.6106 -0.0743
vn 0.9936 -0.0289 0.1091
vn 0.9250 -0.1667 0.3413
vn 0.7140 -0.3766 0.5902
vn 0.4140 -0.5106 0.7536
vn 0.1452 -0.5623 0.8141
vn -0.1452 -0.5623 0.8141
vn -0.1101 -0.0002 0.9939
vn 0.6008 -0.0002 0.7994
vn 0.8598 -0.0001 0.5107
vn -0.1181 -0.1269 0.9849
vn 0.1181 -0.1269 0.9849
vn 0.3440 -0.1177 0.9316
vn 0.6283 -0.0919 0.7725
vn 0.8758 -0.0438 0.4807
vn 0.9869 -0.0079 0.1613
vn 0.9881 -0.0000 0.1537
vn 0.8854 0.0434 0.4628
vn 0.6440 0.1305 0.7538
vn 0.3538 0.2064 0.9123
vn 0.1215 0.2318 0.9651
vn 0.1809 -0.0251 0.9832
vn 0.4929 -0.0218 0.8698
vn 0.7794 -0.0512 0.6244
vn 0.9637 -0.0048 0.2668
vn 0.9917 0.0059 0.1281
vn 0.1252 0.4572 0.8805
vn 0.3661 0.4089 0.8359
vn 0.6703 0.2602 0.6949
vn 0.9906 -0.0000 0.1365
vn 0.9931 -0.0164 0.1165
vn 0.9262 -0.0950 0.3649
vn 0.7315 -0.2195 0.6455
vn 0.4356 -0.3057 0.8467
vn 0.1549 -0.3413 0.9271
vn 0.8588 0.0467 0.5102
vn 0.5953 0.1339 0.7922
vn 0.3160 0.2046 0.9264
vn 0.1072 0.2269 0.9680
vn 0.0958 0.6030 0.7920
vn 0.2897 0.5578 0.7778
vn 0.5839 0.3906 0.7117
vn 0.8697 0.1406 0.4732
vn 0.9871 -0.0000 0.1599
vn 0.1038 0.0631 0.9926
vn 0.3059 0.0569 0.9503
vn 0.5780 0.0373 0.8152
vn 0.8462 0.0132 0.5328
vn 0.1368 -0.1882 0.9726
vn 0.3917 -0.1715 0.9040
vn 0.6847 -0.1282 0.7175
vn 0.9043 -0.0579 0.4230
vn 0.9904 -0.0102 0.1379
vn 0.9164 0.3473 0.1989
vn 0.6825 0.5754 0.4507
vn 0.4557 0.5497 0.7001
vn 0.9507 0.1650 0.2626
vn 0.6357 0.1728 0.7523
vn 0.3589 0.4231 0.8320
vn 0.4472 0.6823 0.5784
vn 0.8490 0.0835 0.5218
vn 0.8457 -0.5325 0.0345
vn 0.1127 -0.9936 -0.0000
vn 0.8179 0.1210 -0.5626
vn 0.9152 0.3845 -0.1207
vn 0.8667 0.1363 -0.4798
vn 0.4862 -0.5430 0.6847
vn 0.5333 -0.4798 0.6967
vn 0.7769 0.0515 0.6275
vn 0.5095 -0.5334 0.6752
vn 0.9946 0.0711 -0.0750
vn 0.7450 0.4090 -0.5269
vn 0.8121 0.3501 -0.4668
vn 0.8330 0.3340 -0.4411
vn 0.8188 0.4390 -0.3700
vn 0.8509 0.2350 0.4699
vn 0.8505 -0.1806 0.4941
vn 0.9741 -0.2254 -0.0178
vn 0.4531 0.7327 0.5077
vn 0.8335 0.1273 -0.5376
vn 0.7679 0.2844 -0.5740
vn 0.8561 0.4742 -0.2058
vn 0.8407 0.4535 -0.2958
vn 0.8650 0.3453 -0.3642
vn 0.8329 0.3393 -0.4372
vn 0.7882 0.2238 -0.5733
vn 0.9658 -0.0724 0.2491
vn 0.9871 0.0029 0.1602
vn 0.9870 0.0046 0.1605
vn 0.6970 0.3147 -0.6443
vn 0.7318 0.2175 -0.6458
vn 0.8423 0.1896 -0.5045
vn 0.9132 0.0092 0.4075
vn 0.6037 0.5944 0.5312
vn 0.8230 0.1292 -0.5532
vn 0.8055 0.0026 -0.5925
vn 0.7848 -0.0143 -0.6195
vn 0.8568 -0.0709 -0.5107
vn 0.9175 0.3961 -0.0354
vn 0.9583 0.0500 0.2813
vn 0.9656 -0.0314 0.2583
vn 0.7859 -0.4509 -0.4232
vn 0.8670 -0.1918 -0.4600
vn 0.8438 0.3281 -0.4246
vn 0.9173 -0.0781 -0.3906
vn 0.8889 -0.0707 -0.4525
vn 0.8921 -0.1111 -0.4379
vn 0.8526 -0.0719 -0.5176
vn 0.8308 -0.1304 -0.5410
vn 0.7691 -0.3511 -0.5341
vn 0.7497 0.4131 -0.5170
vn 0.7222 0.0537 -0.6896
vn 0.7167 -0.0707 -0.6938
vn 0.7878 -0.3821 -0.4831
vn 0.7637 -0.5299 -0.3687
vn 0.7720 -0.3408 -0.5365
vn 0.5862 -0.6117 -0.5312
vn 0.6328 -0.7143 -0.2989
vn 0.9782 -0.2058 0.0288
vn 0.7284 0.2759 -0.6272
vn 0.7194 0.5888 -0.3685
vn 0.9594 0.2705 0.0802
vn 0.7311 0.5575 0.3932
vn 0.3707 0.7446 0.5551
vn 0.6817 0.0690 0.7284
vn 0.5905 0.0719 0.8039
vn 0.7841 0.2398 -0.5725
vn 0.7736 0.1525 -0.6151
vn 0.3210 0.4967 0.8064
vn 0.6859 0.2507 0.6832
vn 0.6533 0.1013 0.7503
vn 0.5970 0.0963 0.7964
vn 0.6074 0.0262 -0.7939
vn 0.6753 0.0606 -0.7350
vn 0.4988 0.3574 -0.7896
vn 0.3834 0.6791 -0.6260
vn 0.4780 0.8693 0.1263
vn 0.8626 -0.0446 0.5039
vn 0.9933 -0.0217 0.1135
vn 0.9978 -0.0216 0.0620
vn 0.9725 -0.2230 0.0676
vn 0.8143 -0.0265 0.5799
vn 0.9441 -0.1251 0.3052
vn 0.9776 -0.1508 -0.1467
vn 0.6757 -0.4519 -0.5825
vn 0.7009 -0.5041 -0.5045
vn 0.5350 -0.0993 -0.8390
vn 0.9597 -0.1493 -0.2382
vn 0.9539 -0.1573 -0.2556
vn 0.9907 -0.1341 -0.0247
vn 0.8413 0.1649 0.5147
vn 0.8545 -0.0334 0.5184
vn 0.8705 -0.0764 0.4863
vn 0.5426 0.6400 -0.5440
vn 0.3481 0.4096 -0.8433
vn 0.9205 -0.0554 -0.3869
vn 0.9170 -0.1852 -0.3532
vn 0.9160 0.2952 -0.2717
vn 0.0009 -0.1053 -0.9944
vn 0.8350 0.0899 -0.5428
vn 0.9970 0.0677 -0.0366
vn 0.9983 0.0449 -0.0369
vn 0.9528 0.1375 0.2708
vn 0.9707 -0.0560 0.2335
vn 0.9263 0.3203 -0.1983
vn 0.9040 -0.2187 0.3675
vn 0.9586 -0.2369 0.1579
vn 0.4946 0.6151 0.6140
vn 0.8385 -0.1137 0.5328
vn 0.8688 -0.3052 0.3900
vn 0.8690 -0.2641 0.4184
vn 0.9448 -0.2838 0.1640
vn 0.9305 -0.3023 0.2068
vn 0.9239 -0.2603 0.2805
vn 0.9090 -0.2262 0.3501
vn 0.9343 0.3194 -0.1582
vn 0.9295 0.3069 -0.2046
vn 0.9631 0.2664 -0.0376
vn 0.9723 0.2204 -0.0777
vn 0.8824 0.1208 0.4547
vn 0.9055 -0.0667 0.4190
vn 0.9505 -0.2122 0.2269
vn 0.9192 -0.0618 0.3889
vn 0.8859 -0.0239 0.4633
vn 0.8948 0.0024 0.4465
vn 0.8669 -0.4927 -0.0754
vn 0.8478 -0.4608 -0.2624
vn 0.8515 -0.4261 -0.3055
vn 0.8563 -0.3558 -0.3743
vn 0.8057 -0.1216 -0.5797
vn 0.6691 -0.0135 -0.7430
vn 0.8344 -0.2362 0.4980
vn 0.8316 -0.0343 0.5544
vn 0.8704 0.0844 0.4851
vn 0.9918 -0.1004 -0.0788
vn 0.7901 0.5000 0.3547
vn 0.8225 0.3141 0.4741
vn 0.7755 0.5846 0.2384
vn 0.7650 0.6438 0.0165
vn 0.7084 0.5201 0.4772
vn 0.7964 0.5809 0.1684
vn 0.8503 0.4161 0.3221
vn 0.9067 0.1993 0.3717
vn 0.9588 0.0204 0.2833
vn 0.9100 -0.0974 0.4030
vn 0.9820 -0.0184 0.1879
vn 0.0736 0.9942 -0.0785
vn 0.0829 0.0353 0.9959
vn 0.9805 0.0070 0.1965
vn -0.0000 -0.9959 0.0905
vn 0.6295 0.6735 0.3874
vn 0.8593 0.1347 0.4935
vn 0.9336 0.0405 0.3560
vn 0.7830 -0.5884 0.2015
vn 0.7899 -0.4822 0.3788
vn 0.7750 -0.5201 -0.3591
vn 0.7634 -0.5691 -0.3056
vn 0.7772 -0.2996 -0.5534
vn 0.7800 -0.0842 -0.6201
vn 0.7952 -0.0202 -0.6060
vn 0.5642 0.2117 -0.7980
vn 0.5840 0.0794 -0.8079
vn 0.8435 0.0046 -0.5372
vn 0.9717 -0.0020 0.2362
vn 0.9827 0.1849 -0.0067
vn 0.9706 -0.0025 0.2407
vn 0.9152 -0.2026 0.3483
vn 0.8909 -0.3789 0.2505
vn 0.8363 -0.0646 -0.5445
vn 0.7671 -0.2029 -0.6086
vn 0.9285 -0.1557 -0.3373
vn 0.8715 -0.1663 -0.4614
vn 0.8353 -0.1394 -0.5318
vn 0.8529 0.3015 0.4262
vn 0.8905 0.3976 0.2209
vn 0.8021 0.1327 0.5823
vn 0.8084 0.1315 0.5737
vn 0.7624 0.0634 0.6440
vn 0.7526 0.0098 0.6584
vn 0.6955 0.1849 -0.6943
vn 0.8101 0.0092 -0.5863
vn 0.8070 0.0200 -0.5902
vn 0.8357 -0.1220 -0.5354
vn 0.8363 -0.1269 -0.5334
vn 0.8378 -0.0575 -0.5429
vn 0.6658 0.2619 0.6986
vn 0.7104 0.2659 0.6516
vn 0.8022 -0.0779 0.5919
vn 0.9250 0.2636 -0.2738
vn 0.9401 -0.0114 -0.3408
vn 0.9395 -0.0461 -0.3394
vn 0.9481 -0.1514 -0.2798
vn 0.9214 -0.0254 0.3878
vn 0.9211 -0.0763 0.3819
vn 0.9359 0.0019 0.3521
vn 0.5899 0.3361 0.7342
vn 0.7084 -0.4648 -0.5312
vn 0.6745 -0.3114 -0.6694
vn 0.5908 -0.7063 -0.3899
vn 0.7726 -0.0867 0.6289
vn 0.8446 0.1880 0.5013
vn 0.8067 0.3691 0.4614
vn 0.6902 0.0926 0.7176
vn 0.8092 -0.2314 -0.5400
vn 0.8056 -0.3397 -0.4853
vn 0.8550 -0.2749 -0.4398
vn 0.8101 -0.1343 -0.5707
vn 0.6477 -0.7257 -0.2321
vn 0.4990 -0.8151 0.2943
vn 0.6874 0.6781 0.2601
vn 0.9855 -0.1694 -0.0043
vn 0.9907 -0.1257 -0.0513
vn 0.9188 0.3104 0.2439
vn 0.7790 0.4622 0.4237
vn 0.9011 -0.2382 -0.3624
vn 0.7839 0.6131 0.0980
vn 0.8808 0.4594 0.1144
vn 0.8387 0.2748 0.4702
vn 0.7805 0.5263 0.3373
vn 0.7542 0.3213 0.5727
vn 0.7984 0.2608 0.5427
vn 0.7468 0.0780 0.6604
vn 0.7488 -0.0865 0.6571
vn 0.7295 -0.3517 -0.5866
vn 0.8545 -0.3101 -0.4168
vn 0.8279 -0.5563 -0.0710
vn 0.7009 -0.5909 -0.3996
vn 0.7136 -0.6170 -0.3318
vn 0.9874 -0.0263 0.1563
vn 0.9268 -0.2988 0.2274
vn 0.8254 -0.2816 0.4894
vn 0.9422 -0.2283 0.2453
vn 0.9702 -0.2178 0.1066
vn 0.8899 -0.3168 0.3284
vn 0.6119 -0.5338 0.5837
vn 0.8000 -0.5716 0.1823
vn 0.7814 0.1101 0.6143
vn 0.6347 0.3912 -0.6664
vn 0.8711 -0.3306 -0.3631
vn 0.8130 -0.5547 -0.1772
vn 0.7514 0.2609 0.6061
vn 0.7837 0.0081 0.6211
vn 0.9968 0.0754 0.0268
vn 0.1668 0.9703 0.1755
vn 0.5804 0.7935 0.1827
vn 0.1282 0.5505 0.8249
vn 0.1595 0.7648 0.6242
vn 0.3562 0.4899 0.7957
vn 0.9024 0.0537 0.4275
vn 0.9004 0.3766 0.2177
vn 0.7071 0.4721 0.5264
vn 0.7587 0.6511 0.0209
vn 0.5039 0.7361 -0.4520
vn 0.9554 0.1366 0.2618
vn 0.9895 0.0963 0.1074
vn 0.9583 -0.1034 0.2662
vn 0.9409 -0.3384 0.0119
vn 0.9880 -0.1393 -0.0666
vn 0.9547 -0.2221 -0.1982
vn 0.9946 0.0772 0.0689
vn 0.8956 0.2745 0.3502
vn 0.6333 0.4699 -0.6149
vn 0.8161 0.0744 -0.5731
vn 0.8220 -0.0698 -0.5651
vn 0.7248 0.5090 0.4642
vn 0.8255 0.2220 0.5189
vn 0.9096 0.1008 0.4031
vn 0.9132 -0.0493 0.4046
vn 0.8903 -0.2561 0.3764
vn 0.8803 -0.3994 0.2560
vn 0.8646 -0.4957 0.0829
vn 0.8694 -0.4158 0.2669
vn 0.7804 -0.2076 0.5899
vn 0.8221 0.2027 0.5321
vn 1.0000 0.0027 0.0096
vn 0.9986 0.0513 -0.0145
vn 0.8920 0.1522 0.4257
vn 0.8385 0.0998 0.5356
vn 0.8266 0.0617 0.5594
vn 0.8145 0.1131 0.5690
vn 0.7367 0.5543 0.3873
vn 0.7092 0.6974 0.1033
vn 0.9826 0.0834 -0.1658
vn 0.9845 -0.1645 0.0605
vn 0.9072 -0.4193 -0.0351
vn 0.9902 -0.1219 0.0688
vn 0.9844 0.0337 0.1726
vn 0.9856 0.1331 -0.1046
vn 0.8662 -0.1075 -0.4880
vn 0.9635 -0.2558 -0.0791
vn 0.8721 -0.4484 0.1960
vn 0.9590 -0.0300 0.2818
vn 0.9198 -0.2665 0.2880
vn 0.9877 0.0552 0.1466
vn 0.9223 -0.0990 0.3737
vn 0.7000 -0.2332 0.6750
vn 0.6974 -0.1755 0.6948
vn 0.5840 0.6914 0.4252
vn 0.4423 -0.7640 -0.4698
vn 0.6639 -0.6567 -0.3578
vn 0.9257 -0.3647 -0.1001
vn 0.8643 -0.5017 -0.0352
vn 0.8502 -0.4734 0.2302
vn 0.9274 -0.2498 0.2785
vn 0.8443 0.3631 -0.3940
vn 0.8610 0.2225 -0.4574
vn 0.9719 0.1253 -0.1991
vn 0.8407 0.1084 -0.5305
vn 0.8784 0.4615 0.1245
vn 0.8451 0.5126 -0.1520
vn 0.9558 -0.1972 -0.2182
vn 0.9675 -0.1652 0.1916
vn 0.7671 0.1448 -0.6250
vn 0.8046 0.1878 -0.5633
vn 0.9325 -0.2522 -0.2586
vn 0.9067 -0.3927 -0.1542
vn 0.7445 -0.6111 0.2689
vn 0.7828 0.6206 -0.0447
vn 0.8502 0.4655 0.2459
vn 0.8232 0.3964 0.4064
vn 0.6573 -0.7515 0.0561
vn 0.7630 -0.6329 -0.1315
vn 0.8043 -0.5762 -0.1450
vn 0.9982 0.0514 0.0301
vn 0.9522 -0.2955 0.0769
vn 0.9587 -0.2367 -0.1578
vn 0.9483 -0.2539 -0.1904
vn 0.8507 -0.2327 -0.4713
vn 0.8509 -0.2292 -0.4727
vn 0.8562 -0.0725 0.5116
vn 0.8562 0.0530 0.5139
vn 0.9060 0.1312 0.4024
vn 0.9514 0.2210 0.2143
vn 0.9592 0.1753 0.2218
vn 0.8784 0.3738 0.2977
vn 0.7563 0.6261 0.1898
vn 0.7818 0.5054 0.3653
vn 0.9879 0.0809 0.1322
vn 0.8918 0.2362 0.3858
vn 0.9390 0.0349 0.3420
vn 0.9800 0.0444 0.1941
vn 0.8794 0.1095 0.4634
vn 0.9988 -0.0496 0.0033
vn 0.8878 -0.0181 0.4598
vn 0.8213 0.0170 0.5702
vn 0.8228 0.0066 0.5683
vn 0.8147 -0.5798 0.0018
vn 0.7689 -0.6152 -0.1740
vn 0.8419 -0.2971 0.4505
vn 0.7427 0.4803 0.4665
vn 0.9003 0.3392 0.2729
vn 0.6573 -0.7380 -0.1529
vn 0.6710 -0.6767 -0.3030
vn 0.8433 -0.1188 0.5241
vn 0.7216 0.4138 0.5550
vn 0.9137 0.2989 0.2753
vn 0.9400 -0.2004 0.2761
vn 0.9374 -0.0485 0.3448
vn 0.9544 0.0253 0.2973
vn 0.9417 -0.1826 0.2827
vn 0.9596 0.0544 0.2760
vn 0.9879 -0.0000 0.1552
vn 0.9969 0.0153 0.0778
vn 0.6095 -0.4107 -0.6781
vn 0.8966 -0.2564 -0.3610
vn 0.8741 -0.0524 -0.4829
vn 0.8762 -0.0333 -0.4807
vn 0.9989 -0.0065 0.0462
vn 0.9768 -0.1180 0.1789
vn 0.9887 0.0436 0.1435
vn 0.8185 -0.0086 -0.5745
vn 0.8015 0.0416 -0.5966
vn 0.8152 -0.0057 -0.5792
vn 0.8669 -0.0979 -0.4887
vn 0.8670 0.0218 -0.4978
vn 0.9283 0.2174 -0.3018
vn 0.8849 0.0922 -0.4566
vn 0.6862 0.1487 0.7121
vn 0.5602 0.8141 0.1534
vn 0.9915 0.1297 -0.0075
vn 0.9067 0.0611 0.4173
vn 0.9267 0.2197 0.3049
vn 0.9897 0.0588 0.1306
vn 0.9532 -0.0016 0.3025
vn 1.0000 -0.0020 0.0030
vn 0.9989 0.0039 0.0459
vn 0.9918 -0.0000 0.1280
vn 0.8489 0.0188 0.5282
vn 0.8910 0.2039 0.4057
vn 0.7973 0.5715 0.1944
vn 0.9008 0.3275 0.2850
vn 0.8702 -0.4258 -0.2480
vn 0.8152 -0.4436 0.3724
vn 0.8018 -0.5976 0.0059
vn 0.7781 0.5802 0.2408
vn 0.8265 -0.4037 0.3922
vn 0.8345 -0.4830 0.2652
vn 0.9213 -0.3887 -0.0106
vn 0.9998 -0.0140 0.0154
vn 0.7173 -0.6173 -0.3231
vn 0.7333 -0.6351 -0.2428
vn 0.7799 0.3692 0.5054
vn 0.7466 0.4330 0.5051
vn 0.7350 0.6259 0.2608
vn 0.6406 0.5448 0.5412
vn 0.9779 -0.0871 0.1898
vn 0.6333 -0.2308 0.7387
vn 0.6231 -0.2502 0.7410
vn 0.5893 -0.2187 0.7778
vn 0.6319 -0.1261 0.7648
vn 0.7578 0.0073 0.6524
vn 0.8658 0.0210 0.5000
vn 0.8582 0.0885 0.5057
vn 0.8449 0.0822 0.5286
vn 0.8834 0.0173 0.4683
vn 0.9999 -0.0015 0.0162
vn 0.8813 -0.3869 0.2713
vn 0.9256 -0.1674 0.3394
vn 0.8273 0.5500 0.1145
vn 0.8105 0.4988 0.3070
vn 0.8001 0.1198 0.5878
vn 0.8270 0.1836 0.5314
vn 0.9786 0.1146 0.1709
vn 0.9801 0.0596 0.1891
vn 0.9832 0.0505 0.1753
vn 0.9845 -0.0087 0.1751
vn 0.9998 0.0028 0.0175
vn 0.9854 0.0251 0.1685
vn 0.9699 0.0248 0.2423
vn 0.9743 0.0076 0.2253
vn 0.9746 0.0090 0.2236
vn 0.9741 -0.0367 0.2229
vn 1.0000 0.0017 -0.0036
vn 0.9759 -0.0590 0.2099
vn 1.0000 0.0025 -0.0034
vn 0.9769 -0.0683 0.2023
vn 1.0000 0.0036 -0.0031
vn 0.9795 -0.0601 0.1924
vn 1.0000 0.0051 -0.0024
vn 0.9820 -0.0384 0.1851
vn 1.0000 0.0036 -0.0033
vn 0.9825 -0.1193 0.1433
vn 0.9875 -0.1572 -0.0106
vn 0.9943 -0.0729 0.0784
vn 0.9962 -0.0026 0.0873
vn 0.9949 -0.0094 0.1002
vn 0.9885 -0.0278 0.1488
vn 0.9926 -0.1067 0.0575
vn 0.7803 -0.6231 -0.0538
vn 0.8023 -0.5742 -0.1628
vn 0.7923 -0.5893 -0.1581
vn 0.7848 -0.5828 -0.2106
vn 0.9485 -0.2457 -0.1998
vn 0.8986 -0.2642 -0.3504
vn 0.8980 -0.2358 -0.3714
vn 0.9096 0.0877 0.4062
vn 0.9399 0.1584 0.3024
vn 0.9407 0.1478 0.3054
vn 0.9619 0.2588 0.0880
vn 0.8725 0.4838 0.0682
vn 0.7621 0.5180 0.3885
vn 0.7812 0.2199 0.5842
vn 0.8993 0.0048 0.4372
vn 0.9522 0.0310 0.3038
vn 0.9392 0.0143 0.3432
vn 0.9987 -0.0510 0.0077
vn 0.9193 0.0232 0.3928
vn 0.8897 0.0627 0.4522
vn 0.8294 0.0029 0.5586
vn 0.8457 -0.4158 -0.3344
vn 0.7148 0.3481 0.6065
vn 0.8278 -0.4127 -0.3801
vn 0.6324 0.2918 0.7176
vn 0.9496 -0.0647 0.3067
vn 0.9485 0.0156 0.3163
vn 0.9531 0.0499 0.2987
vn 0.9806 -0.0376 0.1925
vn 0.8358 -0.4413 -0.3266
vn 0.8201 -0.1537 -0.5512
vn 0.9032 -0.0850 -0.4207
vn 0.9957 0.0466 0.0797
vn 0.9969 -0.0174 0.0767
vn 0.8290 0.0127 -0.5591
vn 0.8168 0.0484 -0.5749
vn 0.8320 -0.0213 -0.5544
vn 0.8138 -0.0545 -0.5786
vn 0.8423 -0.0219 -0.5385
vn 0.8355 0.0554 -0.5467
vn 0.8945 0.4449 -0.0436
vn 0.9199 0.3589 0.1577
vn 0.9746 0.0685 0.2130
vn 0.9843 0.0280 0.1743
vn 0.9970 0.0462 0.0616
vn 0.9435 0.0662 0.3247
vn 0.9916 -0.0631 0.1127
vn 0.9891 -0.0798 0.1236
vn 0.9919 0.0045 0.1269
vn 0.9003 0.1519 0.4078
vn 0.9216 0.2146 0.3235
vn 0.8488 0.3152 0.4245
vn 0.8283 -0.4610 -0.3186
vn 0.8717 -0.4171 -0.2570
vn 0.8507 -0.5230 -0.0526
vn 0.8858 -0.4135 0.2108
vn 0.9193 -0.3732 0.1251
vn 0.9115 -0.4113 0.0042
vn 0.9124 -0.4081 -0.0323
vn 0.7957 0.4172 0.4392
vn 0.6961 0.6370 0.3311
vn 0.7772 0.5048 0.3757
vn 0.6265 -0.2164 0.7488
vn 0.5892 -0.2192 0.7777
vn 0.6290 -0.2637 0.7313
vn 0.7547 -0.1707 0.6334
vn 0.8106 -0.0326 0.5847
vn 0.8103 -0.0067 0.5860
vn 0.8617 0.0897 0.4994
vn 0.8586 0.0843 0.5056
vn 0.8474 -0.0431 0.5292
vn 0.8855 -0.0428 0.4627
vn 0.8102 0.4990 0.3076
vn 0.8474 0.3418 0.4062
vn 0.9999 0.0114 0.0070
vn 0.9481 -0.0155 0.3175
vn 0.9885 0.0244 0.1495
vn 0.9816 -0.1025 0.1613
vn 0.9705 -0.0031 0.2411
vn 0.9734 0.0395 0.2256
vn 0.9746 0.0094 0.2237
vn 0.9740 0.0025 0.2265
vn 0.9761 -0.0551 0.2104
vn 0.9755 -0.0944 0.1988
vn 0.9750 -0.1319 0.1786
vn 0.9721 -0.1784 0.1525
vn 0.9660 -0.2338 0.1103
vn 0.9831 -0.1346 0.1242
vn 0.9984 -0.0143 0.0546
vn 0.9984 0.0023 0.0561
vn 0.9964 0.0029 0.0846
vn 0.9961 0.0090 0.0876
vn 0.9947 0.0152 0.1018
vn 0.9535 -0.1731 0.2468
vn -0.9869 -0.0000 0.1613
vn -0.8696 -0.1262 0.4773
vn -0.5901 -0.3543 0.7254
vn -0.2972 -0.5137 0.8049
vn -0.3229 -0.0002 0.9464
vn -0.6007 -0.0001 0.7994
vn -0.8597 -0.0000 0.5108
vn -0.9847 -0.0000 0.1742
vn -0.3209 -0.1119 0.9405
vn -0.5992 -0.0726 0.7973
vn -0.8595 -0.0252 0.5105
vn -0.9847 -0.0000 0.1741
vn -0.9906 0.0128 0.1365
vn -0.9051 0.0725 0.4189
vn -0.6852 0.1607 0.7104
vn -0.3918 0.2149 0.8946
vn -0.1368 0.2356 0.9622
vn -0.1755 -0.0247 0.9842
vn -0.6954 -0.0130 0.7185
vn -0.9380 0.0159 0.3461
vn -0.9940 -0.0000 0.1092
vn -0.1605 0.4618 0.8723
vn -0.4493 0.4117 0.7929
vn -0.7463 0.2924 0.5979
vn -0.8965 0.1553 0.4149
vn -0.9904 -0.0000 0.1379
vn -0.9042 -0.0596 0.4230
vn -0.6785 -0.1851 0.7109
vn -0.3795 -0.2979 0.8759
vn -0.1312 -0.3367 0.9324
vn -0.9870 0.0146 0.1599
vn -0.8755 0.0805 0.4764
vn -0.6253 0.1683 0.7620
vn -0.3409 0.2146 0.9153
vn -0.1168 0.2309 0.9659
vn -0.1308 0.6079 0.7832
vn -0.3788 0.5606 0.7364
vn -0.6774 0.4287 0.5978
vn -0.9121 0.1972 0.3594
vn -0.9926 0.0346 0.1164
vn -0.1247 0.0641 0.9901
vn -0.3609 0.0591 0.9307
vn -0.6488 0.0455 0.7596
vn -0.8861 0.0212 0.4631
vn -0.9881 0.0038 0.1537
vn -0.1022 -0.1855 0.9773
vn -0.3021 -0.1677 0.9384
vn -0.5749 -0.1109 0.8107
vn -0.8456 -0.0394 0.5324
vn -0.9829 -0.0000 0.1842
vn -0.1460 0.5555 0.8186
vn -0.4938 0.4188 0.7621
vn -0.6362 0.4038 0.6574
vn -0.7978 0.2156 0.5630
vn -0.9188 0.2019 0.3391
vn -0.9595 0.1201 0.2549
vn -0.9832 0.1472 0.1080
vn -0.9691 0.1809 0.1675
vn -0.9395 0.3018 0.1620
vn -0.9399 0.2974 0.1679
vn -0.9137 0.3484 0.2092
vn -0.5995 0.5117 0.6155
vn -0.3480 0.5037 0.7907
vn -0.8949 0.0187 0.4459
vn -0.7131 0.4454 0.5414
vn -0.7199 0.3799 0.5809
vn -0.3545 0.4301 0.8303
vn -0.3318 0.5869 0.7386
vn -0.7810 0.4204 0.4619
vn -0.7910 0.3747 0.4837
vn -0.8277 0.2408 0.5069
vn -0.9740 0.0166 0.2260
vn -0.3935 -0.8835 0.2543
vn -0.9167 0.2146 0.3370
vn -0.9364 0.1378 0.3227
vn -0.9903 -0.0401 0.1332
vn -0.0314 -0.2766 0.9605
vn -0.7827 -0.6224 -0.0000
vn -0.0454 -0.9986 0.0287
vn -0.6461 0.5635 0.5149
vn -0.6089 0.6326 0.4786
vn -0.8000 0.5608 -0.2134
vn -0.8033 0.5583 -0.2074
vn -0.8641 0.1376 -0.4842
vn -0.9160 0.3764 -0.1392
vn -0.8764 0.3739 -0.3035
vn -0.9004 -0.0477 -0.4325
vn -0.9273 0.2404 -0.2868
vn -0.5105 -0.5524 0.6590
vn -0.9954 0.0504 -0.0819
vn -0.4854 -0.4584 0.7445
vn -0.9377 0.3460 0.0316
vn -0.8398 -0.5243 -0.1410
vn -0.4487 0.1622 0.8789
vn -0.6268 -0.6323 0.4553
vn -0.6902 -0.5140 0.5093
vn -0.6974 -0.5565 0.4516
vn -0.2381 -0.8875 0.3945
vn -0.8500 0.1213 -0.5126
vn -0.8455 0.2370 -0.4784
vn -0.8706 0.4513 -0.1959
vn -0.8803 0.4565 -0.1296
vn -0.9941 0.0905 -0.0591
vn -0.9659 -0.2499 -0.0672
vn -0.6859 0.3061 -0.6602
vn -0.9687 -0.1723 0.1786
vn -0.8198 0.3976 -0.4121
vn -0.8440 0.3502 -0.4062
vn -0.8309 0.3338 -0.4451
vn -0.7579 0.4421 -0.4797
vn -0.9719 -0.1363 0.1920
vn -0.8595 0.2410 0.4508
vn -0.8673 -0.1894 0.4604
vn -0.9263 -0.2582 -0.2745
vn -0.9456 -0.2862 -0.1547
vn -0.6441 0.7226 0.2511
vn -0.8641 0.1387 -0.4838
vn -0.8415 0.2852 -0.4588
vn -0.8350 0.4928 -0.2447
vn -0.8552 0.4417 -0.2712
vn -0.8439 0.3576 -0.3999
vn -0.8646 0.3383 -0.3716
vn -0.8225 0.2401 -0.5156
vn -0.9957 -0.0926 0.0073
vn -0.9884 -0.1406 0.0578
vn -0.9132 0.0074 0.4076
vn -0.5796 0.2925 -0.7606
vn -0.9927 -0.0955 0.0734
vn -0.8601 -0.1845 0.4756
vn -0.9953 -0.0439 0.0860
vn -0.9954 -0.0346 0.0891
vn -0.5927 0.1518 -0.7910
vn -0.7789 0.3275 -0.5348
vn -0.8408 0.2375 -0.4864
vn -0.7658 0.2033 -0.6100
vn -0.9199 0.1598 0.3582
vn -0.9325 0.0465 0.3582
vn -0.8080 0.3736 0.4556
vn -0.7095 0.5734 0.4096
vn -0.9989 -0.0157 0.0451
vn -0.9989 -0.0097 0.0461
vn -0.7978 0.1247 -0.5899
vn -0.9870 -0.0076 0.1608
vn -0.8336 -0.0384 -0.5511
vn -0.8271 0.0264 -0.5615
vn -0.8049 0.0026 -0.5934
vn -0.8099 -0.0408 -0.5852
vn -0.4912 -0.8427 -0.2203
vn -0.9334 0.3585 -0.0127
vn -0.9178 0.3931 -0.0563
vn -0.9513 0.0208 0.3076
vn -0.9509 0.0542 0.3049
vn -0.9619 0.0660 0.2655
vn -0.7474 -0.6079 0.2679
vn -0.9590 0.0338 0.2813
vn -0.9112 0.0123 0.4117
vn -0.9783 -0.1275 -0.1631
vn -0.9039 -0.4174 -0.0935
vn -0.8985 -0.3880 0.2056
vn -0.8327 -0.5390 0.1271
vn -0.8134 0.2043 0.5446
vn -0.8017 -0.3576 0.4789
vn -0.9952 -0.0395 -0.0890
vn -0.8057 -0.2405 -0.5412
vn -0.8563 -0.0814 -0.5100
vn -0.7121 0.6542 -0.2550
vn -0.9005 -0.0853 -0.4263
vn -0.9734 0.1585 -0.1656
vn -0.8993 -0.1020 -0.4253
vn -0.8871 -0.1076 -0.4489
vn -0.9890 -0.0351 -0.1438
vn -0.8923 -0.1071 -0.4386
vn -0.8498 -0.1417 -0.5077
vn -0.9999 0.0060 0.0091
vn -0.5898 -0.4064 -0.6978
vn -0.5746 -0.2844 -0.7675
vn -0.9782 -0.2073 -0.0105
vn -0.6736 0.2007 -0.7113
vn -0.9780 -0.2081 -0.0107
vn -0.7267 -0.0542 -0.6848
vn -0.7472 -0.2871 -0.5994
vn -0.7701 -0.5404 -0.3390
vn -0.6552 -0.5781 -0.4864
vn -0.6506 -0.6235 -0.4336
vn -0.5864 -0.6145 -0.5278
vn -0.9806 -0.1958 -0.0021
vn -0.8409 0.2335 -0.4883
vn -0.8234 0.4884 -0.2890
vn -0.9570 0.2745 0.0934
vn -0.8856 0.1873 0.4250
vn -0.8171 0.4989 0.2888
vn 0.0216 0.8092 -0.5871
vn -0.5179 0.4291 0.7401
vn -0.4179 0.7407 0.5261
vn -0.5942 0.4422 0.6719
vn -0.7731 0.1213 0.6226
vn -0.7661 0.1428 0.6267
vn -0.7625 0.1264 0.6345
vn -0.6844 -0.1017 0.7220
vn -0.8384 -0.0256 0.5444
vn -0.7041 0.3485 -0.6187
vn -0.7017 0.2139 -0.6796
vn -0.5836 0.6550 -0.4800
vn -0.6676 0.2761 -0.6914
vn -0.3991 0.6121 0.6827
vn -0.3744 0.4551 0.8079
vn -0.9134 0.3951 0.0983
vn -0.3320 0.4393 0.8347
vn -0.7422 0.0387 0.6690
vn -0.5414 0.2253 0.8100
vn -0.6609 0.0607 0.7480
vn -0.5555 -0.0117 -0.8315
vn -0.5407 0.0593 -0.8391
vn -0.5978 0.1153 -0.7933
vn -0.6645 0.2222 -0.7135
vn -0.5039 0.3799 -0.7758
vn -0.3832 0.8677 0.3168
vn -0.8410 -0.0589 0.5378
vn -0.9661 -0.0676 0.2492
vn -0.9738 -0.0756 0.2144
vn -0.9994 -0.0359 0.0021
vn -0.7333 -0.5642 -0.3794
vn -0.6561 -0.7534 0.0437
vn -0.9738 -0.2186 0.0633
vn -0.8871 -0.4408 0.1370
vn -0.7928 -0.6090 0.0251
vn -0.9000 -0.4298 -0.0731
vn -0.6372 -0.5079 -0.5796
vn -0.9493 -0.2254 -0.2193
vn -0.9716 -0.1630 -0.1716
vn -0.8938 -0.4420 -0.0756
vn -0.6284 -0.5334 -0.5663
vn -0.6511 -0.5388 -0.5346
vn -0.5724 -0.6032 -0.5555
vn -0.6737 -0.3595 -0.6457
vn -0.5785 -0.0501 -0.8142
vn -0.7684 -0.4770 -0.4267
vn -0.6868 -0.5023 -0.5254
vn -0.6290 -0.1985 -0.7516
vn -0.9776 -0.1532 -0.1442
vn -0.7226 0.2788 0.6325
vn -0.9890 -0.1281 -0.0734
vn -0.8275 -0.5522 -0.1018
vn -0.9915 -0.1291 -0.0188
vn -0.6215 0.3315 0.7098
vn -0.7277 0.1204 0.6752
vn -0.8324 0.5527 0.0411
vn -0.8590 0.3697 -0.3541
vn -0.9659 0.0206 0.2580
vn -0.8275 0.1649 0.5367
vn -0.7397 0.0551 0.6707
vn -0.9807 -0.0806 0.1782
vn -0.9645 -0.0657 0.2557
vn -0.8663 -0.2081 0.4541
vn -0.8543 -0.0585 0.5165
vn -0.2838 0.9289 -0.2379
vn -0.2460 0.9206 -0.3034
vn -0.5282 0.4354 -0.7290
vn -0.5281 0.3208 -0.7862
vn -0.9368 -0.1978 -0.2887
vn -0.9240 -0.2484 -0.2906
vn -0.9614 0.2745 0.0160
vn -0.7460 0.5195 -0.4168
vn -0.9316 -0.0838 -0.3536
vn -0.8952 0.2980 -0.3315
vn -0.9976 0.0655 -0.0237
vn -0.9961 -0.0845 -0.0269
vn -0.8789 0.1109 0.4639
vn -0.8748 0.1087 0.4722
vn -0.8794 0.1068 0.4640
vn -0.9243 0.3176 -0.2118
vn -0.7584 0.3802 -0.5293
vn -0.7780 0.4133 -0.4732
vn -0.8773 0.1023 0.4689
vn -0.7312 -0.1156 0.6724
vn -0.7910 -0.2404 0.5627
vn -0.9158 -0.2666 0.3004
vn -0.4266 0.5186 0.7410
vn -0.8495 -0.1231 0.5129
vn -0.8276 -0.2823 0.4851
vn -0.8702 -0.2643 0.4159
vn -0.8648 -0.3524 0.3576
vn -0.9443 -0.2877 0.1598
vn -0.9322 -0.2539 0.2580
vn -0.9109 -0.0960 0.4012
vn -0.9262 -0.2211 0.3055
vn -0.8492 0.4062 -0.3374
vn -0.8562 0.3785 -0.3516
vn -0.9371 0.2985 -0.1809
vn -0.9272 0.3275 -0.1819
vn -0.9822 0.1863 0.0229
vn -0.9770 0.1983 0.0786
vn -0.9745 0.2145 0.0660
vn -0.9090 0.1671 0.3819
vn -0.9115 0.1398 0.3868
vn -0.8937 -0.0585 0.4449
vn -0.8823 -0.2706 0.3851
vn -0.9326 -0.2076 0.2954
vn -0.9472 -0.0683 0.3132
vn -0.9169 -0.0049 0.3990
vn -0.8852 -0.0000 0.4653
vn -0.8738 -0.4793 -0.0821
vn -0.9890 0.1338 0.0626
vn -0.7876 -0.5581 -0.2612
vn -0.9841 0.1488 0.0965
vn -0.8336 -0.4635 -0.3005
vn -0.7992 -0.3607 -0.4808
vn -0.9068 -0.2153 -0.3625
vn -0.6324 0.2892 -0.7187
vn -0.8304 0.1825 -0.5264
vn -0.6378 -0.5352 0.5539
vn -0.7881 -0.2016 0.5816
vn -0.8453 -0.0515 0.5317
vn -0.8230 0.0530 0.5656
vn -0.9886 -0.0824 -0.1261
vn -0.9868 0.1044 -0.1240
vn -0.9884 0.1082 0.1066
vn -0.9896 -0.1024 -0.1009
vn -0.7667 0.5051 0.3964
vn -0.8187 0.3143 0.4806
vn -0.7623 0.5931 0.2592
vn -0.7486 0.6623 0.0309
vn -0.8274 -0.3903 0.4039
vn -0.6120 0.5381 0.5795
vn -0.7569 0.6518 -0.0475
vn -0.6844 0.6870 0.2442
vn -0.7864 0.4640 0.4078
vn -0.9483 -0.0545 0.3126
vn -0.7152 0.0943 0.6926
vn -0.9989 0.0477 -0.0038
vn -0.9588 0.0199 0.2833
vn -0.9495 -0.0000 0.3138
vn -0.9089 -0.0363 0.4153
vn -0.9635 0.0597 0.2608
vn -0.9473 -0.0017 0.3203
vn -0.9604 0.0662 0.2707
vn -0.4583 -0.1806 0.8703
vn -0.5504 0.6971 0.4594
vn -0.5601 -0.5111 0.6519
vn -0.8701 0.1808 0.4585
vn -0.8144 0.3231 0.4820
vn -0.9460 0.1514 0.2866
vn -0.9320 0.1977 0.3037
vn -0.9749 0.1762 0.1364
vn -0.9963 0.0809 0.0304
vn -0.9855 -0.0321 0.1668
vn -0.7107 -0.7035 -0.0036
vn -0.8641 -0.4958 0.0861
vn -0.8837 -0.4429 0.1516
vn -0.9581 -0.2316 -0.1687
vn -0.7573 -0.5279 -0.3846
vn -0.9536 -0.2584 -0.1546
vn -0.7218 -0.5939 -0.3553
vn -0.7454 -0.2953 -0.5977
vn -0.7867 -0.0908 -0.6107
vn -0.7803 -0.0073 -0.6254
vn -0.7941 0.0192 -0.6075
vn -0.5772 0.0875 -0.8119
vn -0.4767 0.6139 -0.6292
vn -0.8845 -0.4123 0.2185
vn -0.9393 -0.3364 0.0670
vn -0.9691 -0.0733 0.2354
vn -0.9222 0.1760 0.3442
vn -0.8998 -0.3805 0.2133
vn -0.9997 -0.0244 -0.0016
vn -0.8686 -0.2595 -0.4221
vn -0.8290 -0.2723 -0.4884
vn -0.7517 -0.0025 -0.6595
vn -0.9378 -0.2358 -0.2548
vn -0.8706 -0.2230 -0.4386
vn -0.8345 0.2498 0.4912
vn -0.8503 0.3574 0.3862
vn -0.8369 0.1999 0.5096
vn -0.8024 0.1211 0.5844
vn -0.8118 0.0955 0.5760
vn -0.7615 -0.2251 0.6079
vn -0.7589 0.0065 0.6512
vn -0.5735 0.5496 -0.6075
vn -0.6736 0.1766 -0.7177
vn -0.7219 0.0743 -0.6880
vn -0.8102 0.0156 -0.5860
vn -0.8093 -0.0725 -0.5830
vn -0.8944 -0.0017 -0.4472
vn -0.8529 -0.0794 -0.5161
vn -0.6938 0.2174 0.6866
vn -0.6800 0.2939 0.6717
vn -0.6717 0.1902 0.7160
vn -0.8261 0.0133 0.5634
vn -0.7186 0.2048 0.6645
vn -0.8806 0.3276 -0.3423
vn -0.9748 0.1177 -0.1896
vn -0.9388 -0.0081 -0.3443
vn -0.9568 0.0263 -0.2895
vn -0.9710 -0.2311 -0.0616
vn -0.8261 -0.1450 0.5445
vn -0.8932 -0.0407 0.4479
vn -0.8270 0.0561 0.5594
vn -0.7345 0.6686 -0.1161
vn -0.6771 -0.0946 0.7298
vn -0.5665 0.2430 0.7874
vn -0.6899 0.6774 0.2554
vn -0.7799 0.3851 0.4934
vn -0.6418 -0.4496 -0.6213
vn -0.6610 -0.3020 -0.6870
vn -0.7164 -0.3446 -0.6067
vn -0.2544 0.8467 0.4674
vn -0.7953 -0.0655 0.6026
vn -0.7687 0.1613 0.6190
vn -0.8261 0.3673 0.4273
vn -0.7136 -0.0819 0.6958
vn -0.8623 0.1429 0.4859
vn -0.6958 0.1181 -0.7084
vn -0.8161 -0.2346 -0.5281
vn -0.8316 -0.3338 -0.4439
vn -0.7773 -0.2710 -0.5678
vn -0.6936 -0.2696 -0.6680
vn -0.8330 -0.3643 0.4164
vn -0.6588 -0.7194 -0.2202
vn -0.4413 -0.4267 0.7894
vn -0.6362 -0.7563 0.1528
vn -0.4492 0.7816 -0.4329
vn -0.4094 0.8985 -0.1582
vn -0.9005 -0.2937 0.3207
vn -0.9632 0.2671 0.0315
vn -0.9837 -0.1784 -0.0210
vn -0.9891 0.1336 0.0619
vn -0.9901 -0.1274 -0.0590
vn -0.7002 -0.5944 0.3954
vn -0.9175 0.2584 0.3024
vn -0.6924 0.4181 0.5880
vn -0.8719 0.2689 0.4093
vn -0.6659 -0.1563 -0.7295
vn -0.7691 -0.2810 -0.5740
vn -0.8310 0.5560 -0.0173
vn -0.9265 0.3264 0.1870
vn -0.9938 -0.0232 0.1090
vn -0.7057 0.0786 0.7041
vn -0.7872 0.5369 0.3033
vn -1.0000 0.0096 0.0012
vn -0.8017 0.3814 0.4603
vn -0.7377 0.1951 0.6463
vn -0.8043 0.1496 0.5750
vn -0.6764 -0.1943 0.7104
vn -0.6726 -0.1739 0.7193
vn -0.7266 -0.1724 -0.6651
vn -0.7740 -0.2959 -0.5599
vn -0.7992 -0.1728 -0.5756
vn -0.8815 -0.1603 -0.4441
vn -0.8271 -0.5295 -0.1885
vn -0.8821 -0.3094 0.3553
vn -0.7948 -0.5113 -0.3269
vn -0.9552 -0.2495 -0.1595
vn -0.9641 0.2203 0.1481
vn -0.8523 -0.0009 0.5231
vn -0.7433 -0.3717 0.5562
vn -0.9127 -0.2831 0.2948
vn -0.9389 -0.1587 0.3055
vn -0.9427 -0.3275 0.0637
vn -0.9810 -0.1381 0.1363
vn -0.9551 -0.2650 0.1329
vn -0.9289 -0.3154 0.1942
vn -0.9562 -0.2137 0.1998
vn -0.8926 -0.3489 0.2856
vn -0.6757 -0.4812 0.5585
vn -0.4325 -0.4392 0.7874
vn -0.6518 -0.4263 0.6272
vn -0.9390 -0.1585 0.3054
vn -0.9190 -0.0956 0.3825
vn -0.8297 -0.5140 0.2177
vn -0.8414 -0.3549 0.4075
vn -0.8982 -0.4002 0.1819
vn -0.9081 0.2131 0.3605
vn -0.7889 -0.6138 0.0283
vn -0.8106 -0.2880 -0.5099
vn -0.1260 -0.6964 0.7065
vn 0.9061 -0.4082 -0.1115
vn -0.8765 -0.3260 -0.3543
vn -0.9059 -0.2168 -0.3638
vn -0.9265 -0.3029 -0.2234
vn -0.7773 0.5627 0.2814
vn -0.7463 -0.6612 0.0763
vn -0.6824 -0.6538 -0.3269
vn -0.7812 0.5652 0.2652
vn -0.8950 0.2342 0.3797
vn -0.8026 0.0307 0.5957
vn -0.9977 0.0484 -0.0465
vn -0.9775 -0.1209 -0.1727
vn -0.0665 0.7055 -0.7055
vn -0.2428 0.3731 0.8955
vn -0.1255 0.9712 0.2027
vn -0.3929 0.8289 -0.3982
vn -0.4694 0.8424 0.2646
vn -0.3626 0.6817 0.6355
vn -0.6355 0.3664 0.6796
vn -0.6439 0.5593 0.5221
vn -0.8730 0.0603 0.4839
vn -0.6863 0.6881 0.2357
vn -0.6726 0.6697 -0.3148
vn -0.9677 0.2220 -0.1199
vn -0.9898 0.0960 0.1051
vn -0.9386 -0.1093 0.3273
vn -0.9384 -0.3410 0.0562
vn -0.9713 -0.1604 -0.1756
vn -0.9631 -0.2685 -0.0169
vn -0.9766 0.0500 0.2092
vn -0.9768 0.0513 0.2079
vn -0.5950 0.6682 0.4467
vn -0.6897 0.0119 0.7240
vn -0.5363 0.3293 0.7771
vn -0.4741 0.8387 0.2680
vn -0.6444 0.7377 -0.2013
vn -0.5880 0.7582 -0.2818
vn -0.6709 0.4814 -0.5640
vn -0.6917 0.1719 -0.7014
vn -0.9855 0.1333 -0.1048
vn -0.9339 -0.1345 -0.3312
vn -0.9316 -0.0938 -0.3512
vn -0.8910 0.3750 0.2558
vn -0.8785 0.4246 0.2192
vn -0.7124 0.2249 0.6648
vn -0.8474 0.0490 0.5287
vn -0.8897 -0.0237 0.4559
vn -0.9939 -0.0501 0.0980
vn -0.8516 -0.2388 0.4667
vn -0.9934 -0.0872 0.0738
vn -0.8493 -0.4030 0.3410
vn -0.9875 -0.1569 0.0128
vn -0.8816 -0.4705 0.0384
vn -0.9915 -0.1034 0.0785
vn -0.8405 -0.4315 0.3276
vn -0.8239 -0.2256 0.5199
vn -0.6760 0.1048 0.7294
vn -0.9931 0.0728 0.0917
vn -0.9793 0.1993 -0.0360
vn -0.8111 0.1346 0.5692
vn -0.9478 0.0622 0.3127
vn -0.9483 0.0348 0.3156
vn -0.8531 0.0689 0.5172
vn -0.8252 0.1193 0.5522
vn -0.6328 0.6926 0.3462
vn -0.9810 -0.0242 0.1924
vn -0.9921 0.0837 0.0933
vn -0.9655 -0.1155 -0.2333
vn -0.7210 0.6598 -0.2115
vn -0.9999 -0.0087 0.0134
vn -0.9940 0.1096 0.0043
vn -0.9835 0.1624 0.0796
vn -0.9955 0.0135 0.0940
vn -0.9694 -0.0361 0.2430
vn -0.9716 -0.0941 0.2169
vn -0.9863 -0.0086 0.1649
vn -0.9883 0.0140 0.1517
vn -0.9872 0.0511 0.1511
vn -0.8062 -0.2342 -0.5432
vn -0.8830 -0.4690 0.0166
vn -0.9388 0.0232 0.3436
vn -0.9624 -0.1931 0.1911
vn -0.9263 -0.2678 0.2650
vn -0.9903 -0.0470 0.1304
vn -0.8568 -0.1750 0.4851
vn -0.9766 0.0110 0.2147
vn -0.9416 -0.3324 0.0535
vn -0.3625 0.7979 0.4816
vn -0.3673 0.6957 0.6174
vn -0.4017 -0.7690 -0.4972
vn -0.4045 -0.7441 -0.5316
vn -0.5959 -0.5092 -0.6210
vn -0.9117 -0.4096 0.0324
vn -0.8568 -0.4670 0.2185
vn -0.9677 -0.2283 0.1068
vn -0.8396 0.3628 -0.4044
vn -0.8043 0.1659 -0.5706
vn -0.7515 0.3849 -0.5358
vn -0.9572 -0.0631 -0.2826
vn -0.9468 -0.0019 -0.3218
vn -0.9041 -0.2049 -0.3749
vn -0.8875 -0.0807 -0.4537
vn -0.8601 0.4396 0.2588
vn -0.9426 -0.1653 -0.2903
vn -0.8355 0.5458 0.0635
vn -0.8736 0.4780 -0.0916
vn -0.9994 0.0067 -0.0347
vn -0.9104 -0.1574 0.3826
vn -0.7706 0.1449 -0.6206
vn -0.8219 0.1868 -0.5381
vn -0.9742 -0.2079 -0.0877
vn -0.9499 -0.3109 -0.0327
vn -0.7422 -0.4606 0.4869
vn -0.8773 -0.4608 0.1342
vn -0.6777 0.7169 -0.1636
vn -0.6731 0.7391 0.0241
vn -0.7912 0.5069 0.3421
vn -0.8672 0.3916 0.3077
vn -0.4673 -0.4714 0.7479
vn -0.9712 0.1532 0.1823
vn -0.7650 0.3448 0.5439
vn -0.9983 0.0582 -0.0000
vn -0.9211 -0.3882 -0.0296
vn -0.6191 -0.6068 -0.4985
vn -0.7884 -0.6106 -0.0743
vn -0.9936 -0.0289 0.1091
vn -0.9250 -0.1667 0.3413
vn -0.7140 -0.3766 0.5902
vn -0.4140 -0.5106 0.7536
vn -0.6008 -0.0002 0.7994
vn -0.8598 -0.0001 0.5107
vn -0.3440 -0.1177 0.9316
vn -0.6283 -0.0919 0.7725
vn -0.8758 -0.0438 0.4807
vn -0.9869 -0.0079 0.1613
vn -0.9881 -0.0000 0.1537
vn -0.8854 0.0434 0.4628
vn -0.6440 0.1305 0.7538
vn -0.3538 0.2064 0.9123
vn -0.1215 0.2318 0.9651
vn -0.1809 -0.0251 0.9832
vn -0.4929 -0.0218 0.8698
vn -0.7794 -0.0512 0.6244
vn -0.9637 -0.0048 0.2668
vn -0.9917 0.0059 0.1281
vn -0.1252 0.4572 0.8805
vn -0.3661 0.4089 0.8359
vn -0.6703 0.2602 0.6949
vn -0.9906 -0.0000 0.1365
vn -0.9931 -0.0164 0.1165
vn -0.9262 -0.0950 0.3649
vn -0.7315 -0.2195 0.6455
vn -0.4356 -0.3057 0.8467
vn -0.1549 -0.3413 0.9271
vn -0.8588 0.0467 0.5102
vn -0.5953 0.1339 0.7922
vn -0.3160 0.2046 0.9264
vn -0.1072 0.2269 0.9680
vn -0.0958 0.6030 0.7920
vn -0.2897 0.5578 0.7778
vn -0.5839 0.3906 0.7117
vn -0.8697 0.1406 0.4732
vn -0.9871 -0.0000 0.1599
vn -0.1038 0.0631 0.9926
vn -0.3059 0.0569 0.9503
vn -0.5780 0.0373 0.8152
vn -0.8462 0.0132 0.5328
vn -0.1368 -0.1882 0.9726
vn -0.3917 -0.1715 0.9040
vn -0.6847 -0.1282 0.7175
vn -0.9043 -0.0579 0.4230
vn -0.9904 -0.0102 0.1379
vn -0.9164 0.3473 0.1989
vn -0.6825 0.5754 0.4507
vn -0.4557 0.5497 0.7001
vn -0.9507 0.1650 0.2626
vn -0.6357 0.1728 0.7523
vn -0.3589 0.4231 0.8320
vn -0.4472 0.6823 0.5784
vn -0.8490 0.0835 0.5218
vn -0.8457 -0.5325 0.0345
vn -0.1127 -0.9936 -0.0000
vn -0.8179 0.1210 -0.5626
vn -0.9152 0.3845 -0.1207
vn -0.8667 0.1363 -0.4798
vn -0.4862 -0.5430 0.6847
vn -0.5333 -0.4798 0.6967
vn -0.7769 0.0515 0.6275
vn -0.5095 -0.5334 0.6752
vn -0.9946 0.0711 -0.0750
vn -0.7450 0.4090 -0.5269
vn -0.8121 0.3501 -0.4668
vn -0.8330 0.3340 -0.4411
vn -0.8188 0.4390 -0.3700
vn -0.8509 0.2350 0.4699
vn -0.8505 -0.1806 0.4941
vn -0.9741 -0.2254 -0.0178
vn -0.4531 0.7327 0.5077
vn -0.8335 0.1273 -0.5376
vn -0.7679 0.2844 -0.5740
vn -0.8561 0.4742 -0.2058
vn -0.8407 0.4535 -0.2958
vn -0.8650 0.3453 -0.3642
vn -0.8329 0.3393 -0.4372
vn -0.7882 0.2238 -0.5733
vn -0.9658 -0.0724 0.2491
vn -0.9871 0.0029 0.1602
vn -0.9870 0.0046 0.1605
vn -0.6970 0.3147 -0.6443
vn -0.7318 0.2175 -0.6458
vn -0.8423 0.1896 -0.5045
vn -0.9132 0.0092 0.4075
vn -0.6037 0.5944 0.5312
vn -0.8230 0.1292 -0.5532
vn -0.8055 0.0026 -0.5925
vn -0.7848 -0.0143 -0.6195
vn -0.8568 -0.0709 -0.5107
vn -0.9175 0.3961 -0.0354
vn -0.9583 0.0500 0.2813
vn -0.9656 -0.0314 0.2583
vn -0.7859 -0.4509 -0.4232
vn -0.8670 -0.1918 -0.4600
vn -0.8438 0.3281 -0.4246
vn -0.9173 -0.0781 -0.3906
vn -0.8889 -0.0707 -0.4525
vn -0.8921 -0.1111 -0.4379
vn -0.8526 -0.0719 -0.5176
vn -0.8308 -0.1304 -0.5410
vn -0.7691 -0.3511 -0.5341
vn -0.7497 0.4131 -0.5170
vn -0.7222 0.0537 -0.6896
vn -0.7167 -0.0707 -0.6938
vn -0.7878 -0.3821 -0.4831
vn -0.7637 -0.5299 -0.3687
vn -0.7720 -0.3408 -0.5365
vn -0.5862 -0.6117 -0.5312
vn -0.6328 -0.7143 -0.2989
vn -0.9782 -0.2058 0.0288
vn -0.7284 0.2759 -0.6272
vn -0.7194 0.5888 -0.3685
vn -0.9594 0.2705 0.0802
vn -0.7311 0.5575 0.3932
vn -0.3707 0.7446 0.5551
vn -0.6817 0.0690 0.7284
vn -0.5905 0.0719 0.8039
vn -0.7841 0.2398 -0.5725
vn -0.7736 0.1525 -0.6151
vn -0.3210 0.4967 0.8064
vn -0.6859 0.2507 0.6832
vn -0.6533 0.1013 0.7503
vn -0.5970 0.0963 0.7964
vn -0.6074 0.0262 -0.7939
vn -0.6753 0.0606 -0.7350
vn -0.4988 0.3574 -0.7896
vn -0.3834 0.6791 -0.6260
vn -0.4780 0.8693 0.1263
vn -0.8626 -0.0446 0.5039
vn -0.9933 -0.0217 0.1135
vn -0.9978 -0.0216 0.0620
vn -0.9725 -0.2230 0.0676
vn -0.8143 -0.0265 0.5799
vn -0.9441 -0.1251 0.3052
vn -0.9776 -0.1508 -0.1467
vn -0.6757 -0.4519 -0.5825
vn -0.7009 -0.5041 -0.5045
vn -0.5350 -0.0993 -0.8390
vn -0.9597 -0.1493 -0.2382
vn -0.9539 -0.1573 -0.2556
vn -0.9907 -0.1341 -0.0247
vn -0.8413 0.1649 0.5147
vn -0.8545 -0.0334 0.5184
vn -0.8705 -0.0764 0.4863
vn -0.5426 0.6400 -0.5440
vn -0.3481 0.4096 -0.8433
vn -0.9205 -0.0554 -0.3869
vn -0.9170 -0.1852 -0.3532
vn -0.9160 0.2952 -0.2717
vn -0.0009 -0.1053 -0.9944
vn -0.8350 0.0899 -0.5428
vn -0.9970 0.0677 -0.0366
vn -0.9983 0.0449 -0.0369
vn -0.9528 0.1375 0.2708
vn -0.9707 -0.0560 0.2335
vn -0.9263 0.3203 -0.1983
vn -0.9040 -0.2187 0.3675
vn -0.9586 -0.2369 0.1579
vn -0.4946 0.6151 0.6140
vn -0.8385 -0.1137 0.5328
vn -0.8688 -0.3052 0.3900
vn -0.8690 -0.2641 0.4184
vn -0.9448 -0.2838 0.1640
vn -0.9305 -0.3023 0.2068
vn -0.9239 -0.2603 0.2805
vn -0.9090 -0.2262 0.3501
vn -0.9343 0.3194 -0.1582
vn -0.9295 0.3069 -0.2046
vn -0.9631 0.2664 -0.0376
vn -0.9723 0.2204 -0.0777
vn -0.8824 0.1208 0.4547
vn -0.9055 -0.0667 0.4190
vn -0.9505 -0.2122 0.2269
vn -0.9192 -0.0618 0.3889
vn -0.8859 -0.0239 0.4633
vn -0.8948 0.0024 0.4465
vn -0.8669 -0.4927 -0.0754
vn -0.8478 -0.4608 -0.2624
vn -0.8515 -0.4261 -0.3055
vn -0.8563 -0.3558 -0.3743
vn -0.8057 -0.1216 -0.5797
vn -0.6691 -0.0135 -0.7430
vn -0.8344 -0.2362 0.4980
vn -0.8316 -0.0343 0.5544
vn -0.8704 0.0844 0.4851
vn -0.9918 -0.1004 -0.0788
vn -0.7901 0.5000 0.3547
vn -0.8225 0.3141 0.4741
vn -0.7755 0.5846 0.2384
vn -0.7650 0.6438 0.0165
vn -0.7084 0.5201 0.4772
vn -0.7964 0.5809 0.1684
vn -0.8503 0.4161 0.3221
vn -0.9067 0.1993 0.3717
vn -0.9588 0.0204 0.2833
vn -0.9100 -0.0974 0.4030
vn -0.9820 -0.0184 0.1879
vn -0.0736 0.9942 -0.0785
vn -0.0829 0.0353 0.9959
vn -0.9805 0.0070 0.1965
vn -0.6295 0.6735 0.3874
vn -0.8593 0.1347 0.4935
vn -0.9336 0.0405 0.3560
vn -0.7830 -0.5884 0.2015
vn -0.7899 -0.4822 0.3788
vn -0.7750 -0.5201 -0.3591
vn -0.7634 -0.5691 -0.3056
vn -0.7772 -0.2996 -0.5534
vn -0.7800 -0.0842 -0.6201
vn -0.7952 -0.0202 -0.6060
vn -0.5642 0.2117 -0.7980
vn -0.5840 0.0794 -0.8079
vn -0.8435 0.0046 -0.5372
vn -0.9717 -0.0020 0.2362
vn -0.9827 0.1849 -0.0067
vn -0.9706 -0.0025 0.2407
vn -0.9152 -0.2026 0.3483
vn -0.8909 -0.3789 0.2505
vn -0.8363 -0.0646 -0.5445
vn -0.7671 -0.2029 -0.6086
vn -0.9285 -0.1557 -0.3373
vn -0.8715 -0.1663 -0.4614
vn -0.8353 -0.1394 -0.5318
vn -0.8529 0.3015 0.4262
vn -0.8905 0.3976 0.2209
vn -0.8021 0.1327 0.5823
vn -0.8084 0.1315 0.5737
vn -0.7624 0.0634 0.6440
vn -0.7526 0.0098 0.6584
vn -0.6955 0.1849 -0.6943
vn -0.8101 0.0092 -0.5863
vn -0.8070 0.0200 -0.5902
vn -0.8357 -0.1220 -0.5354
vn -0.8363 -0.1269 -0.5334
vn -0.8378 -0.0575 -0.5429
vn -0.6658 0.2619 0.6986
vn -0.7104 0.2659 0.6516
vn -0.8022 -0.0779 0.5919
vn -0.9250 0.2636 -0.2738
vn -0.9401 -0.0114 -0.3408
vn -0.9395 -0.0461 -0.3394
vn -0.9481 -0.1514 -0.2798
vn -0.9214 -0.0254 0.3878
vn -0.9211 -0.0763 0.3819
vn -0.9359 0.0019 0.3521
vn -0.5899 0.3361 0.7342
vn -0.7084 -0.4648 -0.5312
vn -0.6745 -0.3114 -0.6694
vn -0.5908 -0.7063 -0.3899
vn -0.7726 -0.0867 0.6289
vn -0.8446 0.1880 0.5013
vn -0.8067 0.3691 0.4614
vn -0.6902 0.0926 0.7176
vn -0.8092 -0.2314 -0.5400
vn -0.8056 -0.3397 -0.4853
vn -0.8550 -0.2749 -0.4398
vn -0.8101 -0.1343 -0.5707
vn -0.6477 -0.7257 -0.2321
vn -0.4990 -0.8151 0.2943
vn -0.6874 0.6781 0.2601
vn -0.9855 -0.1694 -0.0043
vn -0.9907 -0.1257 -0.0513
vn -0.9188 0.3104 0.2439
vn -0.7790 0.4622 0.4237
vn -0.9011 -0.2382 -0.3624
vn -0.7839 0.6131 0.0980
vn -0.8808 0.4594 0.1144
vn -0.8387 0.2748 0.4702
vn -0.7805 0.5263 0.3373
vn -0.7542 0.3213 0.5727
vn -0.7984 0.2608 0.5427
vn -0.7468 0.0780 0.6604
vn -0.7488 -0.0865 0.6571
vn -0.7295 -0.3517 -0.5866
vn -0.8545 -0.3101 -0.4168
vn -0.8279 -0.5563 -0.0710
vn -0.7009 -0.5909 -0.3996
vn -0.7136 -0.6170 -0.3318
vn -0.9874 -0.0263 0.1563
vn -0.9268 -0.2988 0.2274
vn -0.8254 -0.2816 0.4894
vn -0.9422 -0.2283 0.2453
vn -0.9702 -0.2178 0.1066
vn -0.8899 -0.3168 0.3284
vn -0.6119 -0.5338 0.5837
vn -0.8000 -0.5716 0.1823
vn -0.7814 0.1101 0.6143
vn -0.6347 0.3912 -0.6664
vn -0.8711 -0.3306 -0.3631
vn -0.8130 -0.5547 -0.1772
vn -0.7514 0.2609 0.6061
vn -0.7837 0.0081 0.6211
vn -0.9968 0.0754 0.0268
vn -0.1668 0.9703 0.1755
vn -0.5804 0.7935 0.1827
vn -0.1282 0.5505 0.8249
vn -0.1595 0.7648 0.6242
vn -0.3562 0.4899 0.7957
vn -0.9024 0.0537 0.4275
vn -0.9004 0.3766 0.2177
vn -0.7071 0.4721 0.5264
vn -0.7587 0.6511 0.0209
vn -0.5039 0.7361 -0.4520
vn -0.9554 0.1366 0.2618
vn -0.9895 0.0963 0.1074
vn -0.9583 -0.1034 0.2662
vn -0.9409 -0.3384 0.0119
vn -0.9880 -0.1393 -0.0666
vn -0.9547 -0.2221 -0.1982
vn -0.9946 0.0772 0.0689
vn -0.8956 0.2745 0.3502
vn -0.6333 0.4699 -0.6149
vn -0.8161 0.0744 -0.5731
vn -0.8220 -0.0698 -0.5651
vn -0.7248 0.5090 0.4642
vn -0.8255 0.2220 0.5189
vn -0.9096 0.1008 0.4031
vn -0.9132 -0.0493 0.4046
vn -0.8903 -0.2561 0.3764
vn -0.8803 -0.3994 0.2560
vn -0.8646 -0.4957 0.0829
vn -0.8694 -0.4158 0.2669
vn -0.7804 -0.2076 0.5899
vn -0.8221 0.2027 0.5321
vn -1.0000 0.0027 0.0096
vn -0.9986 0.0513 -0.0145
vn -0.8920 0.1522 0.4257
vn -0.8385 0.0998 0.5356
vn -0.8266 0.0617 0.5594
vn -0.8145 0.1131 0.5690
vn -0.7367 0.5543 0.3873
vn -0.7092 0.6974 0.1033
vn -0.9826 0.0834 -0.1658
vn -0.9845 -0.1645 0.0605
vn -0.9072 -0.4193 -0.0351
vn -0.9902 -0.1219 0.0688
vn -0.9844 0.0337 0.1726
vn -0.9856 0.1331 -0.1046
vn -0.8662 -0.1075 -0.4880
vn -0.9635 -0.2558 -0.0791
vn -0.8721 -0.4484 0.1960
vn -0.9590 -0.0300 0.2818
vn -0.9198 -0.2665 0.2880
vn -0.9877 0.0552 0.1466
vn -0.9223 -0.0990 0.3737
vn -0.7000 -0.2332 0.6750
vn -0.6974 -0.1755 0.6948
vn -0.5840 0.6914 0.4252
vn -0.4423 -0.7640 -0.4698
vn -0.6639 -0.6567 -0.3578
vn -0.9257 -0.3647 -0.1001
vn -0.8643 -0.5017 -0.0352
vn -0.8502 -0.4734 0.2302
vn -0.9274 -0.2498 0.2785
vn -0.8443 0.3631 -0.3940
vn -0.8610 0.2225 -0.4574
vn -0.9719 0.1253 -0.1991
vn -0.8407 0.1084 -0.5305
vn -0.8784 0.4615 0.1245
vn -0.8451 0.5126 -0.1520
vn -0.9558 -0.1972 -0.2182
vn -0.9675 -0.1652 0.1916
vn -0.7671 0.1448 -0.6250
vn -0.8046 0.1878 -0.5633
vn -0.9325 -0.2522 -0.2586
vn -0.9067 -0.3927 -0.1542
vn -0.7445 -0.6111 0.2689
vn -0.7828 0.6206 -0.0447
vn -0.8502 0.4655 0.2459
vn -0.8232 0.3964 0.4064
vn -0.6573 -0.7515 0.0561
vn -0.7630 -0.6329 -0.1315
vn -0.8043 -0.5762 -0.1450
vn -0.9982 0.0514 0.0301
vn -0.9522 -0.2955 0.0769
vn -0.9587 -0.2367 -0.1578
vn -0.9483 -0.2539 -0.1904
vn -0.8507 -0.2327 -0.4713
vn -0.8509 -0.2292 -0.4727
vn -0.8562 -0.0725 0.5116
vn -0.8562 0.0530 0.5139
vn -0.9060 0.1312 0.4024
vn -0.9514 0.2210 0.2143
vn -0.9592 0.1753 0.2218
vn -0.8784 0.3738 0.2977
vn -0.7563 0.6261 0.1898
vn -0.7818 0.5054 0.3653
vn -0.9879 0.0809 0.1322
vn -0.8918 0.2362 0.3858
vn -0.9390 0.0349 0.3420
vn -0.9800 0.0444 0.1941
vn -0.8794 0.1095 0.4634
vn -0.9988 -0.0496 0.0033
vn -0.8878 -0.0181 0.4598
vn -0.8213 0.0170 0.5702
vn -0.8228 0.0066 0.5683
vn -0.8147 -0.5798 0.0018
vn -0.7689 -0.6152 -0.1740
vn -0.8419 -0.2971 0.4505
vn -0.7427 0.4803 0.4665
vn -0.9003 0.3392 0.2729
vn -0.6573 -0.7380 -0.1529
vn -0.6710 -0.6767 -0.3030
vn -0.8433 -0.1188 0.5241
vn -0.7216 0.4138 0.5550
vn -0.9137 0.2989 0.2753
vn -0.9400 -0.2004 0.2761
vn -0.9374 -0.0485 0.3448
vn -0.9544 0.0253 0.2973
vn -0.9417 -0.1826 0.2827
vn -0.9596 0.0544 0.2760
vn -0.9879 -0.0000 0.1552
vn -0.9969 0.0153 0.0778
vn -0.6095 -0.4107 -0.6781
vn -0.8966 -0.2564 -0.3610
vn -0.8741 -0.0524 -0.4829
vn -0.8762 -0.0333 -0.4807
vn -0.9989 -0.0065 0.0462
vn -0.9768 -0.1180 0.1789
vn -0.9887 0.0436 0.1435
vn -0.8185 -0.0086 -0.5745
vn -0.8015 0.0416 -0.5966
vn -0.8152 -0.0057 -0.5792
vn -0.8669 -0.0979 -0.4887
vn -0.8670 0.0218 -0.4978
vn -0.9283 0.2174 -0.3018
vn -0.8849 0.0922 -0.4566
vn -0.6862 0.1487 0.7121
vn -0.5602 0.8141 0.1534
vn -0.9915 0.1297 -0.0075
vn -0.9067 0.0611 0.4173
vn -0.9267 0.2197 0.3049
vn -0.9897 0.0588 0.1306
vn -0.9532 -0.0016 0.3025
vn -1.0000 -0.0020 0.0030
vn -0.9989 0.0039 0.0459
vn -0.9918 -0.0000 0.1280
vn -0.8489 0.0188 0.5282
vn -0.8910 0.2039 0.4057
vn -0.7973 0.5715 0.1944
vn -0.9008 0.3275 0.2850
vn -0.8702 -0.4258 -0.2480
vn -0.8152 -0.4436 0.3724
vn -0.8018 -0.5976 0.0059
vn -0.7781 0.5802 0.2408
vn -0.8265 -0.4037 0.3922
vn -0.8345 -0.4830 0.2652
vn -0.9213 -0.3887 -0.0106
vn -0.9998 -0.0140 0.0154
vn -0.7173 -0.6173 -0.3231
vn -0.7333 -0.6351 -0.2428
vn -0.7799 0.3692 0.5054
vn -0.7466 0.4330 0.5051
vn -0.7350 0.6259 0.2608
vn -0.6406 0.5448 0.5412
vn -0.9779 -0.0871 0.1898
vn -0.6333 -0.2308 0.7387
vn -0.6231 -0.2502 0.7410
vn -0.5893 -0.2187 0.7778
vn -0.6319 -0.1261 0.7648
vn -0.7578 0.0073 0.6524
vn -0.8658 0.0210 0.5000
vn -0.8582 0.0885 0.5057
vn -0.8449 0.0822 0.5286
vn -0.8834 0.0173 0.4683
vn -0.9999 -0.0015 0.0162
vn -0.8813 -0.3869 0.2713
vn -0.9256 -0.1674 0.3394
vn -0.8273 0.5500 0.1145
vn -0.8105 0.4988 0.3070
vn -0.8001 0.1198 0.5878
vn -0.8270 0.1836 0.5314
vn -0.9786 0.1146 0.1709
vn -0.9801 0.0596 0.1891
vn -0.9832 0.0505 0.1753
vn -0.9845 -0.0087 0.1751
vn -0.9998 0.0028 0.0175
vn -0.9854 0.0251 0.1685
vn -0.9699 0.0248 0.2423
vn -0.9743 0.0076 0.2253
vn -0.9746 0.0090 0.2236
vn -0.9741 -0.0367 0.2229
vn -1.0000 0.0017 -0.0036
vn -0.9759 -0.0590 0.2099
vn -1.0000 0.0025 -0.0034
vn -0.9769 -0.0683 0.2023
vn -1.0000 0.0036 -0.0031
vn -0.9795 -0.0601 0.1924
vn -1.0000 0.0051 -0.0024
vn -0.9820 -0.0384 0.1851
vn -1.0000 0.0036 -0.0033
vn -0.9825 -0.1193 0.1433
vn -0.9875 -0.1572 -0.0106
vn -0.9943 -0.0729 0.0784
vn -0.9962 -0.0026 0.0873
vn -0.9949 -0.0094 0.1002
vn -0.9885 -0.0278 0.1488
vn -0.9926 -0.1067 0.0575
vn -0.7803 -0.6231 -0.0538
vn -0.8023 -0.5742 -0.1628
vn -0.7923 -0.5893 -0.1581
vn -0.7848 -0.5828 -0.2106
vn -0.9485 -0.2457 -0.1998
vn -0.8986 -0.2642 -0.3504
vn -0.8980 -0.2358 -0.3714
vn -0.9096 0.0877 0.4062
vn -0.9399 0.1584 0.3024
vn -0.9407 0.1478 0.3054
vn -0.9619 0.2588 0.0880
vn -0.8725 0.4838 0.0682
vn -0.7621 0.5180 0.3885
vn -0.7812 0.2199 0.5842
vn -0.8993 0.0048 0.4372
vn -0.9522 0.0310 0.3038
vn -0.9392 0.0143 0.3432
vn -0.9987 -0.0510 0.0077
vn -0.9193 0.0232 0.3928
vn -0.8897 0.0627 0.4522
vn -0.8294 0.0029 0.5586
vn -0.8457 -0.4158 -0.3344
vn -0.7148 0.3481 0.6065
vn -0.8278 -0.4127 -0.3801
vn -0.6324 0.2918 0.7176
vn -0.9496 -0.0647 0.3067
vn -0.9485 0.0156 0.3163
vn -0.9531 0.0499 0.2987
vn -0.9806 -0.0376 0.1925
vn -0.8358 -0.4413 -0.3266
vn -0.8201 -0.1537 -0.5512
vn -0.9032 -0.0850 -0.4207
vn -0.9957 0.0466 0.0797
vn -0.9969 -0.0174 0.0767
vn -0.8290 0.0127 -0.5591
vn -0.8168 0.0484 -0.5749
vn -0.8320 -0.0213 -0.5544
vn -0.8138 -0.0545 -0.5786
vn -0.8423 -0.0219 -0.5385
vn -0.8355 0.0554 -0.5467
vn -0.8945 0.4449 -0.0436
vn -0.9199 0.3589 0.1577
vn -0.9746 0.0685 0.2130
vn -0.9843 0.0280 0.1743
vn -0.9970 0.0462 0.0616
vn -0.9435 0.0662 0.3247
vn -0.9916 -0.0631 0.1127
vn -0.9891 -0.0798 0.1236
vn -0.9919 0.0045 0.1269
vn -0.9003 0.1519 0.4078
vn -0.9216 0.2146 0.3235
vn -0.8488 0.3152 0.4245
vn -0.8283 -0.4610 -0.3186
vn -0.8717 -0.4171 -0.2570
vn -0.8507 -0.5230 -0.0526
vn -0.8858 -0.4135 0.2108
vn -0.9193 -0.3732 0.1251
vn -0.9115 -0.4113 0.0042
vn -0.9124 -0.4081 -0.0323
vn -0.7957 0.4172 0.4392
vn -0.6961 0.6370 0.3311
vn -0.7772 0.5048 0.3757
vn -0.6265 -0.2164 0.7488
vn -0.5892 -0.2192 0.7777
vn -0.6290 -0.2637 0.7313
vn -0.7547 -0.1707 0.6334
vn -0.8106 -0.0326 0.5847
vn -0.8103 -0.0067 0.5860
vn -0.8617 0.0897 0.4994
vn -0.8586 0.0843 0.5056
vn -0.8474 -0.0431 0.5292
vn -0.8855 -0.0428 0.4627
vn -0.8102 0.4990 0.3076
vn -0.8474 0.3418 0.4062
vn -0.9999 0.0114 0.0070
vn -0.9481 -0.0155 0.3175
vn -0.9885 0.0244 0.1495
vn -0.9816 -0.1025 0.1613
vn -0.9705 -0.0031 0.2411
vn -0.9734 0.0395 0.2256
vn -0.9746 0.0094 0.2237
vn -0.9740 0.0025 0.2265
vn -0.9761 -0.0551 0.2104
vn -0.9755 -0.0944 0.1988
vn -0.9750 -0.1319 0.1786
vn -0.9721 -0.1784 0.1525
vn -0.9660 -0.2338 0.1103
vn -0.9831 -0.1346 0.1242
vn -0.9984 -0.0143 0.0546
vn -0.9984 0.0023 0.0561
vn -0.9964 0.0029 0.0846
vn -0.9961 0.0090 0.0876
vn -0.9947 0.0152 0.1018
vn -0.9535 -0.1731 0.2468
vn 0.9869 -0.0000 -0.1613
vn 0.8696 -0.1262 -0.4773
vn 0.5901 -0.3543 -0.7254
vn 0.2972 -0.5137 -0.8049
vn 0.0988 -0.5582 -0.8238
vn -0.0988 -0.5582 -0.8238
vn 0.1101 -0.0002 -0.9939
vn 0.3229 -0.0002 -0.9464
vn 0.6007 -0.0001 -0.7994
vn 0.8597 -0.0000 -0.5108
vn 0.9847 -0.0000 -0.1742
vn -0.1093 -0.1246 -0.9862
vn 0.1093 -0.1246 -0.9862
vn 0.3209 -0.1119 -0.9405
vn 0.5992 -0.0726 -0.7973
vn 0.8595 -0.0252 -0.5105
vn 0.9847 -0.0000 -0.1741
vn 0.9906 0.0128 -0.1365
vn 0.9051 0.0725 -0.4189
vn 0.6852 0.1607 -0.7104
vn 0.3918 0.2149 -0.8946
vn 0.1368 0.2356 -0.9622
vn 0.1755 -0.0247 -0.9842
vn 0.6954 -0.0130 -0.7185
vn 0.9380 0.0159 -0.3461
vn 0.9940 -0.0000 -0.1092
vn 0.1605 0.4618 -0.8723
vn 0.4493 0.4117 -0.7929
vn 0.7463 0.2924 -0.5979
vn 0.8965 0.1553 -0.4149
vn 0.9904 -0.0000 -0.1379
vn 0.9042 -0.0596 -0.4230
vn 0.6785 -0.1851 -0.7109
vn 0.3795 -0.2979 -0.8759
vn 0.1312 -0.3367 -0.9324
vn 0.9870 0.0146 -0.1599
vn 0.8755 0.0805 -0.4764
vn 0.6253 0.1683 -0.7620
vn 0.3409 0.2146 -0.9153
vn 0.1168 0.2309 -0.9659
vn 0.1308 0.6079 -0.7832
vn 0.3788 0.5606 -0.7364
vn 0.6774 0.4287 -0.5978
vn 0.9121 0.1972 -0.3594
vn 0.9926 0.0346 -0.1164
vn 0.1247 0.0641 -0.9901
vn 0.3609 0.0591 -0.9307
vn 0.6488 0.0455 -0.7596
vn 0.8861 0.0212 -0.4631
vn 0.9881 0.0038 -0.1537
vn 0.1022 -0.1855 -0.9773
vn 0.3021 -0.1677 -0.9384
vn 0.5749 -0.1109 -0.8107
vn 0.8456 -0.0394 -0.5324
vn 0.9829 -0.0000 -0.1842
vn 0.1460 0.5555 -0.8186
vn 0.4938 0.4188 -0.7621
vn 0.6362 0.4038 -0.6574
vn 0.7978 0.2156 -0.5630
vn 0.9188 0.2019 -0.3391
vn 0.9595 0.1201 -0.2549
vn 0.9832 0.1472 -0.1080
vn 0.9691 0.1809 -0.1675
vn 0.9395 0.3018 -0.1620
vn 0.9399 0.2974 -0.1679
vn 0.9137 0.3484 -0.2092
vn 0.5995 0.5117 -0.6155
vn 0.3480 0.5037 -0.7907
vn 0.8949 0.0187 -0.4459
vn 0.7131 0.4454 -0.5414
vn 0.7199 0.3799 -0.5809
vn 0.3545 0.4301 -0.8303
vn 0.3318 0.5869 -0.7386
vn 0.7810 0.4204 -0.4619
vn 0.7910 0.3747 -0.4837
vn 0.8277 0.2408 -0.5069
vn 0.9740 0.0166 -0.2260
vn 0.3935 -0.8835 -0.2543
vn 0.9167 0.2146 -0.3370
vn 0.9364 0.1378 -0.3227
vn 0.9903 -0.0401 -0.1332
vn 0.0314 -0.2766 -0.9605
vn 0.0454 -0.9986 -0.0287
vn 0.6461 0.5635 -0.5149
vn 0.6089 0.6326 -0.4786
vn 0.8000 0.5608 0.2134
vn 0.8033 0.5583 0.2074
vn 0.8641 0.1376 0.4842
vn 0.9160 0.3764 0.1392
vn 0.8764 0.3739 0.3035
vn 0.9004 -0.0477 0.4325
vn 0.9273 0.2404 0.2868
vn 0.5105 -0.5524 -0.6590
vn 0.9954 0.0504 0.0819
vn 0.4854 -0.4584 -0.7445
vn 0.9377 0.3460 -0.0316
vn 0.8398 -0.5243 0.1410
vn 0.4487 0.1622 -0.8789
vn 0.6268 -0.6323 -0.4553
vn 0.6902 -0.5140 -0.5093
vn 0.6974 -0.5565 -0.4516
vn 0.2381 -0.8875 -0.3945
vn 0.8500 0.1213 0.5126
vn 0.8455 0.2370 0.4784
vn 0.8706 0.4513 0.1959
vn 0.8803 0.4565 0.1296
vn 0.9941 0.0905 0.0591
vn 0.9659 -0.2499 0.0672
vn 0.6859 0.3061 0.6602
vn 0.9687 -0.1723 -0.1786
vn 0.8198 0.3976 0.4121
vn 0.8440 0.3502 0.4062
vn 0.8309 0.3338 0.4451
vn 0.7579 0.4421 0.4797
vn 0.9719 -0.1363 -0.1920
vn 0.8595 0.2410 -0.4508
vn 0.8673 -0.1894 -0.4604
vn 0.9263 -0.2582 0.2745
vn 0.9456 -0.2862 0.1547
vn 0.6441 0.7226 -0.2511
vn 0.8641 0.1387 0.4838
vn 0.8415 0.2852 0.4588
vn 0.8350 0.4928 0.2447
vn 0.8552 0.4417 0.2712
vn 0.8439 0.3576 0.3999
vn 0.8646 0.3383 0.3716
vn 0.8225 0.2401 0.5156
vn 0.9957 -0.0926 -0.0073
vn 0.9884 -0.1406 -0.0578
vn 0.9132 0.0074 -0.4076
vn 0.5796 0.2925 0.7606
vn 0.9927 -0.0955 -0.0734
vn 0.8601 -0.1845 -0.4756
vn 0.9953 -0.0439 -0.0860
vn 0.9954 -0.0346 -0.0891
vn 0.5927 0.1518 0.7910
vn 0.7789 0.3275 0.5348
vn 0.8408 0.2375 0.4864
vn 0.7658 0.2033 0.6100
vn 0.9199 0.1598 -0.3582
vn 0.9325 0.0465 -0.3582
vn 0.8080 0.3736 -0.4556
vn 0.7095 0.5734 -0.4096
vn 0.9989 -0.0157 -0.0451
vn 0.9989 -0.0097 -0.0461
vn 0.7978 0.1247 0.5899
vn 0.9870 -0.0076 -0.1608
vn 0.8336 -0.0384 0.5511
vn 0.8271 0.0264 0.5615
vn 0.8049 0.0026 0.5934
vn 0.8099 -0.0408 0.5852
vn 0.4912 -0.8427 0.2203
vn 0.9334 0.3585 0.0127
vn 0.9178 0.3931 0.0563
vn 0.9513 0.0208 -0.3076
vn 0.9509 0.0542 -0.3049
vn 0.9619 0.0660 -0.2655
vn 0.7474 -0.6079 -0.2679
vn 0.9590 0.0338 -0.2813
vn 0.9112 0.0123 -0.4117
vn 0.9783 -0.1275 0.1631
vn 0.9039 -0.4174 0.0935
vn 0.8985 -0.3880 -0.2056
vn 0.8327 -0.5390 -0.1271
vn 0.8134 0.2043 -0.5446
vn 0.8017 -0.3576 -0.4789
vn 0.9952 -0.0395 0.0890
vn 0.8057 -0.2405 0.5412
vn 0.8563 -0.0814 0.5100
vn 0.7121 0.6542 0.2550
vn 0.9005 -0.0853 0.4263
vn 0.9734 0.1585 0.1656
vn 0.8993 -0.1020 0.4253
vn 0.8871 -0.1076 0.4489
vn 0.9890 -0.0351 0.1438
vn 0.8923 -0.1071 0.4386
vn 0.8498 -0.1417 0.5077
vn 0.9999 0.0060 -0.0091
vn 0.5898 -0.4064 0.6978
vn 0.5746 -0.2844 0.7675
vn 0.9782 -0.2073 0.0105
vn 0.6736 0.2007 0.7113
vn 0.9780 -0.2081 0.0107
vn 0.7267 -0.0542 0.6848
vn 0.7472 -0.2871 0.5994
vn 0.7701 -0.5404 0.3390
vn 0.6552 -0.5781 0.4864
vn 0.6506 -0.6235 0.4336
vn 0.5864 -0.6145 0.5278
vn 0.9806 -0.1958 0.0021
vn 0.8409 0.2335 0.4883
vn 0.8234 0.4884 0.2890
vn 0.9570 0.2745 -0.0934
vn 0.8856 0.1873 -0.4250
vn 0.8171 0.4989 -0.2888
vn -0.0216 0.8092 0.5871
vn 0.5179 0.4291 -0.7401
vn 0.4179 0.7407 -0.5261
vn 0.5942 0.4422 -0.6719
vn 0.7731 0.1213 -0.6226
vn 0.7661 0.1428 -0.6267
vn 0.7625 0.1264 -0.6345
vn 0.6844 -0.1017 -0.7220
vn 0.8384 -0.0256 -0.5444
vn 0.7041 0.3485 0.6187
vn 0.7017 0.2139 0.6796
vn 0.5836 0.6550 0.4800
vn 0.6676 0.2761 0.6914
vn 0.3991 0.6121 -0.6827
vn 0.3744 0.4551 -0.8079
vn 0.9134 0.3951 -0.0983
vn 0.3320 0.4393 -0.8347
vn 0.7422 0.0387 -0.6690
vn 0.5414 0.2253 -0.8100
vn 0.6609 0.0607 -0.7480
vn 0.5555 -0.0117 0.8315
vn 0.5407 0.0593 0.8391
vn 0.5978 0.1153 0.7933
vn 0.6645 0.2222 0.7135
vn 0.5039 0.3799 0.7758
vn 0.3832 0.8677 -0.3168
vn 0.8410 -0.0589 -0.5378
vn 0.9661 -0.0676 -0.2492
vn 0.9738 -0.0756 -0.2144
vn 0.9994 -0.0359 -0.0021
vn 0.7333 -0.5642 0.3794
vn 0.6561 -0.7534 -0.0437
vn 0.9738 -0.2186 -0.0633
vn 0.8871 -0.4408 -0.1370
vn 0.7928 -0.6090 -0.0251
vn 0.9000 -0.4298 0.0731
vn 0.6372 -0.5079 0.5796
vn 0.9493 -0.2254 0.2193
vn 0.9716 -0.1630 0.1716
vn 0.8938 -0.4420 0.0756
vn 0.6284 -0.5334 0.5663
vn 0.6511 -0.5388 0.5346
vn 0.5724 -0.6032 0.5555
vn 0.6737 -0.3595 0.6457
vn 0.5785 -0.0501 0.8142
vn 0.7684 -0.4770 0.4267
vn 0.6868 -0.5023 0.5254
vn 0.6290 -0.1985 0.7516
vn 0.9776 -0.1532 0.1442
vn 0.7226 0.2788 -0.6325
vn 0.9890 -0.1281 0.0734
vn 0.8275 -0.5522 0.1018
vn 0.9915 -0.1291 0.0188
vn 0.6215 0.3315 -0.7098
vn 0.7277 0.1204 -0.6752
vn 0.8324 0.5527 -0.0411
vn 0.8590 0.3697 0.3541
vn 0.9659 0.0206 -0.2580
vn 0.8275 0.1649 -0.5367
vn 0.7397 0.0551 -0.6707
vn 0.9807 -0.0806 -0.1782
vn 0.9645 -0.0657 -0.2557
vn 0.8663 -0.2081 -0.4541
vn 0.8543 -0.0585 -0.5165
vn 0.2838 0.9289 0.2379
vn 0.2460 0.9206 0.3034
vn 0.5282 0.4354 0.7290
vn 0.5281 0.3208 0.7862
vn 0.9368 -0.1978 0.2887
vn 0.9240 -0.2484 0.2906
vn 0.9614 0.2745 -0.0160
vn 0.7460 0.5195 0.4168
vn 0.9316 -0.0838 0.3536
vn 0.8952 0.2980 0.3315
vn 0.9976 0.0655 0.0237
vn 0.9961 -0.0845 0.0269
vn 0.8789 0.1109 -0.4639
vn 0.8748 0.1087 -0.4722
vn 0.8794 0.1068 -0.4640
vn 0.9243 0.3176 0.2118
vn 0.7584 0.3802 0.5293
vn 0.7780 0.4133 0.4732
vn 0.8773 0.1023 -0.4689
vn 0.7312 -0.1156 -0.6724
vn 0.7910 -0.2404 -0.5627
vn 0.9158 -0.2666 -0.3004
vn 0.4266 0.5186 -0.7410
vn 0.8495 -0.1231 -0.5129
vn 0.8276 -0.2823 -0.4851
vn 0.8702 -0.2643 -0.4159
vn 0.8648 -0.3524 -0.3576
vn 0.9443 -0.2877 -0.1598
vn 0.9322 -0.2539 -0.2580
vn 0.9109 -0.0960 -0.4012
vn 0.9262 -0.2211 -0.3055
vn 0.8492 0.4062 0.3374
vn 0.8562 0.3785 0.3516
vn 0.9371 0.2985 0.1809
vn 0.9272 0.3275 0.1819
vn 0.9822 0.1863 -0.0229
vn 0.9770 0.1983 -0.0786
vn 0.9745 0.2145 -0.0660
vn 0.9090 0.1671 -0.3819
vn 0.9115 0.1398 -0.3868
vn 0.8937 -0.0585 -0.4449
vn 0.8823 -0.2706 -0.3851
vn 0.9326 -0.2076 -0.2954
vn 0.9472 -0.0683 -0.3132
vn 0.9169 -0.0049 -0.3990
vn 0.8852 -0.0000 -0.4653
vn 0.8738 -0.4793 0.0821
vn 0.9890 0.1338 -0.0626
vn 0.7876 -0.5581 0.2612
vn 0.9841 0.1488 -0.0965
vn 0.8336 -0.4635 0.3005
vn 0.7992 -0.3607 0.4808
vn 0.9068 -0.2153 0.3625
vn 0.6324 0.2892 0.7187
vn 0.8304 0.1825 0.5264
vn 0.6378 -0.5352 -0.5539
vn 0.7881 -0.2016 -0.5816
vn 0.8453 -0.0515 -0.5317
vn 0.8230 0.0530 -0.5656
vn 0.9886 -0.0824 0.1261
vn 0.9868 0.1044 0.1240
vn 0.9884 0.1082 -0.1066
vn 0.9896 -0.1024 0.1009
vn 0.7667 0.5051 -0.3964
vn 0.8187 0.3143 -0.4806
vn 0.7623 0.5931 -0.2592
vn 0.7486 0.6623 -0.0309
vn 0.8274 -0.3903 -0.4039
vn 0.6120 0.5381 -0.5795
vn 0.7569 0.6518 0.0475
vn 0.6844 0.6870 -0.2442
vn 0.7864 0.4640 -0.4078
vn 0.9483 -0.0545 -0.3126
vn 0.7152 0.0943 -0.6926
vn -0.0000 0.0339 -0.9994
vn 0.9989 0.0477 0.0038
vn 0.9588 0.0199 -0.2833
vn 0.9495 -0.0000 -0.3138
vn 0.9089 -0.0363 -0.4153
vn 0.9635 0.0597 -0.2608
vn 0.9473 -0.0017 -0.3203
vn 0.9604 0.0662 -0.2707
vn 0.4583 -0.1806 -0.8703
vn 0.5504 0.6971 -0.4594
vn 0.5601 -0.5111 -0.6519
vn 0.8701 0.1808 -0.4585
vn 0.8144 0.3231 -0.4820
vn 0.9460 0.1514 -0.2866
vn 0.9320 0.1977 -0.3037
vn 0.9749 0.1762 -0.1364
vn 0.9963 0.0809 -0.0304
vn 0.9855 -0.0321 -0.1668
vn 0.7107 -0.7035 0.0036
vn 0.8641 -0.4958 -0.0861
vn 0.8837 -0.4429 -0.1516
vn 0.9581 -0.2316 0.1687
vn 0.7573 -0.5279 0.3846
vn 0.9536 -0.2584 0.1546
vn 0.7218 -0.5939 0.3553
vn 0.7454 -0.2953 0.5977
vn 0.7867 -0.0908 0.6107
vn 0.7803 -0.0073 0.6254
vn 0.7941 0.0192 0.6075
vn 0.5772 0.0875 0.8119
vn 0.4767 0.6139 0.6292
vn 0.8845 -0.4123 -0.2185
vn 0.9393 -0.3364 -0.0670
vn 0.9691 -0.0733 -0.2354
vn 0.9222 0.1760 -0.3442
vn 0.8998 -0.3805 -0.2133
vn 0.9997 -0.0244 0.0016
vn 0.8686 -0.2595 0.4221
vn 0.8290 -0.2723 0.4884
vn 0.7517 -0.0025 0.6595
vn 0.9378 -0.2358 0.2548
vn 0.8706 -0.2230 0.4386
vn 0.8345 0.2498 -0.4912
vn 0.8503 0.3574 -0.3862
vn 0.8369 0.1999 -0.5096
vn 0.8024 0.1211 -0.5844
vn 0.8118 0.0955 -0.5760
vn 0.7615 -0.2251 -0.6079
vn 0.7589 0.0065 -0.6512
vn 0.5735 0.5496 0.6075
vn 0.6736 0.1766 0.7177
vn 0.7219 0.0743 0.6880
vn 0.8102 0.0156 0.5860
vn 0.8093 -0.0725 0.5830
vn 0.8944 -0.0017 0.4472
vn 0.8529 -0.0794 0.5161
vn 0.6938 0.2174 -0.6866
vn 0.6800 0.2939 -0.6717
vn 0.6717 0.1902 -0.7160
vn 0.8261 0.0133 -0.5634
vn 0.7186 0.2048 -0.6645
vn 0.8806 0.3276 0.3423
vn 0.9748 0.1177 0.1896
vn 0.9388 -0.0081 0.3443
vn 0.9568 0.0263 0.2895
vn 0.9710 -0.2311 0.0616
vn 0.8261 -0.1450 -0.5445
vn 0.8932 -0.0407 -0.4479
vn 0.8270 0.0561 -0.5594
vn 0.7345 0.6686 0.1161
vn 0.6771 -0.0946 -0.7298
vn 0.5665 0.2430 -0.7874
vn 0.6899 0.6774 -0.2554
vn 0.7799 0.3851 -0.4934
vn 0.6418 -0.4496 0.6213
vn 0.6610 -0.3020 0.6870
vn 0.7164 -0.3446 0.6067
vn 0.2544 0.8467 -0.4674
vn 0.7953 -0.0655 -0.6026
vn 0.7687 0.1613 -0.6190
vn 0.8261 0.3673 -0.4273
vn 0.7136 -0.0819 -0.6958
vn 0.8623 0.1429 -0.4859
vn 0.6958 0.1181 0.7084
vn 0.8161 -0.2346 0.5281
vn 0.8316 -0.3338 0.4439
vn 0.7773 -0.2710 0.5678
vn 0.6936 -0.2696 0.6680
vn 0.8330 -0.3643 -0.4164
vn 0.6588 -0.7194 0.2202
vn 0.4413 -0.4267 -0.7894
vn 0.6362 -0.7563 -0.1528
vn 0.4492 0.7816 0.4329
vn 0.4094 0.8985 0.1582
vn 0.9005 -0.2937 -0.3207
vn 0.9632 0.2671 -0.0315
vn 0.9837 -0.1784 0.0210
vn 0.9891 0.1336 -0.0619
vn 0.9901 -0.1274 0.0590
vn 0.7002 -0.5944 -0.3954
vn 0.9175 0.2584 -0.3024
vn 0.6924 0.4181 -0.5880
vn 0.8719 0.2689 -0.4093
vn 0.6659 -0.1563 0.7295
vn 0.7691 -0.2810 0.5740
vn 0.8310 0.5560 0.0173
vn 0.9265 0.3264 -0.1870
vn 0.9938 -0.0232 -0.1090
vn 0.7057 0.0786 -0.7041
vn 0.7872 0.5369 -0.3033
vn 1.0000 0.0096 -0.0012
vn 0.8017 0.3814 -0.4603
vn 0.7377 0.1951 -0.6463
vn 0.8043 0.1496 -0.5750
vn 0.6764 -0.1943 -0.7104
vn 0.6726 -0.1739 -0.7193
vn 0.7266 -0.1724 0.6651
vn 0.7740 -0.2959 0.5599
vn 0.7992 -0.1728 0.5756
vn 0.8815 -0.1603 0.4441
vn 0.8271 -0.5295 0.1885
vn 0.8821 -0.3094 -0.3553
vn 0.7948 -0.5113 0.3269
vn 0.9552 -0.2495 0.1595
vn 0.9641 0.2203 -0.1481
vn 0.8523 -0.0009 -0.5231
vn 0.7433 -0.3717 -0.5562
vn 0.9127 -0.2831 -0.2948
vn 0.9389 -0.1587 -0.3055
vn 0.9427 -0.3275 -0.0637
vn 0.9810 -0.1381 -0.1363
vn 0.9551 -0.2650 -0.1329
vn 0.9289 -0.3154 -0.1942
vn 0.9562 -0.2137 -0.1998
vn 0.8926 -0.3489 -0.2856
vn 0.6757 -0.4812 -0.5585
vn 0.4325 -0.4392 -0.7874
vn 0.6518 -0.4263 -0.6272
vn 0.9390 -0.1585 -0.3054
vn 0.9190 -0.0956 -0.3825
vn 0.8297 -0.5140 -0.2177
vn 0.8414 -0.3549 -0.4075
vn 0.8982 -0.4002 -0.1819
vn 0.9081 0.2131 -0.3605
vn 0.7889 -0.6138 -0.0283
vn 0.8106 -0.2880 0.5099
vn 0.1260 -0.6964 -0.7065
vn -0.9061 -0.4082 0.1115
vn 0.8765 -0.3260 0.3543
vn 0.9059 -0.2168 0.3638
vn 0.9265 -0.3029 0.2234
vn 0.7773 0.5627 -0.2814
vn 0.7463 -0.6612 -0.0763
vn 0.6824 -0.6538 0.3269
vn 0.7812 0.5652 -0.2652
vn 0.8950 0.2342 -0.3797
vn 0.8026 0.0307 -0.5957
vn 0.9977 0.0484 0.0465
vn 0.9775 -0.1209 0.1727
vn 0.0665 0.7055 0.7055
vn 0.2428 0.3731 -0.8955
vn 0.1255 0.9712 -0.2027
vn 0.3929 0.8289 0.3982
vn 0.4694 0.8424 -0.2646
vn 0.3626 0.6817 -0.6355
vn 0.6355 0.3664 -0.6796
vn 0.6439 0.5593 -0.5221
vn 0.8730 0.0603 -0.4839
vn 0.6863 0.6881 -0.2357
vn 0.6726 0.6697 0.3148
vn 0.9677 0.2220 0.1199
vn 0.9898 0.0960 -0.1051
vn 0.9386 -0.1093 -0.3273
vn 0.9384 -0.3410 -0.0562
vn 0.9713 -0.1604 0.1756
vn 0.9631 -0.2685 0.0169
vn 0.9766 0.0500 -0.2092
vn 0.9768 0.0513 -0.2079
vn 0.5950 0.6682 -0.4467
vn 0.6897 0.0119 -0.7240
vn 0.5363 0.3293 -0.7771
vn 0.4741 0.8387 -0.2680
vn 0.6444 0.7377 0.2013
vn 0.5880 0.7582 0.2818
vn 0.6709 0.4814 0.5640
vn 0.6917 0.1719 0.7014
vn 0.9855 0.1333 0.1048
vn 0.9339 -0.1345 0.3312
vn 0.9316 -0.0938 0.3512
vn 0.8910 0.3750 -0.2558
vn 0.8785 0.4246 -0.2192
vn 0.7124 0.2249 -0.6648
vn 0.8474 0.0490 -0.5287
vn 0.8897 -0.0237 -0.4559
vn 0.9939 -0.0501 -0.0980
vn 0.8516 -0.2388 -0.4667
vn 0.9934 -0.0872 -0.0738
vn 0.8493 -0.4030 -0.3410
vn 0.9875 -0.1569 -0.0128
vn 0.8816 -0.4705 -0.0384
vn 0.9915 -0.1034 -0.0785
vn 0.8405 -0.4315 -0.3276
vn 0.8239 -0.2256 -0.5199
vn 0.6760 0.1048 -0.7294
vn 0.9931 0.0728 -0.0917
vn 0.9793 0.1993 0.0360
vn 0.8111 0.1346 -0.5692
vn 0.9478 0.0622 -0.3127
vn 0.9483 0.0348 -0.3156
vn 0.8531 0.0689 -0.5172
vn 0.8252 0.1193 -0.5522
vn 0.6328 0.6926 -0.3462
vn 0.9810 -0.0242 -0.1924
vn 0.9921 0.0837 -0.0933
vn 0.9655 -0.1155 0.2333
vn 0.7210 0.6598 0.2115
vn 0.9999 -0.0087 -0.0134
vn 0.9940 0.1096 -0.0043
vn 0.9835 0.1624 -0.0796
vn 0.9955 0.0135 -0.0940
vn 0.9694 -0.0361 -0.2430
vn 0.9716 -0.0941 -0.2169
vn 0.9863 -0.0086 -0.1649
vn 0.9883 0.0140 -0.1517
vn 0.9872 0.0511 -0.1511
vn 0.8062 -0.2342 0.5432
vn 0.8830 -0.4690 -0.0166
vn 0.9388 0.0232 -0.3436
vn 0.9624 -0.1931 -0.1911
vn 0.9263 -0.2678 -0.2650
vn 0.9903 -0.0470 -0.1304
vn -0.0000 -0.2561 -0.9667
vn -0.0000 0.5185 0.8551
vn 0.8568 -0.1750 -0.4851
vn 0.9766 0.0110 -0.2147
vn 0.9416 -0.3324 -0.0535
vn 0.3625 0.7979 -0.4816
vn 0.3673 0.6957 -0.6174
vn 0.4017 -0.7690 0.4972
vn 0.4045 -0.7441 0.5316
vn 0.5959 -0.5092 0.6210
vn 0.9117 -0.4096 -0.0324
vn 0.8568 -0.4670 -0.2185
vn 0.9677 -0.2283 -0.1068
vn 0.8396 0.3628 0.4044
vn 0.8043 0.1659 0.5706
vn 0.7515 0.3849 0.5358
vn 0.9572 -0.0631 0.2826
vn 0.9468 -0.0019 0.3218
vn 0.9041 -0.2049 0.3749
vn 0.8875 -0.0807 0.4537
vn 0.8601 0.4396 -0.2588
vn 0.9426 -0.1653 0.2903
vn 0.8355 0.5458 -0.0635
vn 0.8736 0.4780 0.0916
vn 0.9994 0.0067 0.0347
vn 0.9104 -0.1574 -0.3826
vn 0.7706 0.1449 0.6206
vn 0.8219 0.1868 0.5381
vn 0.9742 -0.2079 0.0877
vn 0.9499 -0.3109 0.0327
vn 0.7422 -0.4606 -0.4869
vn 0.8773 -0.4608 -0.1342
vn 0.6777 0.7169 0.1636
vn 0.6731 0.7391 -0.0241
vn 0.7912 0.5069 -0.3421
vn 0.8672 0.3916 -0.3077
vn 0.4673 -0.4714 -0.7479
vn 0.9712 0.1532 -0.1823
vn 0.7650 0.3448 -0.5439
vn 0.9211 -0.3882 0.0296
vn 0.6191 -0.6068 0.4985
vn 0.7884 -0.6106 0.0743
vn 0.9936 -0.0289 -0.1091
vn 0.9250 -0.1667 -0.3413
vn 0.7140 -0.3766 -0.5902
vn 0.4140 -0.5106 -0.7536
vn 0.1452 -0.5623 -0.8141
vn -0.1452 -0.5623 -0.8141
vn -0.1101 -0.0002 -0.9939
vn 0.6008 -0.0002 -0.7994
vn 0.8598 -0.0001 -0.5107
vn -0.1181 -0.1269 -0.9849
vn 0.1181 -0.1269 -0.9849
vn 0.3440 -0.1177 -0.9316
vn 0.6283 -0.0919 -0.7725
vn 0.8758 -0.0438 -0.4807
vn 0.9869 -0.0079 -0.1613
vn 0.9881 -0.0000 -0.1537
vn 0.8854 0.0434 -0.4628
vn 0.6440 0.1305 -0.7538
vn 0.3538 0.2064 -0.9123
vn 0.1215 0.2318 -0.9651
vn 0.1809 -0.0251 -0.9832
vn 0.4929 -0.0218 -0.8698
vn 0.7794 -0.0512 -0.6244
vn 0.9637 -0.0048 -0.2668
vn 0.9917 0.0059 -0.1281
vn 0.1252 0.4572 -0.8805
vn 0.3661 0.4089 -0.8359
vn 0.6703 0.2602 -0.6949
vn 0.9906 -0.0000 -0.1365
vn 0.9931 -0.0164 -0.1165
vn 0.9262 -0.0950 -0.3649
vn 0.7315 -0.2195 -0.6455
vn 0.4356 -0.3057 -0.8467
vn 0.1549 -0.3413 -0.9271
vn 0.8588 0.0467 -0.5102
vn 0.5953 0.1339 -0.7922
vn 0.3160 0.2046 -0.9264
vn 0.1072 0.2269 -0.9680
vn 0.0958 0.6030 -0.7920
vn 0.2897 0.5578 -0.7778
vn 0.5839 0.3906 -0.7117
vn 0.8697 0.1406 -0.4732
vn 0.9871 -0.0000 -0.1599
vn 0.1038 0.0631 -0.9926
vn 0.3059 0.0569 -0.9503
vn 0.5780 0.0373 -0.8152
vn 0.8462 0.0132 -0.5328
vn 0.1368 -0.1882 -0.9726
vn 0.3917 -0.1715 -0.9040
vn 0.6847 -0.1282 -0.7175
vn 0.9043 -0.0579 -0.4230
vn 0.9904 -0.0102 -0.1379
vn 0.9164 0.3473 -0.1989
vn 0.6825 0.5754 -0.4507
vn 0.4557 0.5497 -0.7001
vn 0.9507 0.1650 -0.2626
vn 0.6357 0.1728 -0.7523
vn 0.3589 0.4231 -0.8320
vn 0.4472 0.6823 -0.5784
vn 0.8490 0.0835 -0.5218
vn 0.8457 -0.5325 -0.0345
vn 0.8179 0.1210 0.5626
vn 0.9152 0.3845 0.1207
vn 0.8667 0.1363 0.4798
vn 0.4862 -0.5430 -0.6847
vn 0.5333 -0.4798 -0.6967
vn 0.7769 0.0515 -0.6275
vn 0.5095 -0.5334 -0.6752
vn 0.9946 0.0711 0.0750
vn 0.7450 0.4090 0.5269
vn 0.8121 0.3501 0.4668
vn 0.8330 0.3340 0.4411
vn 0.8188 0.4390 0.3700
vn 0.8509 0.2350 -0.4699
vn 0.8505 -0.1806 -0.4941
vn 0.9741 -0.2254 0.0178
vn 0.4531 0.7327 -0.5077
vn 0.8335 0.1273 0.5376
vn 0.7679 0.2844 0.5740
vn 0.8561 0.4742 0.2058
vn 0.8407 0.4535 0.2958
vn 0.8650 0.3453 0.3642
vn 0.8329 0.3393 0.4372
vn 0.7882 0.2238 0.5733
vn 0.9658 -0.0724 -0.2491
vn 0.9871 0.0029 -0.1602
vn 0.9870 0.0046 -0.1605
vn 0.6970 0.3147 0.6443
vn 0.7318 0.2175 0.6458
vn 0.8423 0.1896 0.5045
vn 0.9132 0.0092 -0.4075
vn 0.6037 0.5944 -0.5312
vn 0.8230 0.1292 0.5532
vn 0.8055 0.0026 0.5925
vn 0.7848 -0.0143 0.6195
vn 0.8568 -0.0709 0.5107
vn 0.9175 0.3961 0.0354
vn 0.9583 0.0500 -0.2813
vn 0.9656 -0.0314 -0.2583
vn 0.7859 -0.4509 0.4232
vn 0.8670 -0.1918 0.4600
vn 0.8438 0.3281 0.4246
vn 0.9173 -0.0781 0.3906
vn 0.8889 -0.0707 0.4525
vn 0.8921 -0.1111 0.4379
vn 0.8526 -0.0719 0.5176
vn 0.8308 -0.1304 0.5410
vn 0.7691 -0.3511 0.5341
vn 0.7497 0.4131 0.5170
vn 0.7222 0.0537 0.6896
vn 0.7167 -0.0707 0.6938
vn 0.7878 -0.3821 0.4831
vn 0.7637 -0.5299 0.3687
vn 0.7720 -0.3408 0.5365
vn 0.5862 -0.6117 0.5312
vn 0.6328 -0.7143 0.2989
vn 0.9782 -0.2058 -0.0288
vn 0.7284 0.2759 0.6272
vn 0.7194 0.5888 0.3685
vn 0.9594 0.2705 -0.0802
vn 0.7311 0.5575 -0.3932
vn 0.3707 0.7446 -0.5551
vn 0.6817 0.0690 -0.7284
vn 0.5905 0.0719 -0.8039
vn 0.7841 0.2398 0.5725
vn 0.7736 0.1525 0.6151
vn 0.3210 0.4967 -0.8064
vn 0.6859 0.2507 -0.6832
vn 0.6533 0.1013 -0.7503
vn 0.5970 0.0963 -0.7964
vn 0.6074 0.0262 0.7939
vn 0.6753 0.0606 0.7350
vn 0.4988 0.3574 0.7896
vn 0.3834 0.6791 0.6260
vn 0.4780 0.8693 -0.1263
vn 0.8626 -0.0446 -0.5039
vn 0.9933 -0.0217 -0.1135
vn 0.9978 -0.0216 -0.0620
vn 0.9725 -0.2230 -0.0676
vn 0.8143 -0.0265 -0.5799
vn 0.9441 -0.1251 -0.3052
vn 0.9776 -0.1508 0.1467
vn 0.6757 -0.4519 0.5825
vn 0.7009 -0.5041 0.5045
vn 0.5350 -0.0993 0.8390
vn 0.9597 -0.1493 0.2382
vn 0.9539 -0.1573 0.2556
vn 0.9907 -0.1341 0.0247
vn 0.8413 0.1649 -0.5147
vn 0.8545 -0.0334 -0.5184
vn 0.8705 -0.0764 -0.4863
vn 0.5426 0.6400 0.5440
vn 0.3481 0.4096 0.8433
vn 0.9205 -0.0554 0.3869
vn 0.9170 -0.1852 0.3532
vn 0.9160 0.2952 0.2717
vn 0.0009 -0.1053 0.9944
vn 0.8350 0.0899 0.5428
vn 0.9970 0.0677 0.0366
vn 0.9983 0.0449 0.0369
vn 0.9528 0.1375 -0.2708
vn 0.9707 -0.0560 -0.2335
vn 0.9263 0.3203 0.1983
vn 0.9040 -0.2187 -0.3675
vn 0.9586 -0.2369 -0.1579
vn 0.4946 0.6151 -0.6140
vn 0.8385 -0.1137 -0.5328
vn 0.8688 -0.3052 -0.3900
vn 0.8690 -0.2641 -0.4184
vn 0.9448 -0.2838 -0.1640
vn 0.9305 -0.3023 -0.2068
vn 0.9239 -0.2603 -0.2805
vn 0.9090 -0.2262 -0.3501
vn 0.9343 0.3194 0.1582
vn 0.9295 0.3069 0.2046
vn 0.9631 0.2664 0.0376
vn 0.9723 0.2204 0.0777
vn 0.8824 0.1208 -0.4547
vn 0.9055 -0.0667 -0.4190
vn 0.9505 -0.2122 -0.2269
vn 0.9192 -0.0618 -0.3889
vn 0.8859 -0.0239 -0.4633
vn 0.8948 0.0024 -0.4465
vn 0.8669 -0.4927 0.0754
vn 0.8478 -0.4608 0.2624
vn 0.8515 -0.4261 0.3055
vn 0.8563 -0.3558 0.3743
vn 0.8057 -0.1216 0.5797
vn 0.6691 -0.0135 0.7430
vn 0.8344 -0.2362 -0.4980
vn 0.8316 -0.0343 -0.5544
vn 0.8704 0.0844 -0.4851
vn 0.9918 -0.1004 0.0788
vn 0.7901 0.5000 -0.3547
vn 0.8225 0.3141 -0.4741
vn 0.7755 0.5846 -0.2384
vn 0.7650 0.6438 -0.0165
vn 0.7084 0.5201 -0.4772
vn 0.7964 0.5809 -0.1684
vn 0.8503 0.4161 -0.3221
vn 0.9067 0.1993 -0.3717
vn 0.9588 0.0204 -0.2833
vn 0.9100 -0.0974 -0.4030
vn 0.9820 -0.0184 -0.1879
vn 0.0736 0.9942 0.0785
vn 0.0829 0.0353 -0.9959
vn 0.9805 0.0070 -0.1965
vn -0.0000 -0.9959 -0.0905
vn 0.6295 0.6735 -0.3874
vn 0.8593 0.1347 -0.4935
vn 0.9336 0.0405 -0.3560
vn 0.7830 -0.5884 -0.2015
vn 0.7899 -0.4822 -0.3788
vn 0.7750 -0.5201 0.3591
vn 0.7634 -0.5691 0.3056
vn 0.7772 -0.2996 0.5534
vn 0.7800 -0.0842 0.6201
vn 0.7952 -0.0202 0.6060
vn 0.5642 0.2117 0.7980
vn 0.5840 0.0794 0.8079
vn 0.8435 0.0046 0.5372
vn 0.9717 -0.0020 -0.2362
vn 0.9827 0.1849 0.0067
vn 0.9706 -0.0025 -0.2407
vn 0.9152 -0.2026 -0.3483
vn 0.8909 -0.3789 -0.2505
vn 0.8363 -0.0646 0.5445
vn 0.7671 -0.2029 0.6086
vn 0.9285 -0.1557 0.3373
vn 0.8715 -0.1663 0.4614
vn 0.8353 -0.1394 0.5318
vn 0.8529 0.3015 -0.4262
vn 0.8905 0.3976 -0.2209
vn 0.8021 0.1327 -0.5823
vn 0.8084 0.1315 -0.5737
vn 0.7624 0.0634 -0.6440
vn 0.7526 0.0098 -0.6584
vn 0.6955 0.1849 0.6943
vn 0.8101 0.0092 0.5863
vn 0.8070 0.0200 0.5902
vn 0.8357 -0.1220 0.5354
vn 0.8363 -0.1269 0.5334
vn 0.8378 -0.0575 0.5429
vn 0.6658 0.2619 -0.6986
vn 0.7104 0.2659 -0.6516
vn 0.8022 -0.0779 -0.5919
vn 0.9250 0.2636 0.2738
vn 0.9401 -0.0114 0.3408
vn 0.9395 -0.0461 0.3394
vn 0.9481 -0.1514 0.2798
vn 0.9214 -0.0254 -0.3878
vn 0.9211 -0.0763 -0.3819
vn 0.9359 0.0019 -0.3521
vn 0.5899 0.3361 -0.7342
vn 0.7084 -0.4648 0.5312
vn 0.6745 -0.3114 0.6694
vn 0.5908 -0.7063 0.3899
vn 0.7726 -0.0867 -0.6289
vn 0.8446 0.1880 -0.5013
vn 0.8067 0.3691 -0.4614
vn 0.6902 0.0926 -0.7176
vn 0.8092 -0.2314 0.5400
vn 0.8056 -0.3397 0.4853
vn 0.8550 -0.2749 0.4398
vn 0.8101 -0.1343 0.5707
vn 0.6477 -0.7257 0.2321
vn 0.4990 -0.8151 -0.2943
vn 0.6874 0.6781 -0.2601
vn 0.9855 -0.1694 0.0043
vn 0.9907 -0.1257 0.0513
vn 0.9188 0.3104 -0.2439
vn 0.7790 0.4622 -0.4237
vn 0.9011 -0.2382 0.3624
vn 0.7839 0.6131 -0.0980
vn 0.8808 0.4594 -0.1144
vn 0.8387 0.2748 -0.4702
vn 0.7805 0.5263 -0.3373
vn 0.7542 0.3213 -0.5727
vn 0.7984 0.2608 -0.5427
vn 0.7468 0.0780 -0.6604
vn 0.7488 -0.0865 -0.6571
vn 0.7295 -0.3517 0.5866
vn 0.8545 -0.3101 0.4168
vn 0.8279 -0.5563 0.0710
vn 0.7009 -0.5909 0.3996
vn 0.7136 -0.6170 0.3318
vn 0.9874 -0.0263 -0.1563
vn 0.9268 -0.2988 -0.2274
vn 0.8254 -0.2816 -0.4894
vn 0.9422 -0.2283 -0.2453
vn 0.9702 -0.2178 -0.1066
vn 0.8899 -0.3168 -0.3284
vn 0.6119 -0.5338 -0.5837
vn 0.8000 -0.5716 -0.1823
vn 0.7814 0.1101 -0.6143
vn 0.6347 0.3912 0.6664
vn 0.8711 -0.3306 0.3631
vn 0.8130 -0.5547 0.1772
vn 0.7514 0.2609 -0.6061
vn 0.7837 0.0081 -0.6211
vn 0.9968 0.0754 -0.0268
vn 0.1668 0.9703 -0.1755
vn 0.5804 0.7935 -0.1827
vn 0.1282 0.5505 -0.8249
vn 0.1595 0.7648 -0.6242
vn 0.3562 0.4899 -0.7957
vn 0.9024 0.0537 -0.4275
vn 0.9004 0.3766 -0.2177
vn 0.7071 0.4721 -0.5264
vn 0.7587 0.6511 -0.0209
vn 0.5039 0.7361 0.4520
vn 0.9554 0.1366 -0.2618
vn 0.9895 0.0963 -0.1074
vn 0.9583 -0.1034 -0.2662
vn 0.9409 -0.3384 -0.0119
vn 0.9880 -0.1393 0.0666
vn 0.9547 -0.2221 0.1982
vn 0.9946 0.0772 -0.0689
vn 0.8956 0.2745 -0.3502
vn 0.6333 0.4699 0.6149
vn 0.8161 0.0744 0.5731
vn 0.8220 -0.0698 0.5651
vn 0.7248 0.5090 -0.4642
vn 0.8255 0.2220 -0.5189
vn 0.9096 0.1008 -0.4031
vn 0.9132 -0.0493 -0.4046
vn 0.8903 -0.2561 -0.3764
vn 0.8803 -0.3994 -0.2560
vn 0.8646 -0.4957 -0.0829
vn 0.8694 -0.4158 -0.2669
vn 0.7804 -0.2076 -0.5899
vn 0.8221 0.2027 -0.5321
vn 1.0000 0.0027 -0.0096
vn 0.9986 0.0513 0.0145
vn 0.8920 0.1522 -0.4257
vn 0.8385 0.0998 -0.5356
vn 0.8266 0.0617 -0.5594
vn 0.8145 0.1131 -0.5690
vn 0.7367 0.5543 -0.3873
vn 0.7092 0.6974 -0.1033
vn 0.9826 0.0834 0.1658
vn 0.9845 -0.1645 -0.0605
vn 0.9072 -0.4193 0.0351
vn 0.9902 -0.1219 -0.0688
vn 0.9844 0.0337 -0.1726
vn 0.9856 0.1331 0.1046
vn 0.8662 -0.1075 0.4880
vn 0.9635 -0.2558 0.0791
vn 0.8721 -0.4484 -0.1960
vn 0.9590 -0.0300 -0.2818
vn 0.9198 -0.2665 -0.2880
vn 0.9877 0.0552 -0.1466
vn 0.9223 -0.0990 -0.3737
vn 0.7000 -0.2332 -0.6750
vn 0.6974 -0.1755 -0.6948
vn 0.5840 0.6914 -0.4252
vn 0.4423 -0.7640 0.4698
vn 0.6639 -0.6567 0.3578
vn 0.9257 -0.3647 0.1001
vn 0.8643 -0.5017 0.0352
vn 0.8502 -0.4734 -0.2302
vn 0.9274 -0.2498 -0.2785
vn 0.8443 0.3631 0.3940
vn 0.8610 0.2225 0.4574
vn 0.9719 0.1253 0.1991
vn 0.8407 0.1084 0.5305
vn 0.8784 0.4615 -0.1245
vn 0.8451 0.5126 0.1520
vn 0.9558 -0.1972 0.2182
vn 0.9675 -0.1652 -0.1916
vn 0.7671 0.1448 0.6250
vn 0.8046 0.1878 0.5633
vn 0.9325 -0.2522 0.2586
vn 0.9067 -0.3927 0.1542
vn 0.7445 -0.6111 -0.2689
vn 0.7828 0.6206 0.0447
vn 0.8502 0.4655 -0.2459
vn 0.8232 0.3964 -0.4064
vn 0.6573 -0.7515 -0.0561
vn 0.7630 -0.6329 0.1315
vn 0.8043 -0.5762 0.1450
vn 0.9982 0.0514 -0.0301
vn 0.9522 -0.2955 -0.0769
vn 0.9587 -0.2367 0.1578
vn 0.9483 -0.2539 0.1904
vn 0.8507 -0.2327 0.4713
vn 0.8509 -0.2292 0.4727
vn 0.8562 -0.0725 -0.5116
vn 0.8562 0.0530 -0.5139
vn 0.9060 0.1312 -0.4024
vn 0.9514 0.2210 -0.2143
vn 0.9592 0.1753 -0.2218
vn 0.8784 0.3738 -0.2977
vn 0.7563 0.6261 -0.1898
vn 0.7818 0.5054 -0.3653
vn 0.9879 0.0809 -0.1322
vn 0.8918 0.2362 -0.3858
vn 0.9390 0.0349 -0.3420
vn 0.9800 0.0444 -0.1941
vn 0.8794 0.1095 -0.4634
vn 0.9988 -0.0496 -0.0033
vn 0.8878 -0.0181 -0.4598
vn 0.8213 0.0170 -0.5702
vn 0.8228 0.0066 -0.5683
vn 0.8147 -0.5798 -0.0018
vn 0.7689 -0.6152 0.1740
vn 0.8419 -0.2971 -0.4505
vn 0.7427 0.4803 -0.4665
vn 0.9003 0.3392 -0.2729
vn 0.6573 -0.7380 0.1529
vn 0.6710 -0.6767 0.3030
vn 0.8433 -0.1188 -0.5241
vn 0.7216 0.4138 -0.5550
vn 0.9137 0.2989 -0.2753
vn 0.9400 -0.2004 -0.2761
vn 0.9374 -0.0485 -0.3448
vn 0.9544 0.0253 -0.2973
vn 0.9417 -0.1826 -0.2827
vn 0.9596 0.0544 -0.2760
vn 0.9879 -0.0000 -0.1552
vn 0.9969 0.0153 -0.0778
vn 0.6095 -0.4107 0.6781
vn 0.8966 -0.2564 0.3610
vn 0.8741 -0.0524 0.4829
vn 0.8762 -0.0333 0.4807
vn 0.9989 -0.0065 -0.0462
vn 0.9768 -0.1180 -0.1789
vn 0.9887 0.0436 -0.1435
vn 0.8185 -0.0086 0.5745
vn 0.8015 0.0416 0.5966
vn 0.8152 -0.0057 0.5792
vn 0.8669 -0.0979 0.4887
vn 0.8670 0.0218 0.4978
vn 0.9283 0.2174 0.3018
vn 0.8849 0.0922 0.4566
vn 0.6862 0.1487 -0.7121
vn 0.5602 0.8141 -0.1534
vn 0.9915 0.1297 0.0075
vn 0.9067 0.0611 -0.4173
vn 0.9267 0.2197 -0.3049
vn 0.9897 0.0588 -0.1306
vn 0.9532 -0.0016 -0.3025
vn 1.0000 -0.0020 -0.0030
vn 0.9989 0.0039 -0.0459
vn 0.9918 -0.0000 -0.1280
vn 0.8489 0.0188 -0.5282
vn 0.8910 0.2039 -0.4057
vn 0.7973 0.5715 -0.1944
vn 0.9008 0.3275 -0.2850
vn 0.8702 -0.4258 0.2480
vn 0.8152 -0.4436 -0.3724
vn 0.8018 -0.5976 -0.0059
vn 0.7781 0.5802 -0.2408
vn 0.8265 -0.4037 -0.3922
vn 0.8345 -0.4830 -0.2652
vn 0.9213 -0.3887 0.0106
vn 0.9998 -0.0140 -0.0154
vn 0.7173 -0.6173 0.3231
vn 0.7333 -0.6351 0.2428
vn 0.7799 0.3692 -0.5054
vn 0.7466 0.4330 -0.5051
vn 0.7350 0.6259 -0.2608
vn 0.6406 0.5448 -0.5412
vn 0.9779 -0.0871 -0.1898
vn 0.6333 -0.2308 -0.7387
vn 0.6231 -0.2502 -0.7410
vn 0.5893 -0.2187 -0.7778
vn 0.6319 -0.1261 -0.7648
vn 0.7578 0.0073 -0.6524
vn 0.8658 0.0210 -0.5000
vn 0.8582 0.0885 -0.5057
vn 0.8449 0.0822 -0.5286
vn 0.8834 0.0173 -0.4683
vn 0.9999 -0.0015 -0.0162
vn 0.8813 -0.3869 -0.2713
vn 0.9256 -0.1674 -0.3394
vn 0.8273 0.5500 -0.1145
vn 0.8105 0.4988 -0.3070
vn 0.8001 0.1198 -0.5878
vn 0.8270 0.1836 -0.5314
vn 0.9786 0.1146 -0.1709
vn 0.9801 0.0596 -0.1891
vn 0.9832 0.0505 -0.1753
vn 0.9845 -0.0087 -0.1751
vn 0.9998 0.0028 -0.0175
vn 0.9854 0.0251 -0.1685
vn 0.9699 0.0248 -0.2423
vn 0.9743 0.0076 -0.2253
vn 0.9746 0.0090 -0.2236
vn 0.9741 -0.0367 -0.2229
vn 1.0000 0.0017 0.0036
vn 0.9759 -0.0590 -0.2099
vn 1.0000 0.0025 0.0034
vn 0.9769 -0.0683 -0.2023
vn 1.0000 0.0036 0.0031
vn 0.9795 -0.0601 -0.1924
vn 1.0000 0.0051 0.0024
vn 0.9820 -0.0384 -0.1851
vn 1.0000 0.0036 0.0033
vn 0.9825 -0.1193 -0.1433
vn 0.9875 -0.1572 0.0106
vn 0.9943 -0.0729 -0.0784
vn 0.9962 -0.0026 -0.0873
vn 0.9949 -0.0094 -0.1002
vn 0.9885 -0.0278 -0.1488
vn 0.9926 -0.1067 -0.0575
vn 0.7803 -0.6231 0.0538
vn 0.8023 -0.5742 0.1628
vn 0.7923 -0.5893 0.1581
vn 0.7848 -0.5828 0.2106
vn 0.9485 -0.2457 0.1998
vn 0.8986 -0.2642 0.3504
vn 0.8980 -0.2358 0.3714
vn 0.9096 0.0877 -0.4062
vn 0.9399 0.1584 -0.3024
vn 0.9407 0.1478 -0.3054
vn 0.9619 0.2588 -0.0880
vn 0.8725 0.4838 -0.0682
vn 0.7621 0.5180 -0.3885
vn 0.7812 0.2199 -0.5842
vn 0.8993 0.0048 -0.4372
vn 0.9522 0.0310 -0.3038
vn 0.9392 0.0143 -0.3432
vn 0.9987 -0.0510 -0.0077
vn 0.9193 0.0232 -0.3928
vn 0.8897 0.0627 -0.4522
vn 0.8294 0.0029 -0.5586
vn 0.8457 -0.4158 0.3344
vn 0.7148 0.3481 -0.6065
vn 0.8278 -0.4127 0.3801
vn 0.6324 0.2918 -0.7176
vn 0.9496 -0.0647 -0.3067
vn 0.9485 0.0156 -0.3163
vn 0.9531 0.0499 -0.2987
vn 0.9806 -0.0376 -0.1925
vn 0.8358 -0.4413 0.3266
vn 0.8201 -0.1537 0.5512
vn 0.9032 -0.0850 0.4207
vn 0.9957 0.0466 -0.0797
vn 0.9969 -0.0174 -0.0767
vn 0.8290 0.0127 0.5591
vn 0.8168 0.0484 0.5749
vn 0.8320 -0.0213 0.5544
vn 0.8138 -0.0545 0.5786
vn 0.8423 -0.0219 0.5385
vn 0.8355 0.0554 0.5467
vn 0.8945 0.4449 0.0436
vn 0.9199 0.3589 -0.1577
vn 0.9746 0.0685 -0.2130
vn 0.9843 0.0280 -0.1743
vn 0.9970 0.0462 -0.0616
vn 0.9435 0.0662 -0.3247
vn 0.9916 -0.0631 -0.1127
vn 0.9891 -0.0798 -0.1236
vn 0.9919 0.0045 -0.1269
vn 0.9003 0.1519 -0.4078
vn 0.9216 0.2146 -0.3235
vn 0.8488 0.3152 -0.4245
vn 0.8283 -0.4610 0.3186
vn 0.8717 -0.4171 0.2570
vn 0.8507 -0.5230 0.0526
vn 0.8858 -0.4135 -0.2108
vn 0.9193 -0.3732 -0.1251
vn 0.9115 -0.4113 -0.0042
vn 0.9124 -0.4081 0.0323
vn 0.7957 0.4172 -0.4392
vn 0.6961 0.6370 -0.3311
vn 0.7772 0.5048 -0.3757
vn 0.6265 -0.2164 -0.7488
vn 0.5892 -0.2192 -0.7777
vn 0.6290 -0.2637 -0.7313
vn 0.7547 -0.1707 -0.6334
vn 0.8106 -0.0326 -0.5847
vn 0.8103 -0.0067 -0.5860
vn 0.8617 0.0897 -0.4994
vn 0.8586 0.0843 -0.5056
vn 0.8474 -0.0431 -0.5292
vn 0.8855 -0.0428 -0.4627
vn 0.8102 0.4990 -0.3076
vn 0.8474 0.3418 -0.4062
vn 0.9999 0.0114 -0.0070
vn 0.9481 -0.0155 -0.3175
vn 0.9885 0.0244 -0.1495
vn 0.9816 -0.1025 -0.1613
vn 0.9705 -0.0031 -0.2411
vn 0.9734 0.0395 -0.2256
vn 0.9746 0.0094 -0.2237
vn 0.9740 0.0025 -0.2265
vn 0.9761 -0.0551 -0.2104
vn 0.9755 -0.0944 -0.1988
vn 0.9750 -0.1319 -0.1786
vn 0.9721 -0.1784 -0.1525
vn 0.9660 -0.2338 -0.1103
vn 0.9831 -0.1346 -0.1242
vn 0.9984 -0.0143 -0.0546
vn 0.9984 0.0023 -0.0561
vn 0.9964 0.0029 -0.0846
vn 0.9961 0.0090 -0.0876
vn 0.9947 0.0152 -0.1018
vn 0.9535 -0.1731 -0.2468
vn -0.9869 -0.0000 -0.1613
vn -0.8696 -0.1262 -0.4773
vn -0.5901 -0.3543 -0.7254
vn -0.2972 -0.5137 -0.8049
vn -0.3229 -0.0002 -0.9464
vn -0.6007 -0.0001 -0.7994
vn -0.8597 -0.0000 -0.5108
vn -0.9847 -0.0000 -0.1742
vn -0.3209 -0.1119 -0.9405
vn -0.5992 -0.0726 -0.7973
vn -0.8595 -0.0252 -0.5105
vn -0.9847 -0.0000 -0.1741
vn -0.9906 0.0128 -0.1365
vn -0.9051 0.0725 -0.4189
vn -0.6852 0.1607 -0.7104
vn -0.3918 0.2149 -0.8946
vn -0.1368 0.2356 -0.9622
vn -0.1755 -0.0247 -0.9842
vn -0.6954 -0.0130 -0.7185
vn -0.9380 0.0159 -0.3461
vn -0.9940 -0.0000 -0.1092
vn -0.1605 0.4618 -0.8723
vn -0.4493 0.4117 -0.7929
vn -0.7463 0.2924 -0.5979
vn -0.8965 0.1553 -0.4149
vn -0.9904 -0.0000 -0.1379
vn -0.9042 -0.0596 -0.4230
vn -0.6785 -0.1851 -0.7109
vn -0.3795 -0.2979 -0.8759
vn -0.1312 -0.3367 -0.9324
vn -0.9870 0.0146 -0.1599
vn -0.8755 0.0805 -0.4764
vn -0.6253 0.1683 -0.7620
vn -0.3409 0.2146 -0.9153
vn -0.1168 0.2309 -0.9659
vn -0.1308 0.6079 -0.7832
vn -0.3788 0.5606 -0.7364
vn -0.6774 0.4287 -0.5978
vn -0.9121 0.1972 -0.3594
vn -0.9926 0.0346 -0.1164
vn -0.1247 0.0641 -0.9901
vn -0.3609 0.0591 -0.9307
vn -0.6488 0.0455 -0.7596
vn -0.8861 0.0212 -0.4631
vn -0.9881 0.0038 -0.1537
vn -0.1022 -0.1855 -0.9773
vn -0.3021 -0.1677 -0.9384
vn -0.5749 -0.1109 -0.8107
vn -0.8456 -0.0394 -0.5324
vn -0.9829 -0.0000 -0.1842
vn -0.1460 0.5555 -0.8186
vn -0.4938 0.4188 -0.7621
vn -0.6362 0.4038 -0.6574
vn -0.7978 0.2156 -0.5630
vn -0.9188 0.2019 -0.3391
vn -0.9595 0.1201 -0.2549
vn -0.9832 0.1472 -0.1080
vn -0.9691 0.1809 -0.1675
vn -0.9395 0.3018 -0.1620
vn -0.9399 0.2974 -0.1679
vn -0.9137 0.3484 -0.2092
vn -0.5995 0.5117 -0.6155
vn -0.3480 0.5037 -0.7907
vn -0.8949 0.0187 -0.4459
vn -0.7131 0.4454 -0.5414
vn -0.7199 0.3799 -0.5809
vn -0.3545 0.4301 -0.8303
vn -0.3318 0.5869 -0.7386
vn -0.7810 0.4204 -0.4619
vn -0.7910 0.3747 -0.4837
vn -0.8277 0.2408 -0.5069
vn -0.9740 0.0166 -0.2260
vn -0.3935 -0.8835 -0.2543
vn -0.9167 0.2146 -0.3370
vn -0.9364 0.1378 -0.3227
vn -0.9903 -0.0401 -0.1332
vn -0.0314 -0.2766 -0.9605
vn -0.0454 -0.9986 -0.0287
vn -0.6461 0.5635 -0.5149
vn -0.6089 0.6326 -0.4786
vn -0.8000 0.5608 0.2134
vn -0.8033 0.5583 0.2074
vn -0.8641 0.1376 0.4842
vn -0.9160 0.3764 0.1392
vn -0.8764 0.3739 0.3035
vn -0.9004 -0.0477 0.4325
vn -0.9273 0.2404 0.2868
vn -0.5105 -0.5524 -0.6590
vn -0.9954 0.0504 0.0819
vn -0.4854 -0.4584 -0.7445
vn -0.9377 0.3460 -0.0316
vn -0.8398 -0.5243 0.1410
vn -0.4487 0.1622 -0.8789
vn -0.6268 -0.6323 -0.4553
vn -0.6902 -0.5140 -0.5093
vn -0.6974 -0.5565 -0.4516
vn -0.2381 -0.8875 -0.3945
vn -0.8500 0.1213 0.5126
vn -0.8455 0.2370 0.4784
vn -0.8706 0.4513 0.1959
vn -0.8803 0.4565 0.1296
vn -0.9941 0.0905 0.0591
vn -0.9659 -0.2499 0.0672
vn -0.6859 0.3061 0.6602
vn -0.9687 -0.1723 -0.1786
vn -0.8198 0.3976 0.4121
vn -0.8440 0.3502 0.4062
vn -0.8309 0.3338 0.4451
vn -0.7579 0.4421 0.4797
vn -0.9719 -0.1363 -0.1920
vn -0.8595 0.2410 -0.4508
vn -0.8673 -0.1894 -0.4604
vn -0.9263 -0.2582 0.2745
vn -0.9456 -0.2862 0.1547
vn -0.6441 0.7226 -0.2511
vn -0.8641 0.1387 0.4838
vn -0.8415 0.2852 0.4588
vn -0.8350 0.4928 0.2447
vn -0.8552 0.4417 0.2712
vn -0.8439 0.3576 0.3999
vn -0.8646 0.3383 0.3716
vn -0.8225 0.2401 0.5156
vn -0.9957 -0.0926 -0.0073
vn -0.9884 -0.1406 -0.0578
vn -0.9132 0.0074 -0.4076
vn -0.5796 0.2925 0.7606
vn -0.9927 -0.0955 -0.0734
vn -0.8601 -0.1845 -0.4756
vn -0.9953 -0.0439 -0.0860
vn -0.9954 -0.0346 -0.0891
vn -0.5927 0.1518 0.7910
vn -0.7789 0.3275 0.5348
vn -0.8408 0.2375 0.4864
vn -0.7658 0.2033 0.6100
vn -0.9199 0.1598 -0.3582
vn -0.9325 0.0465 -0.3582
vn -0.8080 0.3736 -0.4556
vn -0.7095 0.5734 -0.4096
vn -0.9989 -0.0157 -0.0451
vn -0.9989 -0.0097 -0.0461
vn -0.7978 0.1247 0.5899
vn -0.9870 -0.0076 -0.1608
vn -0.8336 -0.0384 0.5511
vn -0.8271 0.0264 0.5615
vn -0.8049 0.0026 0.5934
vn -0.8099 -0.0408 0.5852
vn -0.4912 -0.8427 0.2203
vn -0.9334 0.3585 0.0127
vn -0.9178 0.3931 0.0563
vn -0.9513 0.0208 -0.3076
vn -0.9509 0.0542 -0.3049
vn -0.9619 0.0660 -0.2655
vn -0.7474 -0.6079 -0.2679
vn -0.9590 0.0338 -0.2813
vn -0.9112 0.0123 -0.4117
vn -0.9783 -0.1275 0.1631
vn -0.9039 -0.4174 0.0935
vn -0.8985 -0.3880 -0.2056
vn -0.8327 -0.5390 -0.1271
vn -0.8134 0.2043 -0.5446
vn -0.8017 -0.3576 -0.4789
vn -0.9952 -0.0395 0.0890
vn -0.8057 -0.2405 0.5412
vn -0.8563 -0.0814 0.5100
vn -0.7121 0.6542 0.2550
vn -0.9005 -0.0853 0.4263
vn -0.9734 0.1585 0.1656
vn -0.8993 -0.1020 0.4253
vn -0.8871 -0.1076 0.4489
vn -0.9890 -0.0351 0.1438
vn -0.8923 -0.1071 0.4386
vn -0.8498 -0.1417 0.5077
vn -0.9999 0.0060 -0.0091
vn -0.5898 -0.4064 0.6978
vn -0.5746 -0.2844 0.7675
vn -0.9782 -0.2073 0.0105
vn -0.6736 0.2007 0.7113
vn -0.9780 -0.2081 0.0107
vn -0.7267 -0.0542 0.6848
vn -0.7472 -0.2871 0.5994
vn -0.7701 -0.5404 0.3390
vn -0.6552 -0.5781 0.4864
vn -0.6506 -0.6235 0.4336
vn -0.5864 -0.6145 0.5278
vn -0.9806 -0.1958 0.0021
vn -0.8409 0.2335 0.4883
vn -0.8234 0.4884 0.2890
vn -0.9570 0.2745 -0.0934
vn -0.8856 0.1873 -0.4250
vn -0.8171 0.4989 -0.2888
vn 0.0216 0.8092 0.5871
vn -0.5179 0.4291 -0.7401
vn -0.4179 0.7407 -0.5261
vn -0.5942 0.4422 -0.6719
vn -0.7731 0.1213 -0.6226
vn -0.7661 0.1428 -0.6267
vn -0.7625 0.1264 -0.6345
vn -0.6844 -0.1017 -0.7220
vn -0.8384 -0.0256 -0.5444
vn -0.7041 0.3485 0.6187
vn -0.7017 0.2139 0.6796
vn -0.5836 0.6550 0.4800
vn -0.6676 0.2761 0.6914
vn -0.3991 0.6121 -0.6827
vn -0.3744 0.4551 -0.8079
vn -0.9134 0.3951 -0.0983
vn -0.3320 0.4393 -0.8347
vn -0.7422 0.0387 -0.6690
vn -0.5414 0.2253 -0.8100
vn -0.6609 0.0607 -0.7480
vn -0.5555 -0.0117 0.8315
vn -0.5407 0.0593 0.8391
vn -0.5978 0.1153 0.7933
vn -0.6645 0.2222 0.7135
vn -0.5039 0.3799 0.7758
vn -0.3832 0.8677 -0.3168
vn -0.8410 -0.0589 -0.5378
vn -0.9661 -0.0676 -0.2492
vn -0.9738 -0.0756 -0.2144
vn -0.9994 -0.0359 -0.0021
vn -0.7333 -0.5642 0.3794
vn -0.6561 -0.7534 -0.0437
vn -0.9738 -0.2186 -0.0633
vn -0.8871 -0.4408 -0.1370
vn -0.7928 -0.6090 -0.0251
vn -0.9000 -0.4298 0.0731
vn -0.6372 -0.5079 0.5796
vn -0.9493 -0.2254 0.2193
vn -0.9716 -0.1630 0.1716
vn -0.8938 -0.4420 0.0756
vn -0.6284 -0.5334 0.5663
vn -0.6511 -0.5388 0.5346
vn -0.5724 -0.6032 0.5555
vn -0.6737 -0.3595 0.6457
vn -0.5785 -0.0501 0.8142
vn -0.7684 -0.4770 0.4267
vn -0.6868 -0.5023 0.5254
vn -0.6290 -0.1985 0.7516
vn -0.9776 -0.1532 0.1442
vn -0.7226 0.2788 -0.6325
vn -0.9890 -0.1281 0.0734
vn -0.8275 -0.5522 0.1018
vn -0.9915 -0.1291 0.0188
vn -0.6215 0.3315 -0.7098
vn -0.7277 0.1204 -0.6752
vn -0.8324 0.5527 -0.0411
vn -0.8590 0.3697 0.3541
vn -0.9659 0.0206 -0.2580
vn -0.8275 0.1649 -0.5367
vn -0.7397 0.0551 -0.6707
vn -0.9807 -0.0806 -0.1782
vn -0.9645 -0.0657 -0.2557
vn -0.8663 -0.2081 -0.4541
vn -0.8543 -0.0585 -0.5165
vn -0.2838 0.9289 0.2379
vn -0.2460 0.9206 0.3034
vn -0.5282 0.4354 0.7290
vn -0.5281 0.3208 0.7862
vn -0.9368 -0.1978 0.2887
vn -0.9240 -0.2484 0.2906
vn -0.9614 0.2745 -0.0160
vn -0.7460 0.5195 0.4168
vn -0.9316 -0.0838 0.3536
vn -0.8952 0.2980 0.3315
vn -0.9976 0.0655 0.0237
vn -0.9961 -0.0845 0.0269
vn -0.8789 0.1109 -0.4639
vn -0.8748 0.1087 -0.4722
vn -0.8794 0.1068 -0.4640
vn -0.9243 0.3176 0.2118
vn -0.7584 0.3802 0.5293
vn -0.7780 0.4133 0.4732
vn -0.8773 0.1023 -0.4689
vn -0.7312 -0.1156 -0.6724
vn -0.7910 -0.2404 -0.5627
vn -0.9158 -0.2666 -0.3004
vn -0.4266 0.5186 -0.7410
vn -0.8495 -0.1231 -0.5129
vn -0.8276 -0.2823 -0.4851
vn -0.8702 -0.2643 -0.4159
vn -0.8648 -0.3524 -0.3576
vn -0.9443 -0.2877 -0.1598
vn -0.9322 -0.2539 -0.2580
vn -0.9109 -0.0960 -0.4012
vn -0.9262 -0.2211 -0.3055
vn -0.8492 0.4062 0.3374
vn -0.8562 0.3785 0.3516
vn -0.9371 0.2985 0.1809
vn -0.9272 0.3275 0.1819
vn -0.9822 0.1863 -0.0229
vn -0.9770 0.1983 -0.0786
vn -0.9745 0.2145 -0.0660
vn -0.9090 0.1671 -0.3819
vn -0.9115 0.1398 -0.3868
vn -0.8937 -0.0585 -0.4449
vn -0.8823 -0.2706 -0.3851
vn -0.9326 -0.2076 -0.2954
vn -0.9472 -0.0683 -0.3132
vn -0.9169 -0.0049 -0.3990
vn -0.8852 -0.0000 -0.4653
vn -0.8738 -0.4793 0.0821
vn -0.9890 0.1338 -0.0626
vn -0.7876 -0.5581 0.2612
vn -0.9841 0.1488 -0.0965
vn -0.8336 -0.4635 0.3005
vn -0.7992 -0.3607 0.4808
vn -0.9068 -0.2153 0.3625
vn -0.6324 0.2892 0.7187
vn -0.8304 0.1825 0.5264
vn -0.6378 -0.5352 -0.5539
vn -0.7881 -0.2016 -0.5816
vn -0.8453 -0.0515 -0.5317
vn -0.8230 0.0530 -0.5656
vn -0.9886 -0.0824 0.1261
vn -0.9868 0.1044 0.1240
vn -0.9884 0.1082 -0.1066
vn -0.9896 -0.1024 0.1009
vn -0.7667 0.5051 -0.3964
vn -0.8187 0.3143 -0.4806
vn -0.7623 0.5931 -0.2592
vn -0.7486 0.6623 -0.0309
vn -0.8274 -0.3903 -0.4039
vn -0.6120 0.5381 -0.5795
vn -0.7569 0.6518 0.0475
vn -0.6844 0.6870 -0.2442
vn -0.7864 0.4640 -0.4078
vn -0.9483 -0.0545 -0.3126
vn -0.7152 0.0943 -0.6926
vn -0.9989 0.0477 0.0038
vn -0.9588 0.0199 -0.2833
vn -0.9495 -0.0000 -0.3138
vn -0.9089 -0.0363 -0.4153
vn -0.9635 0.0597 -0.2608
vn -0.9473 -0.0017 -0.3203
vn -0.9604 0.0662 -0.2707
vn -0.4583 -0.1806 -0.8703
vn -0.5504 0.6971 -0.4594
vn -0.5601 -0.5111 -0.6519
vn -0.8701 0.1808 -0.4585
vn -0.8144 0.3231 -0.4820
vn -0.9460 0.1514 -0.2866
vn -0.9320 0.1977 -0.3037
vn -0.9749 0.1762 -0.1364
vn -0.9963 0.0809 -0.0304
vn -0.9855 -0.0321 -0.1668
vn -0.7107 -0.7035 0.0036
vn -0.8641 -0.4958 -0.0861
vn -0.8837 -0.4429 -0.1516
vn -0.9581 -0.2316 0.1687
vn -0.7573 -0.5279 0.3846
vn -0.9536 -0.2584 0.1546
vn -0.7218 -0.5939 0.3553
vn -0.7454 -0.2953 0.5977
vn -0.7867 -0.0908 0.6107
vn -0.7803 -0.0073 0.6254
vn -0.7941 0.0192 0.6075
vn -0.5772 0.0875 0.8119
vn -0.4767 0.6139 0.6292
vn -0.8845 -0.4123 -0.2185
vn -0.9393 -0.3364 -0.0670
vn -0.9691 -0.0733 -0.2354
vn -0.9222 0.1760 -0.3442
vn -0.8998 -0.3805 -0.2133
vn -0.9997 -0.0244 0.0016
vn -0.8686 -0.2595 0.4221
vn -0.8290 -0.2723 0.4884
vn -0.7517 -0.0025 0.6595
vn -0.9378 -0.2358 0.2548
vn -0.8706 -0.2230 0.4386
vn -0.8345 0.2498 -0.4912
vn -0.8503 0.3574 -0.3862
vn -0.8369 0.1999 -0.5096
vn -0.8024 0.1211 -0.5844
vn -0.8118 0.0955 -0.5760
vn -0.7615 -0.2251 -0.6079
vn -0.7589 0.0065 -0.6512
vn -0.5735 0.5496 0.6075
vn -0.6736 0.1766 0.7177
vn -0.7219 0.0743 0.6880
vn -0.8102 0.0156 0.5860
vn -0.8093 -0.0725 0.5830
vn -0.8944 -0.0017 0.4472
vn -0.8529 -0.0794 0.5161
vn -0.6938 0.2174 -0.6866
vn -0.6800 0.2939 -0.6717
vn -0.6717 0.1902 -0.7160
vn -0.8261 0.0133 -0.5634
vn -0.7186 0.2048 -0.6645
vn -0.8806 0.3276 0.3423
vn -0.9748 0.1177 0.1896
vn -0.9388 -0.0081 0.3443
vn -0.9568 0.0263 0.2895
vn -0.9710 -0.2311 0.0616
vn -0.8261 -0.1450 -0.5445
vn -0.8932 -0.0407 -0.4479
vn -0.8270 0.0561 -0.5594
vn -0.7345 0.6686 0.1161
vn -0.6771 -0.0946 -0.7298
vn -0.5665 0.2430 -0.7874
vn -0.6899 0.6774 -0.2554
vn -0.7799 0.3851 -0.4934
vn -0.6418 -0.4496 0.6213
vn -0.6610 -0.3020 0.6870
vn -0.7164 -0.3446 0.6067
vn -0.2544 0.8467 -0.4674
vn -0.7953 -0.0655 -0.6026
vn -0.7687 0.1613 -0.6190
vn -0.8261 0.3673 -0.4273
vn -0.7136 -0.0819 -0.6958
vn -0.8623 0.1429 -0.4859
vn -0.6958 0.1181 0.7084
vn -0.8161 -0.2346 0.5281
vn -0.8316 -0.3338 0.4439
vn -0.7773 -0.2710 0.5678
vn -0.6936 -0.2696 0.6680
vn -0.8330 -0.3643 -0.4164
vn -0.6588 -0.7194 0.2202
vn -0.4413 -0.4267 -0.7894
vn -0.6362 -0.7563 -0.1528
vn -0.4492 0.7816 0.4329
vn -0.4094 0.8985 0.1582
vn -0.9005 -0.2937 -0.3207
vn -0.9632 0.2671 -0.0315
vn -0.9837 -0.1784 0.0210
vn -0.9891 0.1336 -0.0619
vn -0.9901 -0.1274 0.0590
vn -0.7002 -0.5944 -0.3954
vn -0.9175 0.2584 -0.3024
vn -0.6924 0.4181 -0.5880
vn -0.8719 0.2689 -0.4093
vn -0.6659 -0.1563 0.7295
vn -0.7691 -0.2810 0.5740
vn -0.8310 0.5560 0.0173
vn -0.9265 0.3264 -0.1870
vn -0.9938 -0.0232 -0.1090
vn -0.7057 0.0786 -0.7041
vn -0.7872 0.5369 -0.3033
vn -1.0000 0.0096 -0.0012
vn -0.8017 0.3814 -0.4603
vn -0.7377 0.1951 -0.6463
vn -0.8043 0.1496 -0.5750
vn -0.6764 -0.1943 -0.7104
vn -0.6726 -0.1739 -0.7193
vn -0.7266 -0.1724 0.6651
vn -0.7740 -0.2959 0.5599
vn -0.7992 -0.1728 0.5756
vn -0.8815 -0.1603 0.4441
vn -0.8271 -0.5295 0.1885
vn -0.8821 -0.3094 -0.3553
vn -0.7948 -0.5113 0.3269
vn -0.9552 -0.2495 0.1595
vn -0.9641 0.2203 -0.1481
vn -0.8523 -0.0009 -0.5231
vn -0.7433 -0.3717 -0.5562
vn -0.9127 -0.2831 -0.2948
vn -0.9389 -0.1587 -0.3055
vn -0.9427 -0.3275 -0.0637
vn -0.9810 -0.1381 -0.1363
vn -0.9551 -0.2650 -0.1329
vn -0.9289 -0.3154 -0.1942
vn -0.9562 -0.2137 -0.1998
vn -0.8926 -0.3489 -0.2856
vn -0.6757 -0.4812 -0.5585
vn -0.4325 -0.4392 -0.7874
vn -0.6518 -0.4263 -0.6272
vn -0.9390 -0.1585 -0.3054
vn -0.9190 -0.0956 -0.3825
vn -0.8297 -0.5140 -0.2177
vn -0.8414 -0.3549 -0.4075
vn -0.8982 -0.4002 -0.1819
vn -0.9081 0.2131 -0.3605
vn -0.7889 -0.6138 -0.0283
vn -0.8106 -0.2880 0.5099
vn -0.1260 -0.6964 -0.7065
vn 0.9061 -0.4082 0.1115
vn -0.8765 -0.3260 0.3543
vn -0.9059 -0.2168 0.3638
vn -0.9265 -0.3029 0.2234
vn -0.7773 0.5627 -0.2814
vn -0.7463 -0.6612 -0.0763
vn -0.6824 -0.6538 0.3269
vn -0.7812 0.5652 -0.2652
vn -0.8950 0.2342 -0.3797
vn -0.8026 0.0307 -0.5957
vn -0.9977 0.0484 0.0465
vn -0.9775 -0.1209 0.1727
vn -0.0665 0.7055 0.7055
vn -0.2428 0.3731 -0.8955
vn -0.1255 0.9712 -0.2027
vn -0.3929 0.8289 0.3982
vn -0.4694 0.8424 -0.2646
vn -0.3626 0.6817 -0.6355
vn -0.6355 0.3664 -0.6796
vn -0.6439 0.5593 -0.5221
vn -0.8730 0.0603 -0.4839
vn -0.6863 0.6881 -0.2357
vn -0.6726 0.6697 0.3148
vn -0.9677 0.2220 0.1199
vn -0.9898 0.0960 -0.1051
vn -0.9386 -0.1093 -0.3273
vn -0.9384 -0.3410 -0.0562
vn -0.9713 -0.1604 0.1756
vn -0.9631 -0.2685 0.0169
vn -0.9766 0.0500 -0.2092
vn -0.9768 0.0513 -0.2079
vn -0.5950 0.6682 -0.4467
vn -0.6897 0.0119 -0.7240
vn -0.5363 0.3293 -0.7771
vn -0.4741 0.8387 -0.2680
vn -0.6444 0.7377 0.2013
vn -0.5880 0.7582 0.2818
vn -0.6709 0.4814 0.5640
vn -0.6917 0.1719 0.7014
vn -0.9855 0.1333 0.1048
vn -0.9339 -0.1345 0.3312
vn -0.9316 -0.0938 0.3512
vn -0.8910 0.3750 -0.2558
vn -0.8785 0.4246 -0.2192
vn -0.7124 0.2249 -0.6648
vn -0.8474 0.0490 -0.5287
vn -0.8897 -0.0237 -0.4559
vn -0.9939 -0.0501 -0.0980
vn -0.8516 -0.2388 -0.4667
vn -0.9934 -0.0872 -0.0738
vn -0.8493 -0.4030 -0.3410
vn -0.9875 -0.1569 -0.0128
vn -0.8816 -0.4705 -0.0384
vn -0.9915 -0.1034 -0.0785
vn -0.8405 -0.4315 -0.3276
vn -0.8239 -0.2256 -0.5199
vn -0.6760 0.1048 -0.7294
vn -0.9931 0.0728 -0.0917
vn -0.9793 0.1993 0.0360
vn -0.8111 0.1346 -0.5692
vn -0.9478 0.0622 -0.3127
vn -0.9483 0.0348 -0.3156
vn -0.8531 0.0689 -0.5172
vn -0.8252 0.1193 -0.5522
vn -0.6328 0.6926 -0.3462
vn -0.9810 -0.0242 -0.1924
vn -0.9921 0.0837 -0.0933
vn -0.9655 -0.1155 0.2333
vn -0.7210 0.6598 0.2115
vn -0.9999 -0.0087 -0.0134
vn -0.9940 0.1096 -0.0043
vn -0.9835 0.1624 -0.0796
vn -0.9955 0.0135 -0.0940
vn -0.9694 -0.0361 -0.2430
vn -0.9716 -0.0941 -0.2169
vn -0.9863 -0.0086 -0.1649
vn -0.9883 0.0140 -0.1517
vn -0.9872 0.0511 -0.1511
vn -0.8062 -0.2342 0.5432
vn -0.8830 -0.4690 -0.0166
vn -0.9388 0.0232 -0.3436
vn -0.9624 -0.1931 -0.1911
vn -0.9263 -0.2678 -0.2650
vn -0.9903 -0.0470 -0.1304
vn -0.8568 -0.1750 -0.4851
vn -0.9766 0.0110 -0.2147
vn -0.9416 -0.3324 -0.0535
vn -0.3625 0.7979 -0.4816
vn -0.3673 0.6957 -0.6174
vn -0.4017 -0.7690 0.4972
vn -0.4045 -0.7441 0.5316
vn -0.5959 -0.5092 0.6210
vn -0.9117 -0.4096 -0.0324
vn -0.8568 -0.4670 -0.2185
vn -0.9677 -0.2283 -0.1068
vn -0.8396 0.3628 0.4044
vn -0.8043 0.1659 0.5706
vn -0.7515 0.3849 0.5358
vn -0.9572 -0.0631 0.2826
vn -0.9468 -0.0019 0.3218
vn -0.9041 -0.2049 0.3749
vn -0.8875 -0.0807 0.4537
vn -0.8601 0.4396 -0.2588
vn -0.9426 -0.1653 0.2903
vn -0.8355 0.5458 -0.0635
vn -0.8736 0.4780 0.0916
vn -0.9994 0.0067 0.0347
vn -0.9104 -0.1574 -0.3826
vn -0.7706 0.1449 0.6206
vn -0.8219 0.1868 0.5381
vn -0.9742 -0.2079 0.0877
vn -0.9499 -0.3109 0.0327
vn -0.7422 -0.4606 -0.4869
vn -0.8773 -0.4608 -0.1342
vn -0.6777 0.7169 0.1636
vn -0.6731 0.7391 -0.0241
vn -0.7912 0.5069 -0.3421
vn -0.8672 0.3916 -0.3077
vn -0.4673 -0.4714 -0.7479
vn -0.9712 0.1532 -0.1823
vn -0.7650 0.3448 -0.5439
vn -0.9211 -0.3882 0.0296
vn -0.6191 -0.6068 0.4985
vn -0.7884 -0.6106 0.0743
vn -0.9936 -0.0289 -0.1091
vn -0.9250 -0.1667 -0.3413
vn -0.7140 -0.3766 -0.5902
vn -0.4140 -0.5106 -0.7536
vn -0.6008 -0.0002 -0.7994
vn -0.8598 -0.0001 -0.5107
vn -0.3440 -0.1177 -0.9316
vn -0.6283 -0.0919 -0.7725
vn -0.8758 -0.0438 -0.4807
vn -0.9869 -0.0079 -0.1613
vn -0.9881 -0.0000 -0.1537
vn -0.8854 0.0434 -0.4628
vn -0.6440 0.1305 -0.7538
vn -0.3538 0.2064 -0.9123
vn -0.1215 0.2318 -0.9651
vn -0.1809 -0.0251 -0.9832
vn -0.4929 -0.0218 -0.8698
vn -0.7794 -0.0512 -0.6244
vn -0.9637 -0.0048 -0.2668
vn -0.9917 0.0059 -0.1281
vn -0.1252 0.4572 -0.8805
vn -0.3661 0.4089 -0.8359
vn -0.6703 0.2602 -0.6949
vn -0.9906 -0.0000 -0.1365
vn -0.9931 -0.0164 -0.1165
vn -0.9262 -0.0950 -0.3649
vn -0.7315 -0.2195 -0.6455
vn -0.4356 -0.3057 -0.8467
vn -0.1549 -0.3413 -0.9271
vn -0.8588 0.0467 -0.5102
vn -0.5953 0.1339 -0.7922
vn -0.3160 0.2046 -0.9264
vn -0.1072 0.2269 -0.9680
vn -0.0958 0.6030 -0.7920
vn -0.2897 0.5578 -0.7778
vn -0.5839 0.3906 -0.7117
vn -0.8697 0.1406 -0.4732
vn -0.9871 -0.0000 -0.1599
vn -0.1038 0.0631 -0.9926
vn -0.3059 0.0569 -0.9503
vn -0.5780 0.0373 -0.8152
vn -0.8462 0.0132 -0.5328
vn -0.1368 -0.1882 -0.9726
vn -0.3917 -0.1715 -0.9040
vn -0.6847 -0.1282 -0.7175
vn -0.9043 -0.0579 -0.4230
vn -0.9904 -0.0102 -0.1379
vn -0.9164 0.3473 -0.1989
vn -0.6825 0.5754 -0.4507
vn -0.4557 0.5497 -0.7001
vn -0.9507 0.1650 -0.2626
vn -0.6357 0.1728 -0.7523
vn -0.3589 0.4231 -0.8320
vn -0.4472 0.6823 -0.5784
vn -0.8490 0.0835 -0.5218
vn -0.8457 -0.5325 -0.0345
vn -0.8179 0.1210 0.5626
vn -0.9152 0.3845 0.1207
vn -0.8667 0.1363 0.4798
vn -0.4862 -0.5430 -0.6847
vn -0.5333 -0.4798 -0.6967
vn -0.7769 0.0515 -0.6275
vn -0.5095 -0.5334 -0.6752
vn -0.9946 0.0711 0.0750
vn -0.7450 0.4090 0.5269
vn -0.8121 0.3501 0.4668
vn -0.8330 0.3340 0.4411
vn -0.8188 0.4390 0.3700
vn -0.8509 0.2350 -0.4699
vn -0.8505 -0.1806 -0.4941
vn -0.9741 -0.2254 0.0178
vn -0.4531 0.7327 -0.5077
vn -0.8335 0.1273 0.5376
vn -0.7679 0.2844 0.5740
vn -0.8561 0.4742 0.2058
vn -0.8407 0.4535 0.2958
vn -0.8650 0.3453 0.3642
vn -0.8329 0.3393 0.4372
vn -0.7882 0.2238 0.5733
vn -0.9658 -0.0724 -0.2491
vn -0.9871 0.0029 -0.1602
vn -0.9870 0.0046 -0.1605
vn -0.6970 0.3147 0.6443
vn -0.7318 0.2175 0.6458
vn -0.8423 0.1896 0.5045
vn -0.9132 0.0092 -0.4075
vn -0.6037 0.5944 -0.5312
vn -0.8230 0.1292 0.5532
vn -0.8055 0.0026 0.5925
vn -0.7848 -0.0143 0.6195
vn -0.8568 -0.0709 0.5107
vn -0.9175 0.3961 0.0354
vn -0.9583 0.0500 -0.2813
vn -0.9656 -0.0314 -0.2583
vn -0.7859 -0.4509 0.4232
vn -0.8670 -0.1918 0.4600
vn -0.8438 0.3281 0.4246
vn -0.9173 -0.0781 0.3906
vn -0.8889 -0.0707 0.4525
vn -0.8921 -0.1111 0.4379
vn -0.8526 -0.0719 0.5176
vn -0.8308 -0.1304 0.5410
vn -0.7691 -0.3511 0.5341
vn -0.7497 0.4131 0.5170
vn -0.7222 0.0537 0.6896
vn -0.7167 -0.0707 0.6938
vn -0.7878 -0.3821 0.4831
vn -0.7637 -0.5299 0.3687
vn -0.7720 -0.3408 0.5365
vn -0.5862 -0.6117 0.5312
vn -0.6328 -0.7143 0.2989
vn -0.9782 -0.2058 -0.0288
vn -0.7284 0.2759 0.6272
vn -0.7194 0.5888 0.3685
vn -0.9594 0.2705 -0.0802
vn -0.7311 0.5575 -0.3932
vn -0.3707 0.7446 -0.5551
vn -0.6817 0.0690 -0.7284
vn -0.5905 0.0719 -0.8039
vn -0.7841 0.2398 0.5725
vn -0.7736 0.1525 0.6151
vn -0.3210 0.4967 -0.8064
vn -0.6859 0.2507 -0.6832
vn -0.6533 0.1013 -0.7503
vn -0.5970 0.0963 -0.7964
vn -0.6074 0.0262 0.7939
vn -0.6753 0.0606 0.7350
vn -0.4988 0.3574 0.7896
vn -0.3834 0.6791 0.6260
vn -0.4780 0.8693 -0.1263
vn -0.8626 -0.0446 -0.5039
vn -0.9933 -0.0217 -0.1135
vn -0.9978 -0.0216 -0.0620
vn -0.9725 -0.2230 -0.0676
vn -0.8143 -0.0265 -0.5799
vn -0.9441 -0.1251 -0.3052
vn -0.9776 -0.1508 0.1467
vn -0.6757 -0.4519 0.5825
vn -0.7009 -0.5041 0.5045
vn -0.5350 -0.0993 0.8390
vn -0.9597 -0.1493 0.2382
vn -0.9539 -0.1573 0.2556
vn -0.9907 -0.1341 0.0247
vn -0.8413 0.1649 -0.5147
vn -0.8545 -0.0334 -0.5184
vn -0.8705 -0.0764 -0.4863
vn -0.5426 0.6400 0.5440
vn -0.3481 0.4096 0.8433
vn -0.9205 -0.0554 0.3869
vn -0.9170 -0.1852 0.3532
vn -0.9160 0.2952 0.2717
vn -0.0009 -0.1053 0.9944
vn -0.8350 0.0899 0.5428
vn -0.9970 0.0677 0.0366
vn -0.9983 0.0449 0.0369
vn -0.9528 0.1375 -0.2708
vn -0.9707 -0.0560 -0.2335
vn -0.9263 0.3203 0.1983
vn -0.9040 -0.2187 -0.3675
vn -0.9586 -0.2369 -0.1579
vn -0.4946 0.6151 -0.6140
vn -0.8385 -0.1137 -0.5328
vn -0.8688 -0.3052 -0.3900
vn -0.8690 -0.2641 -0.4184
vn -0.9448 -0.2838 -0.1640
vn -0.9305 -0.3023 -0.2068
vn -0.9239 -0.2603 -0.2805
vn -0.9090 -0.2262 -0.3501
vn -0.9343 0.3194 0.1582
vn -0.9295 0.3069 0.2046
vn -0.9631 0.2664 0.0376
vn -0.9723 0.2204 0.0777
vn -0.8824 0.1208 -0.4547
vn -0.9055 -0.0667 -0.4190
vn -0.9505 -0.2122 -0.2269
vn -0.9192 -0.0618 -0.3889
vn -0.8859 -0.0239 -0.4633
vn -0.8948 0.0024 -0.4465
vn -0.8669 -0.4927 0.0754
vn -0.8478 -0.4608 0.2624
vn -0.8515 -0.4261 0.3055
vn -0.8563 -0.3558 0.3743
vn -0.8057 -0.1216 0.5797
vn -0.6691 -0.0135 0.7430
vn -0.8344 -0.2362 -0.4980
vn -0.8316 -0.0343 -0.5544
vn -0.8704 0.0844 -0.4851
vn -0.9918 -0.1004 0.0788
vn -0.7901 0.5000 -0.3547
vn -0.8225 0.3141 -0.4741
vn -0.7755 0.5846 -0.2384
vn -0.7650 0.6438 -0.0165
vn -0.7084 0.5201 -0.4772
vn -0.7964 0.5809 -0.1684
vn -0.8503 0.4161 -0.3221
vn -0.9067 0.1993 -0.3717
vn -0.9588 0.0204 -0.2833
vn -0.9100 -0.0974 -0.4030
vn -0.9820 -0.0184 -0.1879
vn -0.0736 0.9942 0.0785
vn -0.0829 0.0353 -0.9959
vn -0.9805 0.0070 -0.1965
vn -0.6295 0.6735 -0.3874
vn -0.8593 0.1347 -0.4935
vn -0.9336 0.0405 -0.3560
vn -0.7830 -0.5884 -0.2015
vn -0.7899 -0.4822 -0.3788
vn -0.7750 -0.5201 0.3591
vn -0.7634 -0.5691 0.3056
vn -0.7772 -0.2996 0.5534
vn -0.7800 -0.0842 0.6201
vn -0.7952 -0.0202 0.6060
vn -0.5642 0.2117 0.7980
vn -0.5840 0.0794 0.8079
vn -0.8435 0.0046 0.5372
vn -0.9717 -0.0020 -0.2362
vn -0.9827 0.1849 0.0067
vn -0.9706 -0.0025 -0.2407
vn -0.9152 -0.2026 -0.3483
vn -0.8909 -0.3789 -0.2505
vn -0.8363 -0.0646 0.5445
vn -0.7671 -0.2029 0.6086
vn -0.9285 -0.1557 0.3373
vn -0.8715 -0.1663 0.4614
vn -0.8353 -0.1394 0.5318
vn -0.8529 0.3015 -0.4262
vn -0.8905 0.3976 -0.2209
vn -0.8021 0.1327 -0.5823
vn -0.8084 0.1315 -0.5737
vn -0.7624 0.0634 -0.6440
vn -0.7526 0.0098 -0.6584
vn -0.6955 0.1849 0.6943
vn -0.8101 0.0092 0.5863
vn -0.8070 0.0200 0.5902
vn -0.8357 -0.1220 0.5354
vn -0.8363 -0.1269 0.5334
vn -0.8378 -0.0575 0.5429
vn -0.6658 0.2619 -0.6986
vn -0.7104 0.2659 -0.6516
vn -0.8022 -0.0779 -0.5919
vn -0.9250 0.2636 0.2738
vn -0.9401 -0.0114 0.3408
vn -0.9395 -0.0461 0.3394
vn -0.9481 -0.1514 0.2798
vn -0.9214 -0.0254 -0.3878
vn -0.9211 -0.0763 -0.3819
vn -0.9359 0.0019 -0.3521
vn -0.5899 0.3361 -0.7342
vn -0.7084 -0.4648 0.5312
vn -0.6745 -0.3114 0.6694
vn -0.5908 -0.7063 0.3899
vn -0.7726 -0.0867 -0.6289
vn -0.8446 0.1880 -0.5013
vn -0.8067 0.3691 -0.4614
vn -0.6902 0.0926 -0.7176
vn -0.8092 -0.2314 0.5400
vn -0.8056 -0.3397 0.4853
vn -0.8550 -0.2749 0.4398
vn -0.8101 -0.1343 0.5707
vn -0.6477 -0.7257 0.2321
vn -0.4990 -0.8151 -0.2943
vn -0.6874 0.6781 -0.2601
vn -0.9855 -0.1694 0.0043
vn -0.9907 -0.1257 0.0513
vn -0.9188 0.3104 -0.2439
vn -0.7790 0.4622 -0.4237
vn -0.9011 -0.2382 0.3624
vn -0.7839 0.6131 -0.0980
vn -0.8808 0.4594 -0.1144
vn -0.8387 0.2748 -0.4702
vn -0.7805 0.5263 -0.3373
vn -0.7542 0.3213 -0.5727
vn -0.7984 0.2608 -0.5427
vn -0.7468 0.0780 -0.6604
vn -0.7488 -0.0865 -0.6571
vn -0.7295 -0.3517 0.5866
vn -0.8545 -0.3101 0.4168
vn -0.8279 -0.5563 0.0710
vn -0.7009 -0.5909 0.3996
vn -0.7136 -0.6170 0.3318
vn -0.9874 -0.0263 -0.1563
vn -0.9268 -0.2988 -0.2274
vn -0.8254 -0.2816 -0.4894
vn -0.9422 -0.2283 -0.2453
vn -0.9702 -0.2178 -0.1066
vn -0.8899 -0.3168 -0.3284
vn -0.6119 -0.5338 -0.5837
vn -0.8000 -0.5716 -0.1823
vn -0.7814 0.1101 -0.6143
vn -0.6347 0.3912 0.6664
vn -0.8711 -0.3306 0.3631
vn -0.8130 -0.5547 0.1772
vn -0.7514 0.2609 -0.6061
vn -0.7837 0.0081 -0.6211
vn -0.9968 0.0754 -0.0268
vn -0.1668 0.9703 -0.1755
vn -0.5804 0.7935 -0.1827
vn -0.1282 0.5505 -0.8249
vn -0.1595 0.7648 -0.6242
vn -0.3562 0.4899 -0.7957
vn -0.9024 0.0537 -0.4275
vn -0.9004 0.3766 -0.2177
vn -0.7071 0.4721 -0.5264
vn -0.7587 0.6511 -0.0209
vn -0.5039 0.7361 0.4520
vn -0.9554 0.1366 -0.2618
vn -0.9895 0.0963 -0.1074
vn -0.9583 -0.1034 -0.2662
vn -0.9409 -0.3384 -0.0119
vn -0.9880 -0.1393 0.0666
vn -0.9547 -0.2221 0.1982
vn -0.9946 0.0772 -0.0689
vn -0.8956 0.2745 -0.3502
vn -0.6333 0.4699 0.6149
vn -0.8161 0.0744 0.5731
vn -0.8220 -0.0698 0.5651
vn -0.7248 0.5090 -0.4642
vn -0.8255 0.2220 -0.5189
vn -0.9096 0.1008 -0.4031
vn -0.9132 -0.0493 -0.4046
vn -0.8903 -0.2561 -0.3764
vn -0.8803 -0.3994 -0.2560
vn -0.8646 -0.4957 -0.0829
vn -0.8694 -0.4158 -0.2669
vn -0.7804 -0.2076 -0.5899
vn -0.8221 0.2027 -0.5321
vn -1.0000 0.0027 -0.0096
vn -0.9986 0.0513 0.0145
vn -0.8920 0.1522 -0.4257
vn -0.8385 0.0998 -0.5356
vn -0.8266 0.0617 -0.5594
vn -0.8145 0.1131 -0.5690
vn -0.7367 0.5543 -0.3873
vn -0.7092 0.6974 -0.1033
vn -0.9826 0.0834 0.1658
vn -0.9845 -0.1645 -0.0605
vn -0.9072 -0.4193 0.0351
vn -0.9902 -0.1219 -0.0688
vn -0.9844 0.0337 -0.1726
vn -0.9856 0.1331 0.1046
vn -0.8662 -0.1075 0.4880
vn -0.9635 -0.2558 0.0791
vn -0.8721 -0.4484 -0.1960
vn -0.9590 -0.0300 -0.2818
vn -0.9198 -0.2665 -0.2880
vn -0.9877 0.0552 -0.1466
vn -0.9223 -0.0990 -0.3737
vn -0.7000 -0.2332 -0.6750
vn -0.6974 -0.1755 -0.6948
vn -0.5840 0.6914 -0.4252
vn -0.4423 -0.7640 0.4698
vn -0.6639 -0.6567 0.3578
vn -0.9257 -0.3647 0.1001
vn -0.8643 -0.5017 0.0352
vn -0.8502 -0.4734 -0.2302
vn -0.9274 -0.2498 -0.2785
vn -0.8443 0.3631 0.3940
vn -0.8610 0.2225 0.4574
vn -0.9719 0.1253 0.1991
vn -0.8407 0.1084 0.5305
vn -0.8784 0.4615 -0.1245
vn -0.8451 0.5126 0.1520
vn -0.9558 -0.1972 0.2182
vn -0.9675 -0.1652 -0.1916
vn -0.7671 0.1448 0.6250
vn -0.8046 0.1878 0.5633
vn -0.9325 -0.2522 0.2586
vn -0.9067 -0.3927 0.1542
vn -0.7445 -0.6111 -0.2689
vn -0.7828 0.6206 0.0447
vn -0.8502 0.4655 -0.2459
vn -0.8232 0.3964 -0.4064
vn -0.6573 -0.7515 -0.0561
vn -0.7630 -0.6329 0.1315
vn -0.8043 -0.5762 0.1450
vn -0.9982 0.0514 -0.0301
vn -0.9522 -0.2955 -0.0769
vn -0.9587 -0.2367 0.1578
vn -0.9483 -0.2539 0.1904
vn -0.8507 -0.2327 0.4713
vn -0.8509 -0.2292 0.4727
vn -0.8562 -0.0725 -0.5116
vn -0.8562 0.0530 -0.5139
vn -0.9060 0.1312 -0.4024
vn -0.9514 0.2210 -0.2143
vn -0.9592 0.1753 -0.2218
vn -0.8784 0.3738 -0.2977
vn -0.7563 0.6261 -0.1898
vn -0.7818 0.5054 -0.3653
vn -0.9879 0.0809 -0.1322
vn -0.8918 0.2362 -0.3858
vn -0.9390 0.0349 -0.3420
vn -0.9800 0.0444 -0.1941
vn -0.8794 0.1095 -0.4634
vn -0.9988 -0.0496 -0.0033
vn -0.8878 -0.0181 -0.4598
vn -0.8213 0.0170 -0.5702
vn -0.8228 0.0066 -0.5683
vn -0.8147 -0.5798 -0.0018
vn -0.7689 -0.6152 0.1740
vn -0.8419 -0.2971 -0.4505
vn -0.7427 0.4803 -0.4665
vn -0.9003 0.3392 -0.2729
vn -0.6573 -0.7380 0.1529
vn -0.6710 -0.6767 0.3030
vn -0.8433 -0.1188 -0.5241
vn -0.7216 0.4138 -0.5550
vn -0.9137 0.2989 -0.2753
vn -0.9400 -0.2004 -0.2761
vn -0.9374 -0.0485 -0.3448
vn -0.9544 0.0253 -0.2973
vn -0.9417 -0.1826 -0.2827
vn -0.9596 0.0544 -0.2760
vn -0.9879 -0.0000 -0.1552
vn -0.9969 0.0153 -0.0778
vn -0.6095 -0.4107 0.6781
vn -0.8966 -0.2564 0.3610
vn -0.8741 -0.0524 0.4829
vn -0.8762 -0.0333 0.4807
vn -0.9989 -0.0065 -0.0462
vn -0.9768 -0.1180 -0.1789
vn -0.9887 0.0436 -0.1435
vn -0.8185 -0.0086 0.5745
vn -0.8015 0.0416 0.5966
vn -0.8152 -0.0057 0.5792
vn -0.8669 -0.0979 0.4887
vn -0.8670 0.0218 0.4978
vn -0.9283 0.2174 0.3018
vn -0.8849 0.0922 0.4566
vn -0.6862 0.1487 -0.7121
vn -0.5602 0.8141 -0.1534
vn -0.9915 0.1297 0.0075
vn -0.9067 0.0611 -0.4173
vn -0.9267 0.2197 -0.3049
vn -0.9897 0.0588 -0.1306
vn -0.9532 -0.0016 -0.3025
vn -1.0000 -0.0020 -0.0030
vn -0.9989 0.0039 -0.0459
vn -0.9918 -0.0000 -0.1280
vn -0.8489 0.0188 -0.5282
vn -0.8910 0.2039 -0.4057
vn -0.7973 0.5715 -0.1944
vn -0.9008 0.3275 -0.2850
vn -0.8702 -0.4258 0.2480
vn -0.8152 -0.4436 -0.3724
vn -0.8018 -0.5976 -0.0059
vn -0.7781 0.5802 -0.2408
vn -0.8265 -0.4037 -0.3922
vn -0.8345 -0.4830 -0.2652
vn -0.9213 -0.3887 0.0106
vn -0.9998 -0.0140 -0.0154
vn -0.7173 -0.6173 0.3231
vn -0.7333 -0.6351 0.2428
vn -0.7799 0.3692 -0.5054
vn -0.7466 0.4330 -0.5051
vn -0.7350 0.6259 -0.2608
vn -0.6406 0.5448 -0.5412
vn -0.9779 -0.0871 -0.1898
vn -0.6333 -0.2308 -0.7387
vn -0.6231 -0.2502 -0.7410
vn -0.5893 -0.2187 -0.7778
vn -0.6319 -0.1261 -0.7648
vn -0.7578 0.0073 -0.6524
vn -0.8658 0.0210 -0.5000
vn -0.8582 0.0885 -0.5057
vn -0.8449 0.0822 -0.5286
vn -0.8834 0.0173 -0.4683
vn -0.9999 -0.0015 -0.0162
vn -0.8813 -0.3869 -0.2713
vn -0.9256 -0.1674 -0.3394
vn -0.8273 0.5500 -0.1145
vn -0.8105 0.4988 -0.3070
vn -0.8001 0.1198 -0.5878
vn -0.8270 0.1836 -0.5314
vn -0.9786 0.1146 -0.1709
vn -0.9801 0.0596 -0.1891
vn -0.9832 0.0505 -0.1753
vn -0.9845 -0.0087 -0.1751
vn -0.9998 0.0028 -0.0175
vn -0.9854 0.0251 -0.1685
vn -0.9699 0.0248 -0.2423
vn -0.9743 0.0076 -0.2253
vn -0.9746 0.0090 -0.2236
vn -0.9741 -0.0367 -0.2229
vn -1.0000 0.0017 0.0036
vn -0.9759 -0.0590 -0.2099
vn -1.0000 0.0025 0.0034
vn -0.9769 -0.0683 -0.2023
vn -1.0000 0.0036 0.0031
vn -0.9795 -0.0601 -0.1924
vn -1.0000 0.0051 0.0024
vn -0.9820 -0.0384 -0.1851
vn -1.0000 0.0036 0.0033
vn -0.9825 -0.1193 -0.1433
vn -0.9875 -0.1572 0.0106
vn -0.9943 -0.0729 -0.0784
vn -0.9962 -0.0026 -0.0873
vn -0.9949 -0.0094 -0.1002
vn -0.9885 -0.0278 -0.1488
vn -0.9926 -0.1067 -0.0575
vn -0.7803 -0.6231 0.0538
vn -0.8023 -0.5742 0.1628
vn -0.7923 -0.5893 0.1581
vn -0.7848 -0.5828 0.2106
vn -0.9485 -0.2457 0.1998
vn -0.8986 -0.2642 0.3504
vn -0.8980 -0.2358 0.3714
vn -0.9096 0.0877 -0.4062
vn -0.9399 0.1584 -0.3024
vn -0.9407 0.1478 -0.3054
vn -0.9619 0.2588 -0.0880
vn -0.8725 0.4838 -0.0682
vn -0.7621 0.5180 -0.3885
vn -0.7812 0.2199 -0.5842
vn -0.8993 0.0048 -0.4372
vn -0.9522 0.0310 -0.3038
vn -0.9392 0.0143 -0.3432
vn -0.9987 -0.0510 -0.0077
vn -0.9193 0.0232 -0.3928
vn -0.8897 0.0627 -0.4522
vn -0.8294 0.0029 -0.5586
vn -0.8457 -0.4158 0.3344
vn -0.7148 0.3481 -0.6065
vn -0.8278 -0.4127 0.3801
vn -0.6324 0.2918 -0.7176
vn -0.9496 -0.0647 -0.3067
vn -0.9485 0.0156 -0.3163
vn -0.9531 0.0499 -0.2987
vn -0.9806 -0.0376 -0.1925
vn -0.8358 -0.4413 0.3266
vn -0.8201 -0.1537 0.5512
vn -0.9032 -0.0850 0.4207
vn -0.9957 0.0466 -0.0797
vn -0.9969 -0.0174 -0.0767
vn -0.8290 0.0127 0.5591
vn -0.8168 0.0484 0.5749
vn -0.8320 -0.0213 0.5544
vn -0.8138 -0.0545 0.5786
vn -0.8423 -0.0219 0.5385
vn -0.8355 0.0554 0.5467
vn -0.8945 0.4449 0.0436
vn -0.9199 0.3589 -0.1577
vn -0.9746 0.0685 -0.2130
vn -0.9843 0.0280 -0.1743
vn -0.9970 0.0462 -0.0616
vn -0.9435 0.0662 -0.3247
vn -0.9916 -0.0631 -0.1127
vn -0.9891 -0.0798 -0.1236
vn -0.9919 0.0045 -0.1269
vn -0.9003 0.1519 -0.4078
vn -0.9216 0.2146 -0.3235
vn -0.8488 0.3152 -0.4245
vn -0.8283 -0.4610 0.3186
vn -0.8717 -0.4171 0.2570
vn -0.8507 -0.5230 0.0526
vn -0.8858 -0.4135 -0.2108
vn -0.9193 -0.3732 -0.1251
vn -0.9115 -0.4113 -0.0042
vn -0.9124 -0.4081 0.0323
vn -0.7957 0.4172 -0.4392
vn -0.6961 0.6370 -0.3311
vn -0.7772 0.5048 -0.3757
vn -0.6265 -0.2164 -0.7488
vn -0.5892 -0.2192 -0.7777
vn -0.6290 -0.2637 -0.7313
vn -0.7547 -0.1707 -0.6334
vn -0.8106 -0.0326 -0.5847
vn -0.8103 -0.0067 -0.5860
vn -0.8617 0.0897 -0.4994
vn -0.8586 0.0843 -0.5056
vn -0.8474 -0.0431 -0.5292
vn -0.8855 -0.0428 -0.4627
vn -0.8102 0.4990 -0.3076
vn -0.8474 0.3418 -0.4062
vn -0.9999 0.0114 -0.0070
vn -0.9481 -0.0155 -0.3175
vn -0.9885 0.0244 -0.1495
vn -0.9816 -0.1025 -0.1613
vn -0.9705 -0.0031 -0.2411
vn -0.9734 0.0395 -0.2256
vn -0.9746 0.0094 -0.2237
vn -0.9740 0.0025 -0.2265
vn -0.9761 -0.0551 -0.2104
vn -0.9755 -0.0944 -0.1988
vn -0.9750 -0.1319 -0.1786
vn -0.9721 -0.1784 -0.1525
vn -0.9660 -0.2338 -0.1103
vn -0.9831 -0.1346 -0.1242
vn -0.9984 -0.0143 -0.0546
vn -0.9984 0.0023 -0.0561
vn -0.9964 0.0029 -0.0846
vn -0.9961 0.0090 -0.0876
vn -0.9947 0.0152 -0.1018
vn -0.9535 -0.1731 -0.2468
vt 0.734493 0.330299
vt 0.740166 0.314404
vt 0.745538 0.320393
vt 0.726502 0.321389
vt 0.735611 0.309326
vt 0.719728 0.313837
vt 0.732569 0.305933
vt 0.715202 0.308790
vt 0.731770 0.305042
vt 0.714014 0.307465
vt 0.731500 0.304742
vt 0.742049 0.297928
vt 0.755427 0.285434
vt 0.755676 0.285712
vt 0.742787 0.298751
vt 0.756414 0.286535
vt 0.745599 0.301886
vt 0.759225 0.289669
vt 0.749807 0.306578
vt 0.763432 0.294360
vt 0.754771 0.312112
vt 0.768395 0.299893
vt 0.741800 0.297650
vt 0.867216 0.211264
vt 0.852900 0.212753
vt 0.860845 0.204161
vt 0.848117 0.207421
vt 0.855444 0.198139
vt 0.844922 0.203858
vt 0.851836 0.194116
vt 0.844083 0.202922
vt 0.850889 0.193059
vt 0.843800 0.202607
vt 0.850569 0.192703
vt 0.856397 0.178459
vt 0.885543 0.152818
vt 0.885944 0.153266
vt 0.862293 0.185033
vt 0.891659 0.159637
vt 0.898433 0.167190
vt 0.877525 0.202017
vt 0.906423 0.176099
vt 0.855983 0.177998
vt 0.857623 0.179826
vt 0.781707 0.287954
vt 0.784752 0.272543
vt 0.791055 0.279570
vt 0.774223 0.279610
vt 0.779409 0.266585
vt 0.767878 0.272536
vt 0.775838 0.262605
vt 0.763639 0.267809
vt 0.774901 0.261559
vt 0.762526 0.266568
vt 0.774585 0.261207
vt 0.773956 0.294906
vt 0.768537 0.288864
vt 0.763943 0.283742
vt 0.760873 0.280320
vt 0.760067 0.279421
vt 0.759795 0.279118
vt 0.762150 0.266149
vt 0.803206 0.244052
vt 0.803442 0.244314
vt 0.804138 0.245090
vt 0.806791 0.248048
vt 0.858541 0.219043
vt 0.810761 0.252475
vt 0.815444 0.257696
vt 0.090261 0.908092
vt 0.098746 0.874748
vt 0.889114 0.138444
vt 0.891680 0.141192
vt 0.900202 0.149304
vt 0.912083 0.158344
vt 0.918408 0.165351
vt 0.927426 0.157262
vt 0.908417 0.138359
vt 0.900538 0.132781
vt 0.894606 0.128924
vt 0.892187 0.127449
vt 0.914141 0.131022
vt 0.903207 0.127758
vt 0.896414 0.125011
vt 0.897856 0.116954
vt 0.893890 0.122949
vt 0.895810 0.109703
vt 0.906518 0.116101
vt 0.893325 0.101542
vt 0.912424 0.089154
vt 0.927128 0.087859
vt 0.945714 0.092435
vt 0.936272 0.097781
vt 0.961894 0.126349
vt 0.944428 0.093588
vt 0.969784 0.119273
vt 0.969240 0.119761
vt 0.890735 0.104744
vt 0.891364 0.112277
vt 0.886298 0.102457
vt 0.886031 0.098380
vt 0.877534 0.107465
vt 0.876024 0.103267
vt 0.899767 0.086804
vt 0.884981 0.084448
vt 0.871724 0.084891
vt 0.862187 0.099292
vt 0.885221 0.078470
vt 0.857445 0.087477
vt 0.871155 0.079323
vt 0.843320 0.100048
vt 0.837715 0.088967
vt 0.844973 0.092781
vt 0.855842 0.081294
vt 0.921080 0.081390
vt 0.902750 0.077374
vt 0.866741 0.108323
vt 0.859607 0.110306
vt 0.853215 0.107372
vt 0.843528 0.104777
vt 0.832430 0.100732
vt 0.830616 0.104419
vt 0.824104 0.100429
vt 0.828000 0.090077
vt 0.823202 0.104947
vt 0.815867 0.105591
vt 0.816051 0.100587
vt 0.816535 0.109405
vt 0.810201 0.108517
vt 0.808832 0.105496
vt 0.831599 0.080962
vt 0.824385 0.085676
vt 0.827364 0.077481
vt 0.817144 0.093927
vt 0.845718 0.084033
vt 0.843476 0.074690
vt 0.893751 0.117975
vt 0.867696 0.112241
vt 0.858120 0.113934
vt 0.851603 0.111340
vt 0.843199 0.108841
vt 0.830148 0.108861
vt 0.823646 0.108813
vt 0.803598 0.110994
vt 0.801512 0.108545
vt 0.806569 0.089429
vt 0.791138 0.088870
vt 0.797061 0.080378
vt 0.797953 0.104668
vt 0.784077 0.095437
vt 0.784894 0.082352
vt 0.792944 0.109274
vt 0.791190 0.106924
vt 0.773874 0.099290
vt 0.775298 0.091491
vt 0.778670 0.110467
vt 0.755440 0.113458
vt 0.789292 0.111471
vt 0.781222 0.113763
vt 0.782536 0.116966
vt 0.762146 0.124914
vt 0.760881 0.122588
vt 0.791943 0.074160
vt 0.794707 0.067970
vt 0.798304 0.072312
vt 0.797023 0.060789
vt 0.758853 0.118775
vt 0.742552 0.128167
vt 0.745334 0.131115
vt 0.735615 0.133823
vt 0.727702 0.116704
vt 0.739332 0.136451
vt 0.733333 0.142636
vt 0.741949 0.138145
vt 0.797195 0.053255
vt 0.795877 0.054483
vt 0.792803 0.044724
vt 0.724686 0.133653
vt 0.729031 0.128394
vt 0.722452 0.122094
vt 0.718167 0.127572
vt 0.713183 0.121885
vt 0.716300 0.117288
vt 0.716217 0.129794
vt 0.710796 0.130078
vt 0.709880 0.124195
vt 0.729959 0.146391
vt 0.728154 0.147760
vt 0.719908 0.138735
vt 0.721819 0.136684
vt 0.705929 0.126014
vt 0.706730 0.124478
vt 0.730327 0.145571
vt 0.734134 0.148103
vt 0.734090 0.150024
vt 0.730924 0.153297
vt 0.727194 0.148529
vt 0.713315 0.167080
vt 0.708505 0.161981
vt 0.707083 0.176103
vt 0.697037 0.167361
vt 0.716873 0.170508
vt 0.702078 0.183417
vt 0.710941 0.179344
vt 0.705181 0.186158
vt 0.697209 0.191055
vt 0.695163 0.198804
vt 0.675869 0.172910
vt 0.697006 0.199125
vt 0.696200 0.201623
vt 0.699471 0.194448
vt 0.690712 0.200070
vt 0.694464 0.201722
vt 0.685235 0.203688
vt 0.690208 0.205877
vt 0.682474 0.207781
vt 0.689673 0.208985
vt 0.682160 0.213592
vt 0.688315 0.222140
vt 0.680230 0.221680
vt 0.681513 0.234631
vt 0.688506 0.234049
vt 0.681096 0.238537
vt 0.671044 0.239104
vt 0.670807 0.234618
vt 0.671388 0.242473
vt 0.661036 0.240176
vt 0.663240 0.257378
vt 0.662319 0.242601
vt 0.660339 0.255667
vt 0.658422 0.268036
vt 0.658989 0.243552
vt 0.657362 0.243114
vt 0.655879 0.242854
vt 0.658361 0.254127
vt 0.655244 0.263718
vt 0.653421 0.276772
vt 0.661713 0.275128
vt 0.645626 0.282211
vt 0.645098 0.274712
vt 0.635654 0.284839
vt 0.635255 0.288242
vt 0.622020 0.293989
vt 0.636043 0.290883
vt 0.655985 0.282231
vt 0.661734 0.281585
vt 0.654678 0.297215
vt 0.647965 0.309946
vt 0.658041 0.303564
vt 0.652315 0.294638
vt 0.641888 0.315193
vt 0.646196 0.306163
vt 0.635964 0.318025
vt 0.636351 0.320362
vt 0.628299 0.330028
vt 0.640617 0.312712
vt 0.637953 0.321120
vt 0.643647 0.316696
vt 0.649981 0.312485
vt 0.657319 0.309127
vt 0.662465 0.307671
vt 0.666239 0.302622
vt 0.664504 0.312760
vt 0.664607 0.342862
vt 0.701137 0.326933
vt 0.673942 0.351317
vt 0.709466 0.335958
vt 0.682888 0.359576
vt 0.717940 0.345145
vt 0.692385 0.368064
vt 0.693186 0.318593
vt 0.679772 0.305277
vt 0.688851 0.303855
vt 0.687435 0.293744
vt 0.726532 0.337439
vt 0.684728 0.285170
vt 0.688371 0.287346
vt 0.673993 0.295825
vt 0.677356 0.280345
vt 0.683072 0.277929
vt 0.682571 0.282084
vt 0.672877 0.260522
vt 0.672142 0.278606
vt 0.679022 0.260843
vt 0.683417 0.271086
vt 0.683484 0.266052
vt 0.685167 0.261164
vt 0.686811 0.259497
vt 0.686801 0.251312
vt 0.680925 0.252251
vt 0.687505 0.242155
vt 0.680457 0.242346
vt 0.690003 0.238355
vt 0.671977 0.311252
vt 0.664253 0.317435
vt 0.660950 0.325188
vt 0.657396 0.329737
vt 0.665484 0.373044
vt 0.638089 0.371189
vt 0.648149 0.347609
vt 0.637341 0.353116
vt 0.621491 0.372977
vt 0.625434 0.354851
vt 0.633906 0.346954
vt 0.643053 0.341023
vt 0.679187 0.379901
vt 0.676670 0.382158
vt 0.671709 0.378844
vt 0.644884 0.381879
vt 0.643707 0.377581
vt 0.631181 0.384267
vt 0.641174 0.386304
vt 0.636026 0.389912
vt 0.639792 0.390014
vt 0.635556 0.393440
vt 0.631944 0.393484
vt 0.629661 0.390622
vt 0.627812 0.388003
vt 0.618887 0.385501
vt 0.626336 0.378622
vt 0.613344 0.379253
vt 0.616646 0.367332
vt 0.615695 0.359593
vt 0.620693 0.353632
vt 0.608176 0.357387
vt 0.598985 0.358385
vt 0.609820 0.354504
vt 0.612212 0.364421
vt 0.610616 0.351079
vt 0.622595 0.347013
vt 0.607301 0.372383
vt 0.599945 0.373906
vt 0.605178 0.368457
vt 0.591087 0.375381
vt 0.593813 0.379291
vt 0.599015 0.368871
vt 0.580576 0.373485
vt 0.590322 0.370346
vt 0.572304 0.370627
vt 0.580977 0.367292
vt 0.563417 0.369121
vt 0.572700 0.365269
vt 0.556259 0.369033
vt 0.548328 0.370010
vt 0.555213 0.366283
vt 0.562674 0.365098
vt 0.557169 0.371314
vt 0.563143 0.373698
vt 0.571913 0.375954
vt 0.588697 0.385215
vt 0.583234 0.389586
vt 0.581035 0.383630
vt 0.585744 0.391700
vt 0.580304 0.395041
vt 0.575590 0.401766
vt 0.582042 0.397349
vt 0.571010 0.402311
vt 0.576464 0.412609
vt 0.575758 0.397975
vt 0.553703 0.414256
vt 0.570179 0.397858
vt 0.535201 0.424115
vt 0.551219 0.410102
vt 0.538250 0.428267
vt 0.497223 0.458176
vt 0.488455 0.453334
vt 0.496500 0.466123
vt 0.483865 0.438132
vt 0.479248 0.446657
vt 0.490337 0.447647
vt 0.482147 0.427204
vt 0.477378 0.433619
vt 0.487211 0.433233
vt 0.487189 0.420217
vt 0.486284 0.424771
vt 0.482713 0.420120
vt 0.479388 0.418170
vt 0.484505 0.414403
vt 0.489927 0.416484
vt 0.491970 0.411270
vt 0.500130 0.410646
vt 0.493687 0.412987
vt 0.488668 0.408913
vt 0.494218 0.409120
vt 0.482138 0.410850
vt 0.468995 0.423660
vt 0.477301 0.414676
vt 0.469568 0.436705
vt 0.472018 0.427521
vt 0.477095 0.439628
vt 0.469904 0.441816
vt 0.466708 0.442259
vt 0.465927 0.435446
vt 0.468623 0.448056
vt 0.471817 0.447156
vt 0.474252 0.454953
vt 0.476977 0.453215
vt 0.475911 0.464859
vt 0.466944 0.460552
vt 0.474186 0.460822
vt 0.474330 0.467671
vt 0.480123 0.481780
vt 0.483544 0.480702
vt 0.480264 0.495717
vt 0.477704 0.511589
vt 0.484930 0.499847
vt 0.512321 0.529558
vt 0.476881 0.505059
vt 0.396093 0.595376
vt 0.405381 0.586460
vt 0.405559 0.586470
vt 0.435362 0.573774
vt 0.412528 0.593105
vt 0.395683 0.577031
vt 0.444387 0.539825
vt 0.457483 0.554404
vt 0.469663 0.567817
vt 0.449049 0.544413
vt 0.460514 0.528170
vt 0.467534 0.521943
vt 0.208271 0.727306
vt 0.204853 0.729293
vt 0.205485 0.726536
vt 0.206172 0.720261
vt 0.202575 0.726729
vt 0.072695 0.906471
vt 0.081840 0.888205
vt 0.106601 0.879300
vt 0.115044 0.885865
vt 0.503641 0.476344
vt 0.546773 0.439239
vt 0.575214 0.473151
vt 0.576536 0.460264
vt 0.584573 0.464758
vt 0.584968 0.456795
vt 0.589477 0.460349
vt 0.575613 0.451201
vt 0.579885 0.449845
vt 0.573110 0.438329
vt 0.577306 0.439232
vt 0.581478 0.428812
vt 0.577502 0.426054
vt 0.586454 0.422808
vt 0.583072 0.419505
vt 0.594516 0.415406
vt 0.590984 0.411918
vt 0.601722 0.409342
vt 0.598103 0.405574
vt 0.609130 0.404012
vt 0.605321 0.399264
vt 0.614645 0.402671
vt 0.593480 0.390387
vt 0.590671 0.395767
vt 0.602290 0.388780
vt 0.614806 0.389807
vt 0.608860 0.396144
vt 0.608510 0.383122
vt 0.624431 0.391748
vt 0.621437 0.396533
vt 0.626825 0.394079
vt 0.624429 0.398283
vt 0.622501 0.402752
vt 0.614215 0.407281
vt 0.618819 0.409595
vt 0.613003 0.410412
vt 0.609142 0.408226
vt 0.609616 0.406145
vt 0.607573 0.411346
vt 0.610629 0.413767
vt 0.605087 0.414717
vt 0.607385 0.417290
vt 0.599889 0.421206
vt 0.596398 0.426463
vt 0.589984 0.427349
vt 0.595674 0.425100
vt 0.601844 0.422736
vt 0.597206 0.427380
vt 0.609507 0.419925
vt 0.603830 0.424008
vt 0.613569 0.416472
vt 0.616514 0.413087
vt 0.584282 0.405258
vt 0.587432 0.402434
vt 0.560815 0.424271
vt 0.587513 0.456726
vt 0.587175 0.455278
vt 0.588263 0.455321
vt 0.588950 0.453238
vt 0.587626 0.452759
vt 0.588138 0.451302
vt 0.589943 0.453059
vt 0.589691 0.455136
vt 0.589242 0.458319
vt 0.590182 0.458263
vt 0.588773 0.457280
vt 0.590359 0.456890
vt 0.589966 0.456474
vt 0.591034 0.455627
vt 0.590550 0.455357
vt 0.591242 0.454356
vt 0.591163 0.453683
vt 0.591851 0.453198
vt 0.591751 0.453605
vt 0.590705 0.454425
vt 0.592897 0.453185
vt 0.592139 0.453667
vt 0.591824 0.454346
vt 0.591551 0.455516
vt 0.588883 0.450773
vt 0.587029 0.450448
vt 0.585213 0.450364
vt 0.587224 0.449881
vt 0.586939 0.450963
vt 0.482406 0.451141
vt 0.633977 0.399415
vt 0.631000 0.405863
vt 0.632031 0.401284
vt 0.632091 0.395750
vt 0.636367 0.398480
vt 0.695326 0.284168
vt 0.699018 0.284700
vt 0.690676 0.285462
vt 0.691573 0.282668
vt 0.694848 0.280587
vt 0.695317 0.277620
vt 0.697283 0.280468
vt 0.691100 0.279753
vt 0.692066 0.276916
vt 0.697033 0.274670
vt 0.693875 0.272536
vt 0.699412 0.270930
vt 0.701378 0.266395
vt 0.706997 0.263583
vt 0.701632 0.268154
vt 0.697397 0.268538
vt 0.703437 0.268945
vt 0.701924 0.273841
vt 0.701003 0.278383
vt 0.701581 0.300357
vt 0.704510 0.294928
vt 0.704583 0.300313
vt 0.695216 0.302106
vt 0.711220 0.319780
vt 0.700797 0.315450
vt 0.718876 0.328610
vt 0.717958 0.321729
vt 0.721646 0.325834
vt 0.729605 0.334683
vt 0.712276 0.315085
vt 0.708868 0.310977
vt 0.704736 0.313326
vt 0.710686 0.303179
vt 0.716368 0.298793
vt 0.714323 0.304852
vt 0.705529 0.306637
vt 0.713613 0.307018
vt 0.711637 0.293300
vt 0.718592 0.291661
vt 0.717785 0.283250
vt 0.715016 0.282518
vt 0.712351 0.280246
vt 0.713980 0.278738
vt 0.710158 0.272964
vt 0.715154 0.277389
vt 0.709326 0.290495
vt 0.655580 0.243017
vt 0.653207 0.239166
vt 0.653913 0.237685
vt 0.653826 0.239349
vt 0.657139 0.242109
vt 0.654714 0.237210
vt 0.653072 0.219641
vt 0.655944 0.219868
vt 0.657436 0.211607
vt 0.653242 0.211124
vt 0.654405 0.207977
vt 0.662200 0.212759
vt 0.659347 0.237046
vt 0.672146 0.221221
vt 0.661067 0.221263
vt 0.673278 0.212717
vt 0.673262 0.205861
vt 0.661314 0.205378
vt 0.657015 0.198032
vt 0.656618 0.205855
vt 0.656097 0.202106
vt 0.649966 0.198148
vt 0.649968 0.194459
vt 0.642982 0.198697
vt 0.641759 0.195608
vt 0.633696 0.201204
vt 0.629988 0.208373
vt 0.630494 0.200642
vt 0.632284 0.209244
vt 0.629115 0.215737
vt 0.636074 0.203444
vt 0.628055 0.207781
vt 0.628119 0.200181
vt 0.636539 0.189922
vt 0.634173 0.187165
vt 0.643001 0.182949
vt 0.647771 0.173436
vt 0.649557 0.177657
vt 0.653651 0.176577
vt 0.654677 0.172506
vt 0.656608 0.176986
vt 0.658586 0.173587
vt 0.659736 0.179949
vt 0.662252 0.176515
vt 0.665572 0.181073
vt 0.666425 0.177665
vt 0.670647 0.175916
vt 0.670376 0.179472
vt 0.681716 0.166462
vt 0.686991 0.158618
vt 0.673655 0.170080
vt 0.684281 0.154796
vt 0.694408 0.148728
vt 0.700023 0.153852
vt 0.710053 0.131238
vt 0.690938 0.145607
vt 0.706148 0.127812
vt 0.718624 0.139883
vt 0.724381 0.111459
vt 0.734469 0.117108
vt 0.733630 0.111603
vt 0.752028 0.108141
vt 0.794664 0.054501
vt 0.794694 0.060345
vt 0.798397 0.060845
vt 0.800809 0.071041
vt 0.804132 0.077692
vt 0.817384 0.088477
vt 0.806443 0.100586
vt 0.799987 0.114272
vt 0.796647 0.118951
vt 0.796131 0.113371
vt 0.794069 0.118372
vt 0.792994 0.123620
vt 0.792215 0.119755
vt 0.792909 0.114584
vt 0.790908 0.117166
vt 0.787272 0.114929
vt 0.747366 0.133055
vt 0.840543 0.066173
vt 0.832286 0.070698
vt 0.834575 0.057923
vt 0.823208 0.052775
vt 0.822613 0.055172
vt 0.815455 0.052569
vt 0.829218 0.060531
vt 0.821322 0.056717
vt 0.825829 0.062084
vt 0.826835 0.069364
vt 0.737537 0.143364
vt 0.732589 0.153174
vt 0.692897 0.202922
vt 0.690388 0.214759
vt 0.646602 0.287213
vt 0.660707 0.377347
vt 0.386302 0.586745
vt 0.204140 0.720196
vt 0.071258 0.925135
vt 0.580675 0.456041
vt 0.591165 0.456853
vt 0.701659 0.283156
vt 0.639597 0.179147
vt 0.750645 0.104440
vt 0.810263 0.085574
vt 0.470556 0.502243
vt 0.466527 0.495307
vt 0.472446 0.499164
vt 0.465341 0.485222
vt 0.469379 0.492893
vt 0.454740 0.480942
vt 0.462613 0.487582
vt 0.455205 0.492308
vt 0.462073 0.477144
vt 0.461203 0.471106
vt 0.455272 0.471148
vt 0.460648 0.464785
vt 0.460389 0.458063
vt 0.464914 0.452435
vt 0.462249 0.459087
vt 0.457172 0.464100
vt 0.458968 0.456418
vt 0.454467 0.461378
vt 0.450624 0.468022
vt 0.447439 0.484586
vt 0.447818 0.474871
vt 0.451209 0.493422
vt 0.459928 0.501088
vt 0.456803 0.501758
vt 0.461263 0.513729
vt 0.457797 0.513083
vt 0.457908 0.524959
vt 0.453365 0.521604
vt 0.439178 0.534612
vt 0.446422 0.564089
vt 0.402909 0.600999
vt 0.387860 0.617865
vt 0.380730 0.610912
vt 0.371024 0.602167
vt 0.355321 0.635107
vt 0.350777 0.626113
vt 0.337678 0.646009
vt 0.336848 0.630581
vt 0.332908 0.617812
vt 0.339582 0.625208
vt 0.343330 0.632860
vt 0.323103 0.648182
vt 0.329110 0.640967
vt 0.332382 0.631049
vt 0.323282 0.634663
vt 0.321160 0.624064
vt 0.326801 0.633762
vt 0.305520 0.657976
vt 0.314124 0.645988
vt 0.318583 0.636839
vt 0.302180 0.647225
vt 0.291478 0.667406
vt 0.274561 0.685390
vt 0.266611 0.675140
vt 0.251787 0.715659
vt 0.237018 0.718007
vt 0.242064 0.705854
vt 0.302357 0.717869
vt 0.273718 0.743555
vt 0.305119 0.698899
vt 0.315346 0.700438
vt 0.312930 0.708387
vt 0.310475 0.687313
vt 0.320164 0.692885
vt 0.320143 0.675962
vt 0.336889 0.672949
vt 0.325888 0.685202
vt 0.338070 0.658712
vt 0.349284 0.661491
vt 0.371607 0.632735
vt 0.394089 0.624948
vt 0.409963 0.607763
vt 0.440165 0.590832
vt 0.430900 0.591826
vt 0.419365 0.598613
vt 0.443054 0.591682
vt 0.432743 0.600930
vt 0.449237 0.586137
vt 0.460643 0.575907
vt 0.264923 0.751442
vt 0.256242 0.759229
vt 0.228121 0.726575
vt 0.227575 0.718168
vt 0.238071 0.705461
vt 0.231288 0.711089
vt 0.237518 0.698574
vt 0.234447 0.697947
vt 0.235674 0.695241
vt 0.233524 0.702473
vt 0.240217 0.696910
vt 0.232510 0.692433
vt 0.236661 0.693024
vt 0.220319 0.723565
vt 0.222212 0.717798
vt 0.213044 0.717531
vt 0.215982 0.714261
vt 0.207843 0.711404
vt 0.205417 0.704651
vt 0.204688 0.711387
vt 0.205057 0.696141
vt 0.206910 0.703432
vt 0.203134 0.705215
vt 0.202689 0.710769
vt 0.205942 0.714973
vt 0.203601 0.714316
vt 0.201511 0.730818
vt 0.199598 0.728166
vt 0.196056 0.733159
vt 0.194495 0.730671
vt 0.191699 0.735302
vt 0.190081 0.732459
vt 0.180339 0.742546
vt 0.177548 0.738792
vt 0.170758 0.751335
vt 0.151959 0.769679
vt 0.147453 0.764392
vt 0.136677 0.789107
vt 0.132428 0.783676
vt 0.116395 0.820107
vt 0.109518 0.812323
vt 0.107286 0.836292
vt 0.096965 0.821864
vt 0.114249 0.851078
vt 0.093612 0.846446
vt 0.063333 0.821589
vt 0.082247 0.825982
vt 0.081792 0.853391
vt 0.084577 0.868813
vt 0.044872 0.948800
vt 0.061992 0.925740
vt 0.131742 0.870889
vt 0.147517 0.856741
vt 0.127821 0.834227
vt 0.150778 0.806516
vt 0.167776 0.787812
vt 0.183958 0.772282
vt 0.194716 0.761820
vt 0.210986 0.754451
vt 0.229130 0.783544
vt 0.206412 0.755806
vt 0.215821 0.753990
vt 0.219108 0.754427
vt 0.223052 0.756090
vt 0.218267 0.793287
vt 0.207404 0.803030
vt 0.192443 0.816448
vt 0.172573 0.834268
vt 0.284522 0.657409
vt 0.381460 0.637179
vt 0.211146 0.708980
vt 0.167291 0.747008
s 0
usemtl Material.001
f 2/1/1 86/2/1 85/3/1
f 4/4/2 87/5/2 86/2/2
f 6/6/3 88/7/3 87/5/3
f 8/8/4 89/9/4 88/7/4
f 9/10/5 90/11/5 89/9/5
f 90/11/6 12/10/6 91/9/6
f 82/12/7 120/13/7 119/14/7
f 81/15/8 119/14/8 118/16/8
f 80/17/9 118/16/9 117/18/9
f 79/19/10 117/18/10 116/20/10
f 78/21/11 116/20/11 115/22/11
f 83/23/12 91/9/12 84/12/12
f 89/9/13 83/23/13 82/12/13
f 88/7/14 82/12/14 81/15/14
f 87/5/15 81/15/15 80/17/15
f 86/2/16 80/17/16 79/19/16
f 85/3/17 79/19/17 78/21/17
f 104/24/18 93/25/18 99/26/18
f 99/26/19 94/27/19 105/28/19
f 105/28/20 95/29/20 106/30/20
f 106/30/21 96/31/21 107/32/21
f 107/32/22 97/33/22 108/34/22
f 102/35/23 10/36/23 7/37/23
f 100/38/24 7/37/24 5/39/24
f 99/26/25 5/39/25 3/40/25
f 98/41/26 3/40/26 1/42/26
f 102/35/27 108/34/27 103/43/27
f 101/44/28 107/32/28 102/35/28
f 100/38/29 106/30/29 101/44/29
f 99/26/30 105/28/30 100/38/30
f 109/45/31 134/46/31 133/47/31
f 110/48/32 135/49/32 134/46/32
f 111/50/33 136/51/33 135/49/33
f 112/52/34 137/53/34 136/51/34
f 113/54/35 138/55/35 137/53/35
f 121/56/36 116/20/36 122/57/36
f 122/57/37 117/18/37 123/58/37
f 123/58/38 118/16/38 124/59/38
f 124/59/39 119/14/39 125/60/39
f 125/60/40 120/13/40 126/61/40
f 113/54/41 126/61/41 114/62/41
f 112/52/42 125/60/42 113/54/42
f 111/50/43 124/59/43 112/52/43
f 110/48/44 123/58/44 111/50/44
f 109/45/45 122/57/45 110/48/45
f 96/31/46 132/63/46 97/33/46
f 95/29/47 131/64/47 96/31/47
f 94/27/48 130/65/48 95/29/48
f 93/25/49 129/66/49 94/27/49
f 92/67/50 128/68/50 93/25/50
f 137/53/51 132/63/51 131/64/51
f 136/51/52 131/64/52 130/65/52
f 135/49/53 130/65/53 129/66/53
f 134/46/54 129/66/54 128/68/54
f 133/47/55 128/68/55 127/69/55
f 481/70/56 480/70/56 482/71/56
f 10/36/57 25/72/57 7/37/57
f 25/72/58 26/73/58 7/37/58
f 7/37/59 26/73/59 5/39/59
f 26/73/60 27/74/60 5/39/60
f 5/39/61 27/74/61 3/40/61
f 27/74/62 28/75/62 3/40/62
f 3/40/63 28/75/63 1/42/63
f 28/75/64 29/76/64 1/42/64
f 29/76/65 28/75/65 34/77/65
f 28/75/66 33/78/66 34/77/66
f 27/74/67 32/79/67 33/78/67
f 26/73/68 31/80/68 32/79/68
f 31/80/69 25/72/69 24/81/69
f 35/82/70 32/79/70 36/83/70
f 37/84/71 40/85/71 36/83/71
f 36/83/72 31/80/72 37/84/72
f 31/80/73 30/81/73 38/86/73
f 38/86/74 40/85/74 37/84/74
f 39/87/75 52/88/75 40/85/75
f 39/87/76 348/89/76 52/88/76
f 348/89/77 350/90/77 52/88/77
f 350/90/78 349/91/78 52/88/78
f 349/91/79 224/92/79 346/93/79
f 52/88/80 35/82/80 36/83/80
f 52/88/81 346/93/81 35/82/81
f 35/82/82 345/94/82 34/77/82
f 346/93/83 224/92/83 347/95/83
f 347/95/84 345/94/84 346/93/84
f 347/95/85 225/96/85 344/97/85
f 348/89/86 39/87/86 42/98/86
f 39/87/87 23/99/87 42/98/87
f 42/98/88 22/100/88 348/89/88
f 348/89/89 22/100/89 661/101/89
f 661/101/90 45/102/90 660/103/90
f 350/90/91 348/89/91 351/104/91
f 351/104/92 661/101/92 662/105/92
f 663/106/93 660/103/93 665/107/93
f 662/105/94 660/103/94 663/106/94
f 663/106/95 220/108/95 662/105/95
f 664/109/96 663/106/96 665/107/96
f 664/109/97 218/110/97 663/106/97
f 664/109/98 665/107/98 684/111/98
f 684/111/99 683/112/99 215/113/99
f 684/111/100 219/114/100 664/109/100
f 223/115/101 350/90/101 217/116/101
f 351/104/102 217/116/102 350/90/102
f 662/105/103 217/116/103 351/104/103
f 224/92/104 349/91/104 223/115/104
f 660/103/105 659/117/105 665/107/105
f 659/117/106 658/118/106 665/107/106
f 658/118/107 657/119/107 665/107/107
f 665/107/108 657/119/108 684/111/108
f 657/119/109 656/120/109 684/111/109
f 684/111/110 646/121/110 683/112/110
f 684/111/111 642/122/111 646/121/111
f 646/121/112 645/123/112 678/124/112
f 646/121/113 641/125/113 645/123/113
f 645/123/114 640/126/114 644/127/114
f 641/125/115 21/128/115 640/126/115
f 640/126/116 73/129/116 639/130/116
f 683/112/117 678/124/117 679/131/117
f 678/124/118 683/112/118 646/121/118
f 679/131/119 211/132/119 210/133/119
f 677/134/120 211/132/120 678/124/120
f 215/113/121 683/112/121 221/135/121
f 683/112/122 216/136/122 221/135/122
f 39/87/123 41/137/123 23/99/123
f 44/138/124 660/103/124 45/102/124
f 51/139/125 659/117/125 44/138/125
f 43/140/126 658/118/126 51/139/126
f 50/141/127 657/119/127 43/140/127
f 46/142/128 656/120/128 50/141/128
f 49/143/129 642/122/129 46/142/129
f 639/130/130 48/144/130 636/145/130
f 676/146/131 671/147/131 672/148/131
f 676/146/132 638/149/132 671/147/132
f 670/150/133 199/151/133 671/147/133
f 638/149/134 637/152/134 647/153/134
f 647/153/135 671/147/135 638/149/135
f 669/154/136 198/155/136 670/150/136
f 669/154/137 648/156/137 668/157/137
f 670/150/138 648/156/138 669/154/138
f 647/153/139 637/152/139 632/158/139
f 647/153/140 631/159/140 648/156/140
f 632/158/141 20/160/141 631/159/141
f 631/159/142 19/161/142 630/162/142
f 672/148/143 200/163/143 194/164/143
f 672/148/144 199/151/144 200/163/144
f 672/148/145 194/164/145 673/165/145
f 194/164/146 675/166/146 673/165/146
f 649/167/147 668/157/147 648/156/147
f 668/157/148 649/167/148 650/168/148
f 649/167/149 629/169/149 650/168/149
f 651/170/150 654/171/150 650/168/150
f 628/172/151 626/173/151 651/170/151
f 650/168/152 628/172/152 651/170/152
f 629/169/153 596/174/153 628/172/153
f 596/174/154 626/173/154 628/172/154
f 597/175/155 674/176/155 201/177/155
f 626/173/156 627/178/156 651/170/156
f 651/170/157 627/178/157 653/179/157
f 653/179/158 652/180/158 654/171/158
f 653/179/159 625/181/159 652/180/159
f 652/180/160 615/182/160 188/183/160
f 624/184/161 618/185/161 614/186/161
f 624/184/162 615/182/162 625/181/162
f 199/151/163 670/150/163 198/155/163
f 622/187/164 620/188/164 619/189/164
f 622/187/165 619/189/165 623/190/165
f 623/190/166 619/189/166 624/184/166
f 619/189/167 618/185/167 624/184/167
f 618/185/168 613/191/168 611/192/168
f 614/186/169 618/185/169 611/192/169
f 621/193/170 622/187/170 623/190/170
f 617/194/171 622/187/171 621/193/171
f 616/195/172 620/188/172 622/187/172
f 620/188/173 18/196/173 609/197/173
f 605/198/174 607/199/174 609/197/174
f 601/198/56 605/198/56 609/197/56
f 594/200/175 602/201/175 607/199/175
f 607/199/176 601/198/176 594/200/176
f 162/202/177 594/200/177 601/198/177
f 594/200/178 603/203/178 602/201/178
f 565/204/179 603/203/179 594/200/179
f 564/205/180 592/206/180 593/203/180
f 592/206/181 589/207/181 590/208/181
f 562/209/182 17/210/182 589/207/182
f 589/207/183 563/211/183 562/209/183
f 589/207/184 588/212/184 590/208/184
f 589/207/185 561/213/185 588/212/185
f 588/212/186 587/214/186 590/208/186
f 588/212/187 559/215/187 587/214/187
f 559/215/188 558/216/188 587/214/188
f 557/217/189 549/218/189 558/216/189
f 549/218/190 74/219/190 546/220/190
f 74/219/191 543/221/191 546/220/191
f 161/222/192 539/223/192 543/221/192
f 543/221/193 538/224/193 541/225/193
f 539/223/194 528/226/194 538/224/194
f 528/226/195 536/227/195 538/224/195
f 528/226/196 502/228/196 503/229/196
f 505/230/197 502/228/197 501/231/197
f 505/230/198 503/229/198 502/228/198
f 504/232/199 176/233/199 535/234/199
f 180/235/200 505/230/200 173/236/200
f 180/235/201 504/232/201 505/230/201
f 505/230/202 501/231/202 173/236/202
f 492/237/203 501/231/203 491/238/203
f 492/237/204 499/239/204 174/240/204
f 174/240/205 501/231/205 492/237/205
f 175/241/206 500/242/206 68/243/206
f 500/242/207 174/240/207 499/239/207
f 500/242/208 67/244/208 68/243/208
f 499/239/209 67/244/209 500/242/209
f 492/237/210 491/238/210 171/245/210
f 171/245/211 499/239/211 492/237/211
f 491/238/212 490/246/212 171/245/212
f 489/247/213 171/245/213 490/246/213
f 488/248/214 489/247/214 487/249/214
f 488/248/215 172/250/215 489/247/215
f 495/251/216 170/252/216 488/248/216
f 493/253/217 496/254/217 169/255/217
f 496/254/218 494/256/218 495/251/218
f 496/254/219 320/257/219 169/255/219
f 496/254/220 168/258/220 320/257/220
f 495/251/221 319/259/221 168/258/221
f 488/248/222 318/260/222 319/259/222
f 487/249/223 167/261/223 318/260/223
f 486/262/224 317/263/224 167/261/224
f 13/264/225 308/265/225 60/266/225
f 309/267/226 60/266/226 308/265/226
f 61/268/227 55/269/227 53/270/227
f 307/271/228 13/264/228 497/272/228
f 521/273/229 497/272/229 510/274/229
f 521/273/230 307/271/230 497/272/230
f 309/267/231 54/275/231 55/269/231
f 510/274/232 15/276/232 377/277/232
f 498/278/233 15/276/233 510/274/233
f 491/238/234 498/278/234 490/246/234
f 526/279/235 77/280/235 378/281/235
f 491/238/236 524/282/236 523/283/236
f 523/283/237 525/284/237 526/279/237
f 491/238/238 523/283/238 498/278/238
f 525/284/239 75/285/239 526/279/239
f 75/285/240 77/280/240 526/279/240
f 525/284/241 379/286/241 75/285/241
f 525/284/242 76/287/242 379/286/242
f 525/284/243 16/288/243 76/287/243
f 525/284/244 380/289/244 16/288/244
f 529/290/245 160/291/245 380/289/245
f 527/292/246 540/293/246 160/291/246
f 529/290/247 525/284/247 524/282/247
f 502/228/248 491/238/248 501/231/248
f 490/246/249 498/278/249 486/262/249
f 498/278/250 510/274/250 497/272/250
f 498/278/251 485/294/251 486/262/251
f 316/295/252 13/264/252 315/296/252
f 315/296/253 13/264/253 164/297/253
f 60/266/254 61/268/254 323/298/254
f 323/298/255 341/299/255 60/266/255
f 342/300/256 341/299/256 343/301/256
f 13/264/257 341/299/257 342/300/257
f 342/300/258 164/297/258 13/264/258
f 341/299/259 331/302/259 343/301/259
f 331/302/260 338/303/260 343/301/260
f 338/303/261 166/304/261 343/301/261
f 343/301/262 165/305/262 342/300/262
f 322/306/263 306/307/263 305/308/263
f 305/308/264 323/298/264 321/306/264
f 323/298/265 300/309/265 324/310/265
f 300/309/266 328/311/266 324/310/266
f 328/311/267 303/312/267 327/313/267
f 327/313/268 302/314/268 326/315/268
f 327/313/269 299/316/269 294/317/269
f 335/318/270 327/313/270 294/317/270
f 337/319/271 330/320/271 328/311/271
f 330/320/272 324/310/272 328/311/272
f 330/320/273 331/302/273 341/299/273
f 337/319/274 331/302/274 330/320/274
f 336/321/275 329/322/275 331/302/275
f 329/322/276 229/323/276 338/303/276
f 331/302/277 329/322/277 338/303/277
f 338/303/278 229/323/278 339/324/278
f 230/325/279 228/326/279 340/327/279
f 339/324/280 230/325/280 340/327/280
f 329/322/281 235/328/281 229/323/281
f 228/326/282 226/329/282 340/327/282
f 227/330/283 340/327/283 226/329/283
f 166/304/284 339/324/284 227/330/284
f 316/295/285 485/294/285 13/264/285
f 332/331/286 235/328/286 329/322/286
f 333/332/287 234/333/287 332/331/287
f 384/334/117 333/332/117 389/335/117
f 384/334/288 231/336/288 333/332/288
f 385/337/289 237/338/289 384/334/289
f 386/339/290 233/340/290 385/337/290
f 387/341/291 236/342/291 386/339/291
f 388/343/292 238/344/292 239/345/292
f 388/343/293 232/346/293 387/341/293
f 241/347/294 238/344/294 388/343/294
f 387/341/295 241/347/295 388/343/295
f 386/339/296 242/348/296 387/341/296
f 385/337/297 243/349/297 386/339/297
f 390/350/298 384/334/298 389/335/298
f 390/350/299 245/351/299 244/352/299
f 244/352/300 384/334/300 390/350/300
f 390/350/301 394/353/301 245/351/301
f 394/353/302 246/354/302 245/351/302
f 396/355/303 246/354/303 395/356/303
f 397/357/304 396/355/304 459/358/304
f 397/357/305 247/359/305 396/355/305
f 462/360/306 240/361/306 397/357/306
f 462/360/307 248/362/307 461/363/307
f 398/364/308 249/365/308 248/362/308
f 400/366/309 249/365/309 399/367/309
f 401/368/310 400/366/310 418/369/310
f 401/368/311 251/370/311 400/366/311
f 404/371/312 401/368/312 415/372/312
f 404/371/313 252/373/313 401/368/313
f 404/371/314 408/374/314 253/375/314
f 409/376/117 407/377/117 405/378/117
f 254/379/315 409/376/315 405/378/315
f 406/380/316 250/381/316 402/382/316
f 406/380/317 254/379/317 405/378/317
f 256/383/318 403/384/318 406/380/318
f 405/378/319 256/383/319 406/380/319
f 407/377/320 257/385/320 405/378/320
f 407/377/321 259/386/321 255/387/321
f 411/388/322 410/389/322 415/372/322
f 415/372/323 410/389/323 404/371/323
f 410/389/117 409/376/117 404/371/117
f 415/372/324 401/368/324 417/390/324
f 413/391/325 415/372/325 417/390/325
f 267/392/326 411/388/326 413/391/326
f 258/393/327 410/389/327 411/388/327
f 413/391/328 266/394/328 267/392/328
f 412/395/329 268/396/329 266/394/329
f 414/397/117 400/366/117 419/398/117
f 419/398/330 264/399/330 265/400/330
f 265/400/331 414/397/331 419/398/331
f 419/398/332 263/401/332 264/399/332
f 419/398/333 262/402/333 263/401/333
f 420/403/334 261/404/334 262/402/334
f 422/405/335 421/406/335 465/407/335
f 260/408/336 421/406/336 422/405/336
f 475/409/337 469/410/337 474/410/337
f 468/411/338 472/412/338 470/413/338
f 469/410/339 269/414/339 425/415/339
f 471/416/340 465/407/340 467/417/340
f 471/416/341 424/418/341 465/407/341
f 424/418/342 426/419/342 465/407/342
f 426/419/343 423/420/343 465/407/343
f 423/420/344 422/405/344 465/407/344
f 477/421/345 478/422/345 270/423/345
f 476/424/346 477/421/346 270/423/346
f 478/422/347 272/425/347 270/423/347
f 480/70/348 273/426/348 274/427/348
f 482/71/349 480/70/349 274/427/349
f 483/428/350 484/429/350 480/70/350
f 465/407/351 421/406/351 466/430/351
f 420/403/352 466/430/352 421/406/352
f 466/430/353 460/431/353 464/432/353
f 465/407/354 466/430/354 464/432/354
f 460/431/355 446/433/355 464/432/355
f 448/434/56 446/433/56 447/434/56
f 447/434/356 355/435/356 376/436/356
f 446/433/357 355/435/357 447/434/357
f 446/433/358 460/431/358 445/437/358
f 352/438/359 446/433/359 445/437/359
f 445/437/360 460/431/360 444/439/360
f 353/440/361 445/437/361 444/439/361
f 444/439/362 279/441/362 353/440/362
f 443/442/363 291/443/363 278/441/363
f 442/444/364 290/445/364 291/443/364
f 437/446/365 292/447/365 290/445/365
f 436/448/366 275/449/366 292/447/366
f 435/450/367 391/451/367 275/449/367
f 441/452/117 435/450/117 440/453/117
f 393/454/368 441/452/368 389/335/368
f 393/454/369 435/450/369 441/452/369
f 393/454/370 382/455/370 392/456/370
f 393/454/371 333/332/371 383/457/371
f 383/457/372 332/331/372 336/321/372
f 383/457/373 337/319/373 382/455/373
f 382/455/374 334/458/374 381/459/374
f 295/460/375 381/459/375 334/458/375
f 283/461/376 391/451/376 381/459/376
f 284/462/377 427/463/377 391/451/377
f 285/464/378 428/465/378 427/463/378
f 276/466/379 427/463/379 428/465/379
f 289/467/380 391/451/380 427/463/380
f 428/465/381 288/468/381 276/466/381
f 430/469/382 287/470/382 288/468/382
f 431/471/383 277/472/383 287/470/383
f 434/473/384 280/474/384 293/475/384
f 434/473/385 277/472/385 433/476/385
f 281/477/386 280/474/386 434/473/386
f 433/476/387 281/477/387 434/473/387
f 433/476/388 432/478/388 286/479/388
f 431/471/389 282/480/389 432/478/389
f 430/469/390 429/481/390 282/480/390
f 391/451/391 382/455/391 381/459/391
f 334/458/392 294/317/392 295/460/392
f 441/452/393 390/350/393 389/335/393
f 441/452/394 394/353/394 390/350/394
f 440/453/395 395/356/395 394/353/395
f 438/482/396 459/358/396 396/355/396
f 438/482/397 395/356/397 439/483/397
f 438/482/398 436/448/398 437/446/398
f 439/483/399 435/450/399 436/448/399
f 437/446/400 459/358/400 438/482/400
f 459/358/401 443/442/401 463/484/401
f 443/442/402 460/431/402 463/484/402
f 398/364/403 463/484/403 460/431/403
f 463/484/404 397/357/404 459/358/404
f 466/430/405 398/364/405 460/431/405
f 376/436/406 355/435/406 452/485/406
f 355/435/407 356/486/407 452/485/407
f 452/485/408 356/486/408 449/487/408
f 450/488/409 357/489/409 451/490/409
f 450/488/410 356/486/410 357/489/410
f 362/491/411 449/487/411 450/488/411
f 363/492/412 452/485/412 449/487/412
f 454/493/413 375/494/413 376/436/413
f 376/436/414 364/495/414 454/493/414
f 364/495/415 455/496/415 454/493/415
f 365/497/416 456/498/416 455/496/416
f 366/499/417 457/500/417 456/498/417
f 368/501/418 369/502/418 458/503/418
f 458/503/419 367/504/419 368/501/419
f 458/503/420 370/505/420 371/506/420
f 371/506/421 457/500/421 458/503/421
f 372/507/422 456/498/422 457/500/422
f 373/508/423 455/496/423 456/498/423
f 455/496/424 375/494/424 454/493/424
f 458/503/425 369/502/425 370/505/425
f 450/488/426 361/509/426 362/491/426
f 453/510/427 358/511/427 360/512/427
f 453/510/428 361/509/428 451/490/428
f 359/513/429 358/511/429 453/510/429
f 451/490/430 359/513/430 453/510/430
f 419/398/117 399/367/117 420/403/117
f 414/397/431 416/514/431 400/366/431
f 416/514/432 418/369/432 400/366/432
f 414/397/433 418/369/433 416/514/433
f 417/390/434 401/368/434 418/369/434
f 412/395/435 417/390/435 418/369/435
f 403/384/436 250/381/436 406/380/436
f 326/315/437 299/316/437 327/313/437
f 325/515/438 296/516/438 297/517/438
f 325/515/439 298/518/439 326/315/439
f 301/519/440 296/516/440 325/515/440
f 325/515/441 302/314/441 301/519/441
f 61/268/442 321/306/442 323/298/442
f 486/262/443 489/247/443 490/246/443
f 508/520/444 512/521/444 510/274/444
f 140/522/445 508/520/445 510/274/445
f 139/523/446 509/524/446 508/520/446
f 506/525/447 511/526/447 509/524/447
f 144/527/448 506/525/448 509/524/448
f 143/528/449 519/529/449 506/525/449
f 159/530/450 507/531/450 519/529/450
f 145/532/451 141/533/451 518/534/451
f 518/534/452 142/535/452 145/532/452
f 518/534/453 141/533/453 157/536/453
f 518/534/454 146/537/454 507/531/454
f 146/537/455 519/529/455 507/531/455
f 158/538/456 506/525/456 519/529/456
f 158/538/457 512/521/457 511/526/457
f 513/539/458 147/540/458 514/541/458
f 512/521/459 147/540/459 513/539/459
f 522/542/460 512/521/460 513/539/460
f 521/273/461 510/274/461 522/542/461
f 522/542/462 307/271/462 521/273/462
f 311/543/463 307/271/463 313/544/463
f 312/545/464 308/265/464 311/543/464
f 311/543/465 62/546/465 312/545/465
f 312/545/466 63/547/466 54/275/466
f 63/547/467 56/548/467 54/275/467
f 63/547/468 2/1/468 56/548/468
f 62/546/469 63/547/469 312/545/469
f 62/546/470 4/4/470 63/547/470
f 62/546/471 65/549/471 6/6/471
f 6/6/472 65/549/472 8/8/472
f 8/8/473 64/550/473 9/10/473
f 64/550/474 8/8/474 65/549/474
f 65/549/475 62/546/475 311/543/475
f 314/551/476 65/549/476 311/543/476
f 514/541/477 520/552/477 64/550/477
f 514/541/478 314/551/478 513/539/478
f 513/539/479 313/544/479 522/542/479
f 314/551/480 311/543/480 313/544/480
f 64/550/481 520/552/481 9/10/481
f 520/552/482 156/553/482 155/554/482
f 9/10/483 58/555/483 11/556/483
f 58/555/484 9/10/484 520/552/484
f 520/552/485 515/557/485 156/553/485
f 515/557/486 153/558/486 156/553/486
f 515/557/487 154/559/487 153/558/487
f 516/560/488 150/561/488 517/562/488
f 517/562/489 151/563/489 152/564/489
f 152/564/490 516/560/490 517/562/490
f 517/562/491 150/561/491 151/563/491
f 516/560/492 149/565/492 150/561/492
f 515/557/117 520/552/117 514/541/117
f 147/540/493 515/557/493 514/541/493
f 511/526/494 508/520/494 509/524/494
f 485/294/495 497/272/495 13/264/495
f 535/234/496 176/233/496 530/566/496
f 531/567/497 177/568/497 533/569/497
f 530/566/498 177/568/498 531/567/498
f 530/566/499 533/569/499 535/234/499
f 535/234/500 534/570/500 504/232/500
f 535/234/501 532/571/501 534/570/501
f 532/571/502 179/572/502 542/573/502
f 552/574/503 547/575/503 554/576/503
f 552/574/504 179/572/504 547/575/504
f 551/577/505 542/573/505 552/574/505
f 537/578/506 534/570/506 532/571/506
f 503/229/507 534/570/507 536/227/507
f 541/225/508 536/227/508 537/578/508
f 537/578/509 545/579/509 541/225/509
f 544/580/510 550/581/510 545/579/510
f 549/218/511 545/579/511 550/581/511
f 546/220/512 541/225/512 545/579/512
f 550/581/513 558/216/513 549/218/513
f 556/582/514 555/583/514 573/584/514
f 556/582/515 551/577/515 555/583/515
f 555/583/516 553/585/516 178/586/516
f 553/585/517 552/574/517 554/576/517
f 555/583/518 552/574/518 553/585/518
f 555/583/519 178/586/519 573/584/519
f 573/584/520 178/586/520 566/587/520
f 573/584/521 566/587/521 574/588/521
f 574/588/522 183/589/522 575/590/522
f 183/589/523 576/591/523 575/590/523
f 577/592/524 578/593/524 576/591/524
f 577/592/525 568/594/525 181/595/525
f 577/592/526 185/596/526 568/594/526
f 577/592/527 181/595/527 569/597/527
f 569/597/528 578/593/528 577/592/528
f 186/598/529 579/599/529 578/593/529
f 184/600/530 580/601/530 579/599/530
f 580/601/531 182/602/531 581/603/531
f 581/603/532 582/604/532 573/584/532
f 581/603/533 567/605/533 582/604/533
f 582/604/534 583/606/534 573/584/534
f 582/604/535 572/607/535 583/606/535
f 583/606/536 584/608/536 573/584/536
f 583/606/537 191/609/537 584/608/537
f 584/608/538 585/610/538 573/584/538
f 584/608/539 570/611/539 585/610/539
f 585/610/540 571/612/540 586/613/540
f 571/612/541 590/208/541 586/613/541
f 604/614/542 591/615/542 602/201/542
f 603/203/543 604/614/543 602/201/543
f 603/203/56 593/203/56 592/206/56
f 190/616/544 193/617/544 591/615/544
f 600/618/545 606/619/545 591/615/545
f 606/619/546 600/618/546 608/620/546
f 608/620/547 189/621/547 192/622/547
f 600/618/548 193/617/548 189/621/548
f 608/620/549 613/191/549 618/185/549
f 608/620/550 610/623/550 606/619/550
f 610/623/551 618/185/551 619/189/551
f 610/623/552 609/197/552 607/199/552
f 610/623/553 620/188/553 609/197/553
f 607/199/554 606/619/554 610/623/554
f 606/619/555 607/199/555 602/201/555
f 602/201/556 591/615/556 606/619/556
f 587/214/557 586/613/557 590/208/557
f 585/610/558 556/582/558 573/584/558
f 586/613/559 556/582/559 585/610/559
f 581/603/560 574/588/560 580/601/560
f 580/601/561 575/590/561 579/599/561
f 575/590/562 578/593/562 579/599/562
f 626/173/563 617/194/563 621/193/563
f 626/173/564 623/190/564 627/178/564
f 627/178/117 624/184/117 625/181/117
f 652/180/565 196/624/565 654/171/565
f 654/171/566 655/625/566 650/168/566
f 654/171/567 195/626/567 655/625/567
f 667/627/568 669/154/568 668/157/568
f 667/627/569 655/625/569 666/627/569
f 667/627/570 666/627/570 195/626/570
f 667/627/571 198/155/571 669/154/571
f 655/625/572 668/157/572 650/168/572
f 653/179/573 654/171/573 651/170/573
f 201/177/574 674/176/574 598/628/574
f 674/176/575 599/629/575 598/628/575
f 675/166/576 597/175/576 202/630/576
f 202/630/577 673/165/577 675/166/577
f 206/631/578 672/148/578 673/165/578
f 204/632/579 676/146/579 672/148/579
f 676/146/580 203/633/580 677/134/580
f 677/134/581 643/634/581 676/146/581
f 644/127/582 639/130/582 643/634/582
f 643/634/583 636/145/583 638/149/583
f 636/145/584 637/152/584 638/149/584
f 72/635/585 71/636/585 635/637/585
f 635/637/586 48/144/586 72/635/586
f 635/637/587 71/636/587 634/638/587
f 71/636/588 47/639/588 634/638/588
f 47/639/589 14/640/589 634/638/589
f 633/641/590 635/637/590 634/638/590
f 634/638/591 69/642/591 633/641/591
f 633/641/592 70/643/592 632/158/592
f 637/152/593 633/641/593 632/158/593
f 678/124/594 644/127/594 677/134/594
f 630/162/595 163/644/595 629/169/595
f 648/156/596 630/162/596 649/167/596
f 679/131/597 222/645/597 216/136/597
f 680/646/598 213/647/598 222/645/598
f 214/648/599 682/649/599 208/650/599
f 682/649/600 213/647/600 681/651/600
f 682/649/601 212/652/601 208/650/601
f 682/649/602 209/653/602 212/652/602
f 681/651/603 207/654/603 209/653/603
f 680/646/604 210/133/604 207/654/604
f 349/91/605 350/90/605 223/115/605
f 35/82/606 34/77/606 33/78/606
f 52/88/607 36/83/607 40/85/607
f 345/94/608 35/82/608 346/93/608
f 526/279/609 498/278/609 523/283/609
f 526/279/610 378/281/610 498/278/610
f 378/281/611 15/276/611 498/278/611
f 2/1/612 4/4/612 86/2/612
f 4/4/613 6/6/613 87/5/613
f 6/6/614 8/8/614 88/7/614
f 8/8/615 9/10/615 89/9/615
f 9/10/616 11/556/616 90/11/616
f 90/11/617 11/556/617 12/10/617
f 120/13/618 83/23/618 84/12/618
f 82/12/7 83/23/7 120/13/7
f 81/15/8 82/12/8 119/14/8
f 80/17/619 81/15/619 118/16/619
f 79/19/620 80/17/620 117/18/620
f 78/21/17 79/19/17 116/20/17
f 83/23/621 90/11/621 91/9/621
f 89/9/622 90/11/622 83/23/622
f 88/7/623 89/9/623 82/12/623
f 87/5/624 88/7/624 81/15/624
f 86/2/625 87/5/625 80/17/625
f 85/3/626 86/2/626 79/19/626
f 104/24/627 92/67/627 93/25/627
f 99/26/628 93/25/628 94/27/628
f 105/28/629 94/27/629 95/29/629
f 106/30/630 95/29/630 96/31/630
f 107/32/631 96/31/631 97/33/631
f 102/35/632 103/43/632 10/36/632
f 101/44/633 102/35/633 7/37/633
f 100/38/634 101/44/634 7/37/634
f 99/26/635 100/38/635 5/39/635
f 98/41/636 99/26/636 3/40/636
f 102/35/637 107/32/637 108/34/637
f 101/44/638 106/30/638 107/32/638
f 100/38/639 105/28/639 106/30/639
f 98/41/640 104/24/640 99/26/640
f 109/45/641 110/48/641 134/46/641
f 110/48/642 111/50/642 135/49/642
f 111/50/643 112/52/643 136/51/643
f 112/52/644 113/54/644 137/53/644
f 113/54/645 114/62/645 138/55/645
f 121/56/11 115/22/11 116/20/11
f 122/57/646 116/20/646 117/18/646
f 123/58/647 117/18/647 118/16/647
f 124/59/648 118/16/648 119/14/648
f 125/60/649 119/14/649 120/13/649
f 113/54/650 125/60/650 126/61/650
f 112/52/651 124/59/651 125/60/651
f 111/50/652 123/58/652 124/59/652
f 110/48/653 122/57/653 123/58/653
f 109/45/654 121/56/654 122/57/654
f 96/31/655 131/64/655 132/63/655
f 95/29/656 130/65/656 131/64/656
f 94/27/657 129/66/657 130/65/657
f 93/25/658 128/68/658 129/66/658
f 92/67/55 127/69/55 128/68/55
f 137/53/659 138/55/659 132/63/659
f 136/51/660 137/53/660 131/64/660
f 135/49/661 136/51/661 130/65/661
f 134/46/662 135/49/662 129/66/662
f 133/47/663 134/46/663 128/68/663
f 28/75/664 27/74/664 33/78/664
f 27/74/665 26/73/665 32/79/665
f 31/80/666 26/73/666 25/72/666
f 24/81/56 30/81/56 31/80/56
f 35/82/667 33/78/667 32/79/667
f 36/83/668 32/79/668 31/80/668
f 38/86/669 37/84/669 31/80/669
f 30/81/56 24/81/56 38/86/56
f 38/86/670 41/137/670 40/85/670
f 52/88/671 349/91/671 346/93/671
f 347/95/672 344/97/672 345/94/672
f 347/95/673 224/92/673 225/96/673
f 661/101/674 22/100/674 45/102/674
f 351/104/675 348/89/675 661/101/675
f 662/105/676 661/101/676 660/103/676
f 663/106/677 218/110/677 220/108/677
f 664/109/678 219/114/678 218/110/678
f 684/111/679 215/113/679 219/114/679
f 662/105/680 220/108/680 217/116/680
f 684/111/681 656/120/681 642/122/681
f 646/121/682 642/122/682 641/125/682
f 645/123/683 641/125/683 640/126/683
f 641/125/684 49/143/684 21/128/684
f 640/126/685 21/128/685 73/129/685
f 679/131/686 678/124/686 211/132/686
f 677/134/687 203/633/687 211/132/687
f 683/112/688 679/131/688 216/136/688
f 39/87/689 40/85/689 41/137/689
f 44/138/690 659/117/690 660/103/690
f 51/139/691 658/118/691 659/117/691
f 43/140/692 657/119/692 658/118/692
f 50/141/693 656/120/693 657/119/693
f 46/142/694 642/122/694 656/120/694
f 49/143/695 641/125/695 642/122/695
f 639/130/696 73/129/696 48/144/696
f 676/146/697 643/634/697 638/149/697
f 647/153/698 670/150/698 671/147/698
f 670/150/699 647/153/699 648/156/699
f 647/153/700 632/158/700 631/159/700
f 632/158/701 70/643/701 20/160/701
f 631/159/702 20/160/702 19/161/702
f 672/148/703 671/147/703 199/151/703
f 194/164/704 599/629/704 675/166/704
f 649/167/705 630/162/705 629/169/705
f 650/168/706 629/169/706 628/172/706
f 629/169/707 163/644/707 596/174/707
f 596/174/708 595/655/708 626/173/708
f 653/179/709 627/178/709 625/181/709
f 652/180/710 625/181/710 615/182/710
f 624/184/711 614/186/711 615/182/711
f 617/194/712 616/195/712 622/187/712
f 616/195/713 612/656/713 620/188/713
f 620/188/714 612/656/714 18/196/714
f 609/197/715 18/196/715 601/198/715
f 18/196/716 162/202/716 601/198/716
f 607/199/56 605/198/56 601/198/56
f 162/202/717 565/204/717 594/200/717
f 565/204/718 564/205/718 603/203/718
f 564/205/719 563/211/719 592/206/719
f 593/203/56 603/203/56 564/205/56
f 589/207/720 592/206/720 563/211/720
f 589/207/721 17/210/721 561/213/721
f 588/212/722 561/213/722 560/657/722
f 588/212/723 560/657/723 559/215/723
f 559/215/724 557/217/724 558/216/724
f 557/217/725 548/658/725 549/218/725
f 549/218/726 548/658/726 74/219/726
f 74/219/727 161/222/727 543/221/727
f 161/222/728 540/293/728 539/223/728
f 543/221/729 539/223/729 538/224/729
f 539/223/730 527/292/730 528/226/730
f 528/226/731 503/229/731 536/227/731
f 528/226/732 524/282/732 502/228/732
f 505/230/733 504/232/733 503/229/733
f 180/235/734 176/233/734 504/232/734
f 174/240/735 173/236/735 501/231/735
f 500/242/736 175/241/736 174/240/736
f 499/239/737 66/659/737 67/244/737
f 171/245/738 66/659/738 499/239/738
f 489/247/739 172/250/739 171/245/739
f 488/248/740 170/252/740 172/250/740
f 495/251/741 494/256/741 170/252/741
f 496/254/742 493/253/742 494/256/742
f 496/254/743 495/251/743 168/258/743
f 495/251/744 488/248/744 319/259/744
f 488/248/745 487/249/745 318/260/745
f 487/249/746 486/262/746 167/261/746
f 486/262/747 485/294/747 317/263/747
f 13/264/748 307/271/748 308/265/748
f 309/267/749 61/268/749 60/266/749
f 61/268/750 309/267/750 55/269/750
f 309/267/751 312/545/751 54/275/751
f 510/274/752 377/277/752 140/522/752
f 491/238/753 502/228/753 524/282/753
f 523/283/754 524/282/754 525/284/754
f 525/284/755 529/290/755 380/289/755
f 529/290/756 527/292/756 160/291/756
f 527/292/757 539/223/757 540/293/757
f 528/226/758 527/292/758 524/282/758
f 527/292/759 529/290/759 524/282/759
f 498/278/760 497/272/760 485/294/760
f 13/264/761 60/266/761 341/299/761
f 342/300/762 165/305/762 164/297/762
f 343/301/763 166/304/763 165/305/763
f 323/298/56 321/306/56 322/306/56
f 305/308/764 304/660/764 323/298/764
f 321/306/56 322/306/56 305/308/56
f 323/298/765 304/660/765 300/309/765
f 300/309/766 303/312/766 328/311/766
f 327/313/767 303/312/767 302/314/767
f 335/318/768 328/311/768 327/313/768
f 328/311/769 335/318/769 334/458/769
f 334/458/770 337/319/770 328/311/770
f 330/320/771 341/299/771 324/310/771
f 341/299/772 323/298/772 324/310/772
f 337/319/773 336/321/773 331/302/773
f 336/321/774 332/331/774 329/322/774
f 339/324/775 229/323/775 230/325/775
f 227/330/776 339/324/776 340/327/776
f 166/304/777 338/303/777 339/324/777
f 316/295/778 317/263/778 485/294/778
f 332/331/779 234/333/779 235/328/779
f 333/332/780 231/336/780 234/333/780
f 384/334/781 237/338/781 231/336/781
f 385/337/782 233/340/782 237/338/782
f 386/339/783 236/342/783 233/340/783
f 387/341/784 232/346/784 236/342/784
f 388/343/785 239/345/785 232/346/785
f 387/341/786 242/348/786 241/347/786
f 386/339/787 243/349/787 242/348/787
f 385/337/788 244/352/788 243/349/788
f 244/352/789 385/337/789 384/334/789
f 394/353/790 395/356/790 246/354/790
f 396/355/791 247/359/791 246/354/791
f 397/357/792 240/361/792 247/359/792
f 462/360/793 461/363/793 240/361/793
f 462/360/794 398/364/794 248/362/794
f 398/364/795 399/367/795 249/365/795
f 400/366/796 251/370/796 249/365/796
f 401/368/797 252/373/797 251/370/797
f 404/371/798 253/375/798 252/373/798
f 404/371/799 409/376/799 408/374/799
f 254/379/800 408/374/800 409/376/800
f 406/380/801 402/382/801 254/379/801
f 405/378/802 257/385/802 256/383/802
f 407/377/803 255/387/803 257/385/803
f 407/377/804 410/389/804 259/386/804
f 410/389/117 407/377/117 409/376/117
f 413/391/805 411/388/805 415/372/805
f 267/392/806 258/393/806 411/388/806
f 258/393/807 259/386/807 410/389/807
f 413/391/808 412/395/808 266/394/808
f 412/395/809 414/397/809 268/396/809
f 265/400/810 268/396/810 414/397/810
f 419/398/811 420/403/811 262/402/811
f 420/403/812 421/406/812 261/404/812
f 260/408/813 261/404/813 421/406/813
f 469/410/814 473/661/814 269/414/814
f 473/661/815 469/410/815 475/409/815
f 424/418/816 472/412/816 468/411/816
f 468/411/817 470/413/817 469/410/817
f 469/410/818 424/418/818 468/411/818
f 424/418/819 469/410/819 425/415/819
f 470/413/820 474/410/820 469/410/820
f 476/424/821 270/423/821 271/662/821
f 424/418/56 776/418/56 778/419/56 426/419/56
f 475/409/56 790/409/56 787/661/56 473/661/56
f 269/414/56 703/414/56 777/415/56 425/415/56
f 479/663/822 273/426/822 480/70/822
f 478/422/56 823/422/56 749/425/56 272/425/56
f 474/410/56 789/410/56 790/409/56 475/409/56
f 483/428/56 480/70/56 481/70/56
f 477/421/56 822/421/56 823/422/56 478/422/56
f 424/418/56 776/418/56 785/412/56 472/412/56
f 473/661/56 787/661/56 703/414/56 269/414/56
f 271/662/56 744/662/56 821/424/56 476/424/56
f 472/412/56 785/412/56 783/413/56 470/413/56
f 471/416/56 784/416/56 776/418/56 424/418/56
f 422/405/56 423/420/56 775/420/56 762/405/56
f 476/424/56 821/424/56 822/421/56 477/421/56
f 482/71/56 838/71/56 837/70/56 481/70/56
f 273/426/56 755/426/56 758/427/56 274/427/56
f 467/417/56 779/417/56 784/416/56 471/416/56
f 483/428/56 854/428/56 855/429/56 484/429/56
f 481/70/56 837/70/56 854/428/56 483/428/56
f 260/408/56 422/405/56 762/405/56 685/408/56
f 479/663/56 836/663/56 755/426/56 273/426/56
f 274/427/56 758/427/56 838/71/56 482/71/56
f 425/415/56 777/415/56 776/418/56 424/418/56
f 426/419/56 778/419/56 775/420/56 423/420/56
f 470/413/56 783/413/56 789/410/56 474/410/56
f 420/403/823 399/367/823 466/430/823
f 448/434/824 464/432/824 446/433/824
f 446/433/825 354/664/825 355/435/825
f 352/438/826 354/664/826 446/433/826
f 353/440/827 352/438/827 445/437/827
f 444/439/828 443/442/828 279/441/828
f 443/442/829 442/444/829 291/443/829
f 278/441/56 279/441/56 443/442/56
f 442/444/830 437/446/830 290/445/830
f 437/446/831 436/448/831 292/447/831
f 436/448/832 435/450/832 275/449/832
f 435/450/833 392/456/833 391/451/833
f 393/454/834 392/456/834 435/450/834
f 393/454/835 383/457/835 382/455/835
f 393/454/836 389/335/836 333/332/836
f 383/457/837 333/332/837 332/331/837
f 383/457/838 336/321/838 337/319/838
f 382/455/839 337/319/839 334/458/839
f 295/460/840 283/461/840 381/459/840
f 283/461/841 284/462/841 391/451/841
f 284/462/842 285/464/842 427/463/842
f 285/464/843 429/481/843 428/465/843
f 276/466/844 289/467/844 427/463/844
f 289/467/845 275/449/845 391/451/845
f 428/465/846 430/469/846 288/468/846
f 430/469/847 431/471/847 287/470/847
f 431/471/848 433/476/848 277/472/848
f 434/473/849 293/475/849 277/472/849
f 433/476/850 286/479/850 281/477/850
f 433/476/851 431/471/851 432/478/851
f 431/471/852 430/469/852 282/480/852
f 430/469/853 428/465/853 429/481/853
f 391/451/854 392/456/854 382/455/854
f 334/458/855 335/318/855 294/317/855
f 441/452/856 440/453/856 394/353/856
f 440/453/857 439/483/857 395/356/857
f 438/482/858 396/355/858 395/356/858
f 438/482/859 439/483/859 436/448/859
f 439/483/117 440/453/117 435/450/117
f 437/446/860 442/444/860 459/358/860
f 459/358/861 442/444/861 443/442/861
f 443/442/862 444/439/862 460/431/862
f 398/364/863 462/360/863 463/484/863
f 463/484/864 462/360/864 397/357/864
f 466/430/865 399/367/865 398/364/865
f 450/488/866 449/487/866 356/486/866
f 362/491/867 363/492/867 449/487/867
f 363/492/868 364/495/868 452/485/868
f 376/436/869 452/485/869 364/495/869
f 364/495/870 365/497/870 455/496/870
f 365/497/871 366/499/871 456/498/871
f 366/499/872 367/504/872 457/500/872
f 458/503/873 457/500/873 367/504/873
f 371/506/874 372/507/874 457/500/874
f 372/507/875 373/508/875 456/498/875
f 373/508/876 374/665/876 455/496/876
f 455/496/877 374/665/877 375/494/877
f 450/488/878 451/490/878 361/509/878
f 453/510/879 360/512/879 361/509/879
f 451/490/880 357/489/880 359/513/880
f 419/398/117 400/366/117 399/367/117
f 414/397/881 412/395/881 418/369/881
f 412/395/882 413/391/882 417/390/882
f 326/315/883 298/518/883 299/316/883
f 325/515/884 297/517/884 298/518/884
f 325/515/885 326/315/885 302/314/885
f 61/268/886 53/270/886 321/306/886
f 486/262/887 487/249/887 489/247/887
f 140/522/888 139/523/888 508/520/888
f 139/523/889 144/527/889 509/524/889
f 144/527/890 143/528/890 506/525/890
f 143/528/891 159/530/891 519/529/891
f 159/530/892 142/535/892 507/531/892
f 518/534/893 507/531/893 142/535/893
f 518/534/894 157/536/894 146/537/894
f 146/537/895 158/538/895 519/529/895
f 158/538/896 511/526/896 506/525/896
f 158/538/897 148/666/897 512/521/897
f 512/521/898 148/666/898 147/540/898
f 522/542/899 510/274/899 512/521/899
f 522/542/900 313/544/900 307/271/900
f 311/543/901 308/265/901 307/271/901
f 312/545/902 309/267/902 308/265/902
f 63/547/903 4/4/903 2/1/903
f 62/546/904 6/6/904 4/4/904
f 314/551/905 64/550/905 65/549/905
f 514/541/906 64/550/906 314/551/906
f 513/539/907 314/551/907 313/544/907
f 520/552/908 155/554/908 58/555/908
f 155/554/117 11/556/117 58/555/117
f 515/557/909 516/560/909 154/559/909
f 152/564/910 154/559/910 516/560/910
f 516/560/911 515/557/911 149/565/911
f 147/540/912 149/565/912 515/557/912
f 511/526/913 512/521/913 508/520/913
f 530/566/498 176/233/498 177/568/498
f 530/566/914 531/567/914 533/569/914
f 535/234/915 533/569/915 532/571/915
f 533/569/916 177/568/916 532/571/916
f 532/571/917 177/568/917 179/572/917
f 552/574/918 542/573/918 179/572/918
f 551/577/919 544/580/919 542/573/919
f 542/573/920 544/580/920 532/571/920
f 544/580/921 537/578/921 532/571/921
f 537/578/922 536/227/922 534/570/922
f 503/229/923 504/232/923 534/570/923
f 541/225/924 538/224/924 536/227/924
f 537/578/925 544/580/925 545/579/925
f 544/580/926 551/577/926 550/581/926
f 549/218/927 546/220/927 545/579/927
f 546/220/928 543/221/928 541/225/928
f 550/581/929 556/582/929 558/216/929
f 556/582/930 550/581/930 551/577/930
f 555/583/931 551/577/931 552/574/931
f 574/588/932 566/587/932 183/589/932
f 183/589/933 185/596/933 576/591/933
f 577/592/934 576/591/934 185/596/934
f 569/597/935 186/598/935 578/593/935
f 186/598/936 184/600/936 579/599/936
f 184/600/937 187/667/937 580/601/937
f 580/601/938 187/667/938 182/602/938
f 581/603/939 182/602/939 567/605/939
f 582/604/940 567/605/940 572/607/940
f 583/606/941 572/607/941 191/609/941
f 584/608/942 191/609/942 570/611/942
f 585/610/943 570/611/943 571/612/943
f 571/612/944 190/616/944 590/208/944
f 592/206/945 590/208/945 603/203/945
f 590/208/946 604/614/946 603/203/946
f 591/615/947 604/614/947 190/616/947
f 604/614/948 590/208/948 190/616/948
f 608/620/949 600/618/949 189/621/949
f 600/618/950 591/615/950 193/617/950
f 608/620/951 192/622/951 613/191/951
f 610/623/952 608/620/952 618/185/952
f 610/623/953 619/189/953 620/188/953
f 587/214/954 558/216/954 586/613/954
f 586/613/955 558/216/955 556/582/955
f 581/603/956 573/584/956 574/588/956
f 580/601/957 574/588/957 575/590/957
f 575/590/958 576/591/958 578/593/958
f 626/173/959 595/655/959 617/194/959
f 626/173/960 621/193/960 623/190/960
f 627/178/961 623/190/961 624/184/961
f 652/180/962 188/183/962 196/624/962
f 654/171/963 196/624/963 195/626/963
f 667/627/964 668/157/964 655/625/964
f 666/627/965 655/625/965 195/626/965
f 195/626/966 197/668/966 667/627/966
f 667/627/967 197/668/967 198/155/967
f 674/176/968 675/166/968 599/629/968
f 675/166/969 674/176/969 597/175/969
f 202/630/970 206/631/970 673/165/970
f 206/631/971 204/632/971 672/148/971
f 204/632/972 205/669/972 676/146/972
f 676/146/973 205/669/973 203/633/973
f 677/134/974 644/127/974 643/634/974
f 644/127/975 640/126/975 639/130/975
f 643/634/976 639/130/976 636/145/976
f 636/145/977 635/637/977 637/152/977
f 635/637/978 636/145/978 48/144/978
f 634/638/979 14/640/979 69/642/979
f 633/641/980 69/642/980 70/643/980
f 637/152/981 635/637/981 633/641/981
f 678/124/982 645/123/982 644/127/982
f 630/162/983 19/161/983 163/644/983
f 648/156/984 631/159/984 630/162/984
f 679/131/985 680/646/985 222/645/985
f 680/646/986 681/651/986 213/647/986
f 682/649/987 214/648/987 213/647/987
f 682/649/988 681/651/988 209/653/988
f 681/651/989 680/646/989 207/654/989
f 680/646/990 679/131/990 210/133/990
f 763/670/991 685/408/991 762/405/991
f 764/671/992 696/672/992 763/670/992
f 764/671/993 698/673/993 695/674/993
f 766/675/994 765/676/994 771/677/994
f 686/678/995 765/676/995 766/675/995
f 766/675/996 697/679/996 686/678/996
f 767/680/997 687/681/997 697/679/997
f 769/682/998 688/683/998 770/684/998
f 770/684/999 768/685/999 769/682/999
f 699/686/1000 688/683/1000 769/682/1000
f 769/682/1001 694/687/1001 699/686/1001
f 768/685/1002 700/688/1002 694/687/1002
f 766/675/1003 690/689/1003 689/690/1003
f 689/690/1004 767/680/1004 766/675/1004
f 766/675/1005 771/677/1005 701/691/1005
f 771/677/1006 772/692/1006 693/693/1006
f 772/692/1007 773/694/1007 692/695/1007
f 774/696/1008 773/694/1008 775/420/1008
f 773/694/1009 774/696/1009 691/697/1009
f 774/696/1010 777/415/1010 702/698/1010
f 778/419/1011 776/418/1011 777/415/1011
f 776/418/1012 786/699/1012 785/412/1012
f 789/410/117 793/700/117 790/409/117
f 793/700/1013 792/701/1013 791/702/1013
f 790/409/1014 791/702/1014 788/703/1014
f 791/702/1015 800/704/1015 704/705/1015
f 704/705/1016 800/704/1016 801/706/1016
f 802/707/1017 721/708/1017 723/709/1017
f 802/707/1018 723/709/1018 722/710/1018
f 801/706/1019 803/711/1019 718/712/1019
f 720/713/1020 721/708/1020 802/707/1020
f 802/707/1021 801/706/1021 718/712/1021
f 804/714/1022 712/715/1022 719/716/1022
f 804/714/1023 719/716/1023 718/712/1023
f 803/711/1024 805/717/1024 716/718/1024
f 717/719/1025 712/715/1025 804/714/1025
f 804/714/1026 803/711/1026 716/718/1026
f 805/717/1027 715/720/1027 716/718/1027
f 715/720/1028 805/717/1028 806/721/1028
f 806/721/1029 809/722/1029 808/723/1029
f 807/724/1030 810/725/1030 731/726/1030
f 809/722/1031 807/724/1031 731/726/1031
f 807/724/1032 797/727/1032 833/728/1032
f 807/724/1033 809/722/1033 798/729/1033
f 726/730/1034 725/731/1034 797/727/1034
f 798/729/1035 799/732/1035 727/733/1035
f 796/734/1036 728/735/1036 724/736/1036
f 799/732/1037 796/734/1037 724/736/1037
f 799/732/1038 806/721/1038 805/717/1038
f 803/711/1039 801/706/1039 795/737/1039
f 803/711/1040 795/737/1040 796/734/1040
f 795/737/1041 705/738/1041 728/735/1041
f 705/738/1042 795/737/1042 794/739/1042
f 794/739/1043 792/701/1043 710/740/1043
f 792/701/1044 793/700/1044 709/741/1044
f 709/741/1045 793/700/1045 783/413/1045
f 785/412/1046 706/742/1046 713/743/1046
f 785/412/1047 713/743/1047 708/744/1047
f 780/745/1048 707/746/1048 706/742/1048
f 780/745/1049 706/742/1049 785/412/1049
f 781/747/1050 785/412/1050 786/699/1050
f 786/699/1051 776/418/1051 784/416/1051
f 784/416/1052 779/417/1052 782/748/1052
f 773/694/1053 762/405/1053 775/420/1053
f 763/670/117 773/694/117 772/692/117
f 772/692/117 765/676/117 764/671/117
f 775/420/1054 778/419/1054 774/696/1054
f 794/739/117 800/704/117 791/702/117
f 800/704/1055 794/739/1055 795/737/1055
f 809/722/1056 806/721/1056 799/732/1056
f 807/724/1032 833/728/1032 834/749/1032
f 834/749/1057 835/750/1057 814/751/1057
f 810/725/1058 814/751/1058 730/752/1058
f 811/753/1059 810/725/1059 734/754/1059
f 812/755/1060 736/756/1060 813/757/1060
f 812/755/1061 811/753/1061 735/758/1061
f 811/753/1062 732/759/1062 731/726/1062
f 813/757/1063 729/760/1063 733/761/1063
f 813/757/1064 733/761/1064 732/759/1064
f 813/757/1065 736/756/1065 729/760/1065
f 815/762/117 814/751/117 822/421/117
f 815/762/1066 740/763/1066 730/752/1066
f 740/763/1067 815/762/1067 816/764/1067
f 738/765/1068 816/764/1068 817/766/1068
f 818/767/1069 817/766/1069 819/768/1069
f 818/767/1070 737/769/1070 743/770/1070
f 817/766/1071 818/767/1071 743/770/1071
f 818/767/1072 742/771/1072 737/769/1072
f 818/767/1073 819/768/1073 745/772/1073
f 819/768/1074 820/773/1074 741/774/1074
f 820/773/1075 821/424/1075 744/662/1075
f 821/424/1076 815/762/1076 822/421/1076
f 749/425/1077 823/422/1077 824/775/1077
f 748/776/1078 824/775/1078 825/777/1078
f 747/778/1079 825/777/1079 826/779/1079
f 746/780/1080 826/779/1080 829/781/1080
f 828/782/1081 829/781/1081 827/783/1081
f 827/783/1082 832/784/1082 831/785/1082
f 832/784/1083 830/786/1083 751/787/1083
f 830/786/1084 841/788/1084 761/789/1084
f 841/788/1085 840/790/1085 752/791/1085
f 840/790/1086 853/792/1086 839/793/1086
f 839/793/1087 753/794/1087 760/795/1087
f 839/793/1088 760/795/1088 752/791/1088
f 839/793/1089 759/796/1089 753/794/1089
f 839/793/1090 838/71/1090 754/797/1090
f 836/663/1091 756/798/1091 757/799/1091
f 836/663/1092 757/799/1092 755/426/1092
f 838/71/1093 854/428/1093 837/70/1093
f 853/792/1094 854/428/1094 838/71/1094
f 854/428/1095 853/792/1095 856/800/1095
f 857/801/1096 856/800/1096 853/792/1096
f 852/802/1097 853/792/1097 840/790/1097
f 851/803/1098 852/802/1098 841/788/1098
f 850/804/1099 851/803/1099 830/786/1099
f 849/805/1100 850/804/1100 832/784/1100
f 848/806/1101 849/805/1101 827/783/1101
f 848/806/1102 829/781/1102 826/779/1102
f 844/807/1103 843/808/1103 847/809/1103
f 847/809/1104 826/779/1104 825/777/1104
f 846/810/1105 843/808/1105 844/807/1105
f 844/807/1106 825/777/1106 824/775/1106
f 845/811/1107 843/808/1107 846/810/1107
f 846/810/1108 824/775/1108 823/422/1108
f 845/811/1109 842/812/1109 843/808/1109
f 845/811/1110 823/422/1110 822/421/1110
f 835/750/1111 843/808/1111 842/812/1111
f 842/812/1112 822/421/1112 814/751/1112
f 847/809/1113 843/808/1113 861/813/1113
f 861/813/1114 860/814/1114 849/805/1114
f 860/814/1115 858/815/1115 850/804/1115
f 858/815/1116 859/816/1116 851/803/1116
f 859/816/1117 857/801/1117 852/802/1117
f 821/424/1118 820/773/1118 816/764/1118
f 820/773/117 819/768/117 817/766/117
f 763/670/1119 696/672/1119 685/408/1119
f 764/671/1120 695/674/1120 696/672/1120
f 764/671/1121 765/676/1121 698/673/1121
f 686/678/1122 698/673/1122 765/676/1122
f 766/675/1123 767/680/1123 697/679/1123
f 767/680/1124 768/685/1124 687/681/1124
f 770/684/1125 687/681/1125 768/685/1125
f 769/682/1126 768/685/1126 694/687/1126
f 768/685/1127 767/680/1127 700/688/1127
f 689/690/1128 700/688/1128 767/680/1128
f 766/675/1129 701/691/1129 690/689/1129
f 771/677/1130 693/693/1130 701/691/1130
f 772/692/1131 692/695/1131 693/693/1131
f 773/694/1132 691/697/1132 692/695/1132
f 774/696/1133 702/698/1133 691/697/1133
f 778/419/1134 777/415/1134 774/696/1134
f 777/415/1135 703/414/1135 702/698/1135
f 793/700/117 789/410/117 783/413/117
f 793/700/1136 791/702/1136 790/409/1136
f 790/409/1137 788/703/1137 787/661/1137
f 791/702/1138 704/705/1138 788/703/1138
f 704/705/1139 801/706/1139 722/710/1139
f 802/707/1140 722/710/1140 801/706/1140
f 802/707/1141 718/712/1141 720/713/1141
f 804/714/1142 718/712/1142 803/711/1142
f 804/714/1143 716/718/1143 717/719/1143
f 715/720/1144 806/721/1144 714/817/1144
f 806/721/1145 808/723/1145 714/817/1145
f 809/722/1146 731/726/1146 808/723/1146
f 807/724/1147 798/729/1147 797/727/1147
f 726/730/1148 797/727/1148 798/729/1148
f 798/729/1149 727/733/1149 726/730/1149
f 799/732/1150 724/736/1150 727/733/1150
f 799/732/1151 805/717/1151 796/734/1151
f 803/711/1152 796/734/1152 805/717/1152
f 795/737/1153 728/735/1153 796/734/1153
f 705/738/1154 794/739/1154 711/818/1154
f 794/739/1155 710/740/1155 711/818/1155
f 792/701/1156 709/741/1156 710/740/1156
f 709/741/1157 783/413/1157 708/744/1157
f 785/412/1158 708/744/1158 783/413/1158
f 780/745/1159 785/412/1159 781/747/1159
f 781/747/1160 786/699/1160 782/748/1160
f 784/416/1161 782/748/1161 786/699/1161
f 773/694/1162 763/670/1162 762/405/1162
f 763/670/117 772/692/117 764/671/117
f 772/692/1163 771/677/1163 765/676/1163
f 794/739/117 791/702/117 792/701/117
f 800/704/1164 795/737/1164 801/706/1164
f 809/722/1165 799/732/1165 798/729/1165
f 807/724/1166 834/749/1166 810/725/1166
f 834/749/1167 814/751/1167 810/725/1167
f 810/725/1168 730/752/1168 734/754/1168
f 811/753/1169 734/754/1169 735/758/1169
f 812/755/1170 735/758/1170 736/756/1170
f 732/759/1171 811/753/1171 812/755/1171
f 811/753/1172 731/726/1172 810/725/1172
f 813/757/1173 732/759/1173 812/755/1173
f 815/762/1174 730/752/1174 814/751/1174
f 740/763/1175 816/764/1175 738/765/1175
f 738/765/1176 817/766/1176 739/819/1176
f 817/766/1177 743/770/1177 739/819/1177
f 818/767/1178 745/772/1178 742/771/1178
f 819/768/1179 741/774/1179 745/772/1179
f 820/773/1180 744/662/1180 741/774/1180
f 749/425/1181 824/775/1181 748/776/1181
f 748/776/1182 825/777/1182 747/778/1182
f 747/778/1183 826/779/1183 746/780/1183
f 746/780/1184 829/781/1184 828/782/1184
f 828/782/1185 827/783/1185 750/820/1185
f 827/783/1186 831/785/1186 750/820/1186
f 832/784/1187 751/787/1187 831/785/1187
f 830/786/1188 761/789/1188 751/787/1188
f 841/788/1189 752/791/1189 761/789/1189
f 839/793/1190 752/791/1190 840/790/1190
f 839/793/1191 754/797/1191 759/796/1191
f 838/71/1192 758/427/1192 754/797/1192
f 853/792/1193 838/71/1193 839/793/1193
f 854/428/1194 856/800/1194 855/429/1194
f 857/801/1195 853/792/1195 852/802/1195
f 852/802/1196 840/790/1196 841/788/1196
f 851/803/1197 841/788/1197 830/786/1197
f 850/804/1198 830/786/1198 832/784/1198
f 849/805/1199 832/784/1199 827/783/1199
f 848/806/1200 827/783/1200 829/781/1200
f 848/806/1201 826/779/1201 847/809/1201
f 847/809/1202 825/777/1202 844/807/1202
f 844/807/1203 824/775/1203 846/810/1203
f 846/810/1204 823/422/1204 845/811/1204
f 845/811/1205 822/421/1205 842/812/1205
f 842/812/1206 814/751/1206 835/750/1206
f 847/809/1207 861/813/1207 848/806/1207
f 861/813/1208 849/805/1208 848/806/1208
f 860/814/1209 850/804/1209 849/805/1209
f 858/815/1210 851/803/1210 850/804/1210
f 859/816/1211 852/802/1211 851/803/1211
f 821/424/1212 816/764/1212 815/762/1212
f 820/773/117 817/766/117 816/764/117
f 863/1/1213 903/3/1213 904/2/1213
f 865/4/1214 904/2/1214 905/5/1214
f 867/6/1215 905/5/1215 906/7/1215
f 869/8/1216 906/7/1216 907/9/1216
f 870/10/6 907/9/6 90/11/6
f 90/11/5 908/9/5 871/10/5
f 901/12/618 932/14/618 120/13/618
f 900/15/1217 931/16/1217 932/14/1217
f 899/17/1218 930/18/1218 931/16/1218
f 898/19/1219 929/20/1219 930/18/1219
f 897/21/1220 928/22/1220 929/20/1220
f 83/23/13 902/12/13 908/9/13
f 907/9/12 901/12/12 83/23/12
f 906/7/1221 900/15/1221 901/12/1221
f 905/5/1222 899/17/1222 900/15/1222
f 904/2/1223 898/19/1223 899/17/1223
f 903/3/1224 897/21/1224 898/19/1224
f 919/24/1225 915/26/1225 910/25/1225
f 915/26/1226 920/28/1226 911/27/1226
f 920/28/1227 921/30/1227 912/29/1227
f 921/30/1228 922/32/1228 913/31/1228
f 922/32/1229 108/34/1229 97/33/1229
f 918/35/1230 868/37/1230 10/36/1230
f 916/38/1231 866/39/1231 868/37/1231
f 915/26/1232 864/40/1232 866/39/1232
f 914/41/1233 862/42/1233 864/40/1233
f 918/35/1234 103/43/1234 108/34/1234
f 917/44/1235 918/35/1235 922/32/1235
f 916/38/1236 917/44/1236 921/30/1236
f 915/26/1237 916/38/1237 920/28/1237
f 923/45/1238 943/47/1238 944/46/1238
f 924/48/1239 944/46/1239 945/49/1239
f 925/50/1240 945/49/1240 946/51/1240
f 926/52/1241 946/51/1241 947/53/1241
f 927/54/1242 947/53/1242 138/55/1242
f 933/56/1243 934/57/1243 929/20/1243
f 934/57/1244 935/58/1244 930/18/1244
f 935/58/1245 936/59/1245 931/16/1245
f 936/59/1246 937/60/1246 932/14/1246
f 937/60/1247 126/61/1247 120/13/1247
f 927/54/1248 114/62/1248 126/61/1248
f 926/52/1249 927/54/1249 937/60/1249
f 925/50/1250 926/52/1250 936/59/1250
f 924/48/1251 925/50/1251 935/58/1251
f 923/45/1252 924/48/1252 934/57/1252
f 913/31/1253 97/33/1253 132/63/1253
f 912/29/1254 913/31/1254 942/64/1254
f 911/27/1255 912/29/1255 941/65/1255
f 910/25/1256 911/27/1256 940/66/1256
f 909/67/1257 910/25/1257 939/68/1257
f 947/53/1258 942/64/1258 132/63/1258
f 946/51/1259 941/65/1259 942/64/1259
f 945/49/1260 940/66/1260 941/65/1260
f 944/46/1261 939/68/1261 940/66/1261
f 943/47/1262 938/69/1262 939/68/1262
f 1079/70/56 1080/71/56 1078/70/56
f 10/36/1263 868/37/1263 25/72/1263
f 25/72/1264 868/37/1264 873/73/1264
f 868/37/1265 866/39/1265 873/73/1265
f 873/73/1266 866/39/1266 874/74/1266
f 866/39/1267 864/40/1267 874/74/1267
f 874/74/1268 864/40/1268 875/75/1268
f 864/40/1269 862/42/1269 875/75/1269
f 875/75/1270 862/42/1270 876/76/1270
f 876/76/1271 880/77/1271 875/75/1271
f 875/75/1272 880/77/1272 879/78/1272
f 874/74/1273 879/78/1273 878/79/1273
f 873/73/1274 878/79/1274 877/80/1274
f 877/80/1275 24/81/1275 25/72/1275
f 881/82/1276 882/83/1276 878/79/1276
f 883/84/1277 882/83/1277 885/85/1277
f 882/83/1278 883/84/1278 877/80/1278
f 877/80/1279 38/86/1279 30/81/1279
f 38/86/1280 883/84/1280 885/85/1280
f 884/87/1281 885/85/1281 886/88/1281
f 884/87/1282 886/88/1282 982/89/1282
f 982/89/1283 886/88/1283 984/90/1283
f 984/90/1284 886/88/1284 983/91/1284
f 983/91/1285 980/93/1285 224/92/1285
f 886/88/1286 882/83/1286 881/82/1286
f 886/88/1287 881/82/1287 980/93/1287
f 881/82/1288 880/77/1288 979/94/1288
f 980/93/1289 981/95/1289 224/92/1289
f 981/95/1290 980/93/1290 979/94/1290
f 981/95/1291 978/97/1291 225/96/1291
f 982/89/1292 42/98/1292 884/87/1292
f 884/87/1293 42/98/1293 23/99/1293
f 42/98/1294 982/89/1294 22/100/1294
f 982/89/1295 1225/101/1295 22/100/1295
f 1225/101/1296 1224/103/1296 45/102/1296
f 984/90/1297 985/104/1297 982/89/1297
f 985/104/1298 1226/105/1298 1225/101/1298
f 1227/106/1299 1229/107/1299 1224/103/1299
f 1226/105/1300 1227/106/1300 1224/103/1300
f 1227/106/1301 1226/105/1301 220/108/1301
f 1228/109/1302 1229/107/1302 1227/106/1302
f 1228/109/1303 1227/106/1303 218/110/1303
f 1228/109/1304 1248/111/1304 1229/107/1304
f 1248/111/1305 215/113/1305 1247/112/1305
f 1248/111/1306 1228/109/1306 219/114/1306
f 223/115/1307 217/116/1307 984/90/1307
f 985/104/1308 984/90/1308 217/116/1308
f 1226/105/1309 985/104/1309 217/116/1309
f 224/92/1310 223/115/1310 983/91/1310
f 1224/103/1311 1229/107/1311 1223/117/1311
f 1223/117/1312 1229/107/1312 1222/118/1312
f 1222/118/1313 1229/107/1313 1221/119/1313
f 1229/107/1314 1248/111/1314 1221/119/1314
f 1221/119/1315 1248/111/1315 1220/120/1315
f 1248/111/1316 1247/112/1316 1210/121/1316
f 1248/111/1317 1210/121/1317 1206/122/1317
f 1210/121/1318 1242/124/1318 1209/123/1318
f 1210/121/1319 1209/123/1319 1205/125/1319
f 1209/123/1320 1208/127/1320 1204/126/1320
f 1205/125/1321 1204/126/1321 21/128/1321
f 1204/126/1322 1203/130/1322 73/129/1322
f 1247/112/498 1243/131/498 1242/124/498
f 1242/124/1323 1210/121/1323 1247/112/1323
f 1243/131/1324 210/133/1324 211/132/1324
f 1241/134/1325 1242/124/1325 211/132/1325
f 215/113/1326 221/135/1326 1247/112/1326
f 1247/112/1327 221/135/1327 216/136/1327
f 884/87/1328 23/99/1328 41/137/1328
f 44/138/1329 45/102/1329 1224/103/1329
f 51/139/1330 44/138/1330 1223/117/1330
f 43/140/1331 51/139/1331 1222/118/1331
f 50/141/1332 43/140/1332 1221/119/1332
f 46/142/1333 50/141/1333 1220/120/1333
f 49/143/1334 46/142/1334 1206/122/1334
f 1203/130/1335 1200/145/1335 48/144/1335
f 1240/146/1336 1236/148/1336 1235/147/1336
f 1240/146/1337 1235/147/1337 1202/149/1337
f 1234/150/1338 1235/147/1338 199/151/1338
f 1202/149/1339 1211/153/1339 1201/152/1339
f 1211/153/1340 1202/149/1340 1235/147/1340
f 1233/154/1341 1234/150/1341 198/155/1341
f 1233/154/1342 1232/157/1342 1212/156/1342
f 1234/150/1343 1233/154/1343 1212/156/1343
f 1211/153/1344 1196/158/1344 1201/152/1344
f 1211/153/1345 1212/156/1345 1195/159/1345
f 1196/158/1346 1195/159/1346 20/160/1346
f 1195/159/1347 1194/162/1347 19/161/1347
f 1236/148/1348 194/164/1348 200/163/1348
f 1236/148/1349 200/163/1349 199/151/1349
f 1236/148/1350 1237/165/1350 194/164/1350
f 194/164/1351 1237/165/1351 1239/166/1351
f 1213/167/1352 1212/156/1352 1232/157/1352
f 1232/157/1353 1214/168/1353 1213/167/1353
f 1213/167/1354 1214/168/1354 1193/169/1354
f 1215/170/1355 1214/168/1355 1218/171/1355
f 1192/172/1356 1215/170/1356 1190/173/1356
f 1214/168/1357 1215/170/1357 1192/172/1357
f 1193/169/1358 1192/172/1358 596/174/1358
f 596/174/1359 1192/172/1359 1190/173/1359
f 597/175/1360 201/177/1360 1238/176/1360
f 1190/173/1361 1215/170/1361 1191/178/1361
f 1215/170/1362 1217/179/1362 1191/178/1362
f 1217/179/1363 1218/171/1363 1216/180/1363
f 1217/179/1364 1216/180/1364 1189/181/1364
f 1216/180/1365 188/183/1365 615/182/1365
f 1188/184/1366 614/186/1366 1182/185/1366
f 1188/184/1367 1189/181/1367 615/182/1367
f 199/151/1368 198/155/1368 1234/150/1368
f 1186/187/1369 1183/189/1369 1184/188/1369
f 1186/187/1370 1187/190/1370 1183/189/1370
f 1187/190/1371 1188/184/1371 1183/189/1371
f 1183/189/1372 1188/184/1372 1182/185/1372
f 1182/185/1373 611/192/1373 613/191/1373
f 614/186/1374 611/192/1374 1182/185/1374
f 1185/193/1375 1187/190/1375 1186/187/1375
f 617/194/1376 1185/193/1376 1186/187/1376
f 616/195/1377 1186/187/1377 1184/188/1377
f 1184/188/1378 1180/197/1378 18/196/1378
f 1176/198/1379 1180/197/1379 1178/199/1379
f 1172/198/56 1180/197/56 1176/198/56
f 1170/200/1380 1178/199/1380 1173/201/1380
f 1178/199/1381 1170/200/1381 1172/198/1381
f 162/202/1382 1172/198/1382 1170/200/1382
f 1170/200/1383 1173/201/1383 1174/203/1383
f 565/204/1384 1170/200/1384 1174/203/1384
f 564/205/1385 1169/203/1385 1168/206/1385
f 1168/206/1386 1166/208/1386 1165/207/1386
f 562/209/1387 1165/207/1387 17/210/1387
f 1165/207/1388 562/209/1388 563/211/1388
f 1165/207/1389 1166/208/1389 1164/212/1389
f 1165/207/1390 1164/212/1390 561/213/1390
f 1164/212/1391 1166/208/1391 1163/214/1391
f 1164/212/1392 1163/214/1392 559/215/1392
f 559/215/1393 1163/214/1393 1148/216/1393
f 557/217/1394 1148/216/1394 1140/218/1394
f 1140/218/1395 1139/220/1395 74/219/1395
f 74/219/1396 1139/220/1396 1136/221/1396
f 161/222/1397 1136/221/1397 1133/223/1397
f 1136/221/1398 1134/225/1398 1132/224/1398
f 1133/223/1399 1132/224/1399 1124/226/1399
f 1124/226/1400 1132/224/1400 1130/227/1400
f 1124/226/1401 1099/229/1401 1098/228/1401
f 1101/230/1402 1097/231/1402 1098/228/1402
f 1101/230/1403 1098/228/1403 1099/229/1403
f 1100/232/1404 1129/234/1404 176/233/1404
f 180/235/1405 173/236/1405 1101/230/1405
f 180/235/1406 1101/230/1406 1100/232/1406
f 1101/230/1407 173/236/1407 1097/231/1407
f 1090/237/1408 1089/238/1408 1097/231/1408
f 1090/237/1409 174/240/1409 1095/239/1409
f 174/240/1410 1090/237/1410 1097/231/1410
f 175/241/1411 68/243/1411 1096/242/1411
f 1096/242/1412 1095/239/1412 174/240/1412
f 1096/242/1413 68/243/1413 67/244/1413
f 1095/239/1414 1096/242/1414 67/244/1414
f 1090/237/1415 171/245/1415 1089/238/1415
f 171/245/1416 1090/237/1416 1095/239/1416
f 1089/238/1417 171/245/1417 1088/246/1417
f 1087/247/1418 1088/246/1418 171/245/1418
f 1086/248/1419 1085/249/1419 1087/247/1419
f 1086/248/1420 1087/247/1420 172/250/1420
f 1091/251/1421 1086/248/1421 170/252/1421
f 493/253/1422 169/255/1422 1092/254/1422
f 1092/254/1423 1091/251/1423 494/256/1423
f 1092/254/1424 169/255/1424 320/257/1424
f 1092/254/1425 320/257/1425 168/258/1425
f 1091/251/1426 168/258/1426 319/259/1426
f 1086/248/1427 319/259/1427 318/260/1427
f 1085/249/1428 318/260/1428 167/261/1428
f 1084/262/1429 167/261/1429 317/263/1429
f 872/264/1430 891/266/1430 949/265/1430
f 950/267/1431 949/265/1431 891/266/1431
f 892/268/1432 887/270/1432 889/269/1432
f 948/271/1433 1093/272/1433 872/264/1433
f 1117/273/1434 1106/274/1434 1093/272/1434
f 1117/273/1435 1093/272/1435 948/271/1435
f 950/267/1436 889/269/1436 888/275/1436
f 1106/274/1437 377/277/1437 15/276/1437
f 1094/278/1438 1106/274/1438 15/276/1438
f 1089/238/1439 1088/246/1439 1094/278/1439
f 1122/279/1440 378/281/1440 77/280/1440
f 1089/238/1441 1119/283/1441 1120/282/1441
f 1119/283/1442 1122/279/1442 1121/284/1442
f 1089/238/1443 1094/278/1443 1119/283/1443
f 1121/284/1444 1122/279/1444 75/285/1444
f 75/285/1445 1122/279/1445 77/280/1445
f 1121/284/1446 75/285/1446 379/286/1446
f 1121/284/1447 379/286/1447 76/287/1447
f 1121/284/1448 76/287/1448 16/288/1448
f 1121/284/1449 16/288/1449 380/289/1449
f 1125/290/1450 380/289/1450 160/291/1450
f 1123/292/1451 160/291/1451 540/293/1451
f 1125/290/1452 1120/282/1452 1121/284/1452
f 1098/228/1453 1097/231/1453 1089/238/1453
f 1088/246/1454 1084/262/1454 1094/278/1454
f 1094/278/1455 1093/272/1455 1106/274/1455
f 1094/278/1456 1084/262/1456 1083/294/1456
f 316/295/1457 315/296/1457 872/264/1457
f 315/296/1458 164/297/1458 872/264/1458
f 891/266/1459 957/298/1459 892/268/1459
f 957/298/1460 891/266/1460 975/299/1460
f 976/300/1461 977/301/1461 975/299/1461
f 872/264/1462 976/300/1462 975/299/1462
f 976/300/1463 872/264/1463 164/297/1463
f 975/299/1464 977/301/1464 965/302/1464
f 965/302/1465 977/301/1465 972/303/1465
f 972/303/1466 977/301/1466 166/304/1466
f 977/301/1467 976/300/1467 165/305/1467
f 956/306/1468 305/308/1468 306/307/1468
f 305/308/1469 955/306/1469 957/298/1469
f 957/298/1470 958/310/1470 300/309/1470
f 300/309/1471 958/310/1471 962/311/1471
f 962/311/1472 961/313/1472 303/312/1472
f 961/313/1473 960/315/1473 302/314/1473
f 961/313/1474 294/317/1474 299/316/1474
f 969/318/1475 294/317/1475 961/313/1475
f 971/319/1476 962/311/1476 964/320/1476
f 964/320/1477 962/311/1477 958/310/1477
f 964/320/1478 975/299/1478 965/302/1478
f 971/319/1479 964/320/1479 965/302/1479
f 970/321/1480 965/302/1480 963/322/1480
f 963/322/1481 972/303/1481 229/323/1481
f 965/302/1482 972/303/1482 963/322/1482
f 972/303/1483 973/324/1483 229/323/1483
f 230/325/1484 974/327/1484 228/326/1484
f 973/324/1485 974/327/1485 230/325/1485
f 963/322/1486 229/323/1486 235/328/1486
f 228/326/1487 974/327/1487 226/329/1487
f 227/330/1488 226/329/1488 974/327/1488
f 166/304/1489 227/330/1489 973/324/1489
f 316/295/1490 872/264/1490 1083/294/1490
f 966/331/1491 963/322/1491 235/328/1491
f 967/332/1492 966/331/1492 234/333/1492
f 989/334/498 994/335/498 967/332/498
f 989/334/1493 967/332/1493 231/336/1493
f 990/337/1494 989/334/1494 237/338/1494
f 991/339/1495 990/337/1495 233/340/1495
f 992/341/1496 991/339/1496 236/342/1496
f 993/343/1497 239/345/1497 238/344/1497
f 993/343/1498 992/341/1498 232/346/1498
f 241/347/1499 993/343/1499 238/344/1499
f 992/341/1500 993/343/1500 241/347/1500
f 991/339/1501 992/341/1501 242/348/1501
f 990/337/1502 991/339/1502 243/349/1502
f 995/350/1503 994/335/1503 989/334/1503
f 995/350/1504 244/352/1504 245/351/1504
f 244/352/1505 995/350/1505 989/334/1505
f 995/350/1506 245/351/1506 999/353/1506
f 999/353/1507 245/351/1507 246/354/1507
f 1001/355/1508 1000/356/1508 246/354/1508
f 1002/357/1509 1059/358/1509 1001/355/1509
f 1002/357/1510 1001/355/1510 247/359/1510
f 1061/360/1511 1002/357/1511 240/361/1511
f 1061/360/1512 461/363/1512 248/362/1512
f 1003/364/1513 248/362/1513 249/365/1513
f 1005/366/1514 1004/367/1514 249/365/1514
f 1006/368/1515 1020/369/1515 1005/366/1515
f 1006/368/1516 1005/366/1516 251/370/1516
f 1007/371/1517 1017/372/1517 1006/368/1517
f 1007/371/1518 1006/368/1518 252/373/1518
f 1007/371/1519 253/375/1519 408/374/1519
f 1011/376/498 1008/378/498 1010/377/498
f 254/379/1520 1008/378/1520 1011/376/1520
f 1009/380/1521 402/382/1521 250/381/1521
f 1009/380/1522 1008/378/1522 254/379/1522
f 256/383/1523 1009/380/1523 403/384/1523
f 1008/378/1524 1009/380/1524 256/383/1524
f 1010/377/1525 1008/378/1525 257/385/1525
f 1010/377/1526 255/387/1526 259/386/1526
f 1013/388/1527 1017/372/1527 1012/389/1527
f 1017/372/1528 1007/371/1528 1012/389/1528
f 1012/389/498 1007/371/498 1011/376/498
f 1017/372/1529 1019/390/1529 1006/368/1529
f 1015/391/1530 1019/390/1530 1017/372/1530
f 267/392/1531 1015/391/1531 1013/388/1531
f 258/393/1532 1013/388/1532 1012/389/1532
f 1015/391/1533 267/392/1533 266/394/1533
f 1014/395/1534 266/394/1534 268/396/1534
f 1016/397/498 1021/398/498 1005/366/498
f 1021/398/1535 265/400/1535 264/399/1535
f 265/400/1536 1021/398/1536 1016/397/1536
f 1021/398/1537 264/399/1537 263/401/1537
f 1021/398/1538 263/401/1538 262/402/1538
f 1022/403/1539 262/402/1539 261/404/1539
f 1024/405/1540 1064/407/1540 1023/406/1540
f 260/408/1541 1024/405/1541 1023/406/1541
f 1073/409/337 1072/410/337 1068/410/337
f 1067/411/1542 1069/413/1542 1071/412/1542
f 1068/410/1543 1027/415/1543 269/414/1543
f 1070/416/1544 1066/417/1544 1064/407/1544
f 1070/416/1545 1064/407/1545 1026/418/1545
f 1026/418/1546 1064/407/1546 1028/419/1546
f 1028/419/1547 1064/407/1547 1025/420/1547
f 1025/420/1548 1064/407/1548 1024/405/1548
f 1075/421/1549 270/423/1549 1076/422/1549
f 1074/424/1550 270/423/1550 1075/421/1550
f 1076/422/1551 270/423/1551 272/425/1551
f 1078/70/1552 274/427/1552 273/426/1552
f 1080/71/1553 274/427/1553 1078/70/1553
f 1081/428/1554 1078/70/1554 1082/429/1554
f 1064/407/1555 1065/430/1555 1023/406/1555
f 1022/403/1556 1023/406/1556 1065/430/1556
f 1065/430/1557 1063/432/1557 1060/431/1557
f 1064/407/1558 1063/432/1558 1065/430/1558
f 1060/431/1559 1063/432/1559 1046/433/1559
f 1048/434/56 1047/434/56 1046/433/56
f 1047/434/1560 376/436/1560 355/435/1560
f 1046/433/1561 1047/434/1561 355/435/1561
f 1046/433/1562 1045/437/1562 1060/431/1562
f 352/438/1563 1045/437/1563 1046/433/1563
f 1045/437/1564 1044/439/1564 1060/431/1564
f 353/440/1565 1044/439/1565 1045/437/1565
f 1044/439/1566 353/440/1566 279/441/1566
f 1043/442/1567 278/441/1567 291/443/1567
f 1042/444/1568 291/443/1568 290/445/1568
f 1037/446/1569 290/445/1569 292/447/1569
f 1036/448/1570 292/447/1570 275/449/1570
f 1035/450/1571 275/449/1571 996/451/1571
f 1041/452/498 1040/453/498 1035/450/498
f 998/454/1572 994/335/1572 1041/452/1572
f 998/454/1573 1041/452/1573 1035/450/1573
f 998/454/1574 997/456/1574 987/455/1574
f 998/454/1575 988/457/1575 967/332/1575
f 988/457/1576 970/321/1576 966/331/1576
f 988/457/1577 987/455/1577 971/319/1577
f 987/455/1578 986/459/1578 968/458/1578
f 295/460/1579 968/458/1579 986/459/1579
f 283/461/1580 986/459/1580 996/451/1580
f 284/462/1581 996/451/1581 1029/463/1581
f 285/464/1582 1029/463/1582 1030/465/1582
f 276/466/1583 1030/465/1583 1029/463/1583
f 289/467/1584 1029/463/1584 996/451/1584
f 1030/465/1585 276/466/1585 288/468/1585
f 1031/469/1586 288/468/1586 287/470/1586
f 1032/471/1587 287/470/1587 277/472/1587
f 1034/473/1588 293/475/1588 280/474/1588
f 1034/473/1589 1033/476/1589 277/472/1589
f 281/477/1590 1034/473/1590 280/474/1590
f 1033/476/1591 1034/473/1591 281/477/1591
f 1033/476/1592 286/479/1592 432/478/1592
f 1032/471/1593 432/478/1593 282/480/1593
f 1031/469/1594 282/480/1594 429/481/1594
f 996/451/1595 986/459/1595 987/455/1595
f 968/458/1596 295/460/1596 294/317/1596
f 1041/452/1597 994/335/1597 995/350/1597
f 1041/452/1598 995/350/1598 999/353/1598
f 1040/453/1599 999/353/1599 1000/356/1599
f 1038/482/1600 1001/355/1600 1059/358/1600
f 1038/482/1601 1039/483/1601 1000/356/1601
f 1038/482/1602 1037/446/1602 1036/448/1602
f 1039/483/1603 1036/448/1603 1035/450/1603
f 1037/446/1604 1038/482/1604 1059/358/1604
f 1059/358/1605 1062/484/1605 1043/442/1605
f 1043/442/1606 1062/484/1606 1060/431/1606
f 1003/364/1607 1060/431/1607 1062/484/1607
f 1062/484/1608 1059/358/1608 1002/357/1608
f 1065/430/1609 1060/431/1609 1003/364/1609
f 376/436/1610 1052/485/1610 355/435/1610
f 355/435/1611 1052/485/1611 356/486/1611
f 1052/485/1612 1049/487/1612 356/486/1612
f 1050/488/1613 1051/490/1613 357/489/1613
f 1050/488/1614 357/489/1614 356/486/1614
f 362/491/1615 1050/488/1615 1049/487/1615
f 363/492/1616 1049/487/1616 1052/485/1616
f 1054/493/1617 376/436/1617 375/494/1617
f 376/436/1618 1054/493/1618 364/495/1618
f 364/495/1619 1054/493/1619 1055/496/1619
f 365/497/1620 1055/496/1620 1056/498/1620
f 366/499/1621 1056/498/1621 1057/500/1621
f 368/501/1622 1058/503/1622 369/502/1622
f 1058/503/1623 368/501/1623 367/504/1623
f 1058/503/1624 371/506/1624 370/505/1624
f 371/506/1625 1058/503/1625 1057/500/1625
f 372/507/1626 1057/500/1626 1056/498/1626
f 373/508/1627 1056/498/1627 1055/496/1627
f 1055/496/1628 1054/493/1628 375/494/1628
f 1058/503/1629 370/505/1629 369/502/1629
f 1050/488/1630 362/491/1630 361/509/1630
f 1053/510/1631 360/512/1631 358/511/1631
f 1053/510/1632 1051/490/1632 361/509/1632
f 359/513/1633 1053/510/1633 358/511/1633
f 1051/490/1634 1053/510/1634 359/513/1634
f 1021/398/498 1022/403/498 1004/367/498
f 1016/397/1635 1005/366/1635 1018/514/1635
f 1018/514/1636 1005/366/1636 1020/369/1636
f 1016/397/1637 1018/514/1637 1020/369/1637
f 1019/390/1638 1020/369/1638 1006/368/1638
f 1014/395/1639 1020/369/1639 1019/390/1639
f 403/384/1640 1009/380/1640 250/381/1640
f 960/315/1641 961/313/1641 299/316/1641
f 959/515/1642 297/517/1642 296/516/1642
f 959/515/1643 960/315/1643 298/518/1643
f 301/519/1644 959/515/1644 296/516/1644
f 959/515/1645 301/519/1645 302/314/1645
f 892/268/1646 957/298/1646 955/306/1646
f 1084/262/1647 1088/246/1647 1087/247/1647
f 1104/520/1648 1106/274/1648 1108/521/1648
f 140/522/1649 1106/274/1649 1104/520/1649
f 139/523/1650 1104/520/1650 1105/524/1650
f 1102/525/1651 1105/524/1651 1107/526/1651
f 144/527/1652 1105/524/1652 1102/525/1652
f 143/528/1653 1102/525/1653 1115/529/1653
f 159/530/1654 1115/529/1654 1103/531/1654
f 145/532/1655 1114/534/1655 141/533/1655
f 1114/534/1656 145/532/1656 142/535/1656
f 1114/534/1657 157/536/1657 141/533/1657
f 1114/534/1658 1103/531/1658 146/537/1658
f 146/537/1659 1103/531/1659 1115/529/1659
f 158/538/1660 1115/529/1660 1102/525/1660
f 158/538/1661 1107/526/1661 1108/521/1661
f 1109/539/1662 1110/541/1662 147/540/1662
f 1108/521/1663 1109/539/1663 147/540/1663
f 1118/542/1664 1109/539/1664 1108/521/1664
f 1117/273/1665 1118/542/1665 1106/274/1665
f 1118/542/1666 1117/273/1666 948/271/1666
f 951/543/1667 953/544/1667 948/271/1667
f 952/545/1668 951/543/1668 949/265/1668
f 951/543/1669 952/545/1669 893/546/1669
f 952/545/1670 888/275/1670 894/547/1670
f 894/547/1671 888/275/1671 890/548/1671
f 894/547/1672 890/548/1672 863/1/1672
f 893/546/1673 952/545/1673 894/547/1673
f 893/546/1674 894/547/1674 865/4/1674
f 893/546/1675 867/6/1675 896/549/1675
f 867/6/1676 869/8/1676 896/549/1676
f 869/8/1677 870/10/1677 895/550/1677
f 895/550/1678 896/549/1678 869/8/1678
f 896/549/1679 951/543/1679 893/546/1679
f 954/551/1680 951/543/1680 896/549/1680
f 1110/541/1681 895/550/1681 1116/552/1681
f 1110/541/1682 1109/539/1682 954/551/1682
f 1109/539/1683 1118/542/1683 953/544/1683
f 954/551/1684 953/544/1684 951/543/1684
f 895/550/1685 870/10/1685 1116/552/1685
f 1116/552/1686 155/554/1686 156/553/1686
f 870/10/1687 11/556/1687 58/555/1687
f 58/555/1688 1116/552/1688 870/10/1688
f 1116/552/1689 156/553/1689 1111/557/1689
f 1111/557/1690 156/553/1690 153/558/1690
f 1111/557/1691 153/558/1691 154/559/1691
f 1112/560/1692 1113/562/1692 150/561/1692
f 1113/562/1693 152/564/1693 151/563/1693
f 152/564/1694 1113/562/1694 1112/560/1694
f 1113/562/1695 151/563/1695 150/561/1695
f 1112/560/1696 150/561/1696 149/565/1696
f 1111/557/498 1110/541/498 1116/552/498
f 147/540/1697 1110/541/1697 1111/557/1697
f 1107/526/1698 1105/524/1698 1104/520/1698
f 1083/294/1699 872/264/1699 1093/272/1699
f 1129/234/1700 530/566/1700 176/233/1700
f 531/567/1701 1127/569/1701 177/568/1701
f 530/566/1702 1129/234/1702 1127/569/1702
f 1129/234/1703 1100/232/1703 1128/570/1703
f 1129/234/1704 1128/570/1704 1126/571/1704
f 1126/571/1705 1135/573/1705 179/572/1705
f 1143/574/1706 1145/576/1706 547/575/1706
f 1143/574/1707 547/575/1707 179/572/1707
f 1142/577/1708 1143/574/1708 1135/573/1708
f 1131/578/1709 1126/571/1709 1128/570/1709
f 1099/229/1710 1130/227/1710 1128/570/1710
f 1134/225/1711 1131/578/1711 1130/227/1711
f 1131/578/1712 1134/225/1712 1138/579/1712
f 1137/580/1713 1138/579/1713 1141/581/1713
f 1140/218/1714 1141/581/1714 1138/579/1714
f 1139/220/1715 1138/579/1715 1134/225/1715
f 1141/581/1716 1140/218/1716 1148/216/1716
f 1147/582/1717 1149/584/1717 1146/583/1717
f 1147/582/1718 1146/583/1718 1142/577/1718
f 1146/583/1719 178/586/1719 1144/585/1719
f 1144/585/1720 1145/576/1720 1143/574/1720
f 1146/583/1721 1144/585/1721 1143/574/1721
f 1146/583/1722 1149/584/1722 178/586/1722
f 1149/584/1723 566/587/1723 178/586/1723
f 1149/584/1724 1150/588/1724 566/587/1724
f 1150/588/1725 1151/590/1725 183/589/1725
f 183/589/1726 1151/590/1726 1152/591/1726
f 1153/592/1727 1152/591/1727 1154/593/1727
f 1153/592/1728 181/595/1728 568/594/1728
f 1153/592/1729 568/594/1729 185/596/1729
f 1153/592/1730 569/597/1730 181/595/1730
f 569/597/1731 1153/592/1731 1154/593/1731
f 186/598/1732 1154/593/1732 1155/599/1732
f 184/600/1733 1155/599/1733 1156/601/1733
f 1156/601/1734 1157/603/1734 182/602/1734
f 1157/603/1735 1149/584/1735 1158/604/1735
f 1157/603/1736 1158/604/1736 567/605/1736
f 1158/604/1737 1149/584/1737 1159/606/1737
f 1158/604/1738 1159/606/1738 572/607/1738
f 1159/606/1739 1149/584/1739 1160/608/1739
f 1159/606/1740 1160/608/1740 191/609/1740
f 1160/608/1741 1149/584/1741 1161/610/1741
f 1160/608/1742 1161/610/1742 570/611/1742
f 1161/610/1743 1162/613/1743 571/612/1743
f 571/612/1744 1162/613/1744 1166/208/1744
f 1175/614/1745 1173/201/1745 1167/615/1745
f 1174/203/1746 1173/201/1746 1175/614/1746
f 1174/203/56 1168/206/56 1169/203/56
f 190/616/1747 1167/615/1747 193/617/1747
f 1171/618/1748 1167/615/1748 1177/619/1748
f 1177/619/1749 1179/620/1749 1171/618/1749
f 1179/620/1750 192/622/1750 189/621/1750
f 1171/618/1751 189/621/1751 193/617/1751
f 1179/620/1752 1182/185/1752 613/191/1752
f 1179/620/1753 1177/619/1753 1181/623/1753
f 1181/623/1754 1183/189/1754 1182/185/1754
f 1181/623/1755 1178/199/1755 1180/197/1755
f 1181/623/1756 1180/197/1756 1184/188/1756
f 1178/199/1757 1181/623/1757 1177/619/1757
f 1177/619/1758 1173/201/1758 1178/199/1758
f 1173/201/1759 1177/619/1759 1167/615/1759
f 1163/214/1760 1166/208/1760 1162/613/1760
f 1161/610/1761 1149/584/1761 1147/582/1761
f 1162/613/1762 1161/610/1762 1147/582/1762
f 1157/603/1763 1156/601/1763 1150/588/1763
f 1156/601/1764 1155/599/1764 1151/590/1764
f 1151/590/1765 1155/599/1765 1154/593/1765
f 1190/173/1766 1185/193/1766 617/194/1766
f 1190/173/1767 1191/178/1767 1187/190/1767
f 1191/178/498 1189/181/498 1188/184/498
f 1216/180/1768 1218/171/1768 196/624/1768
f 1218/171/1769 1214/168/1769 1219/625/1769
f 1218/171/1770 1219/625/1770 195/626/1770
f 1231/627/1771 1232/157/1771 1233/154/1771
f 1231/627/569 1230/627/569 1219/625/569
f 1231/627/570 195/626/570 1230/627/570
f 1231/627/1772 1233/154/1772 198/155/1772
f 1219/625/1773 1214/168/1773 1232/157/1773
f 1217/179/1774 1215/170/1774 1218/171/1774
f 201/177/1775 598/628/1775 1238/176/1775
f 1238/176/1776 598/628/1776 599/629/1776
f 1239/166/1777 202/630/1777 597/175/1777
f 202/630/1778 1239/166/1778 1237/165/1778
f 206/631/1779 1237/165/1779 1236/148/1779
f 204/632/1780 1236/148/1780 1240/146/1780
f 1240/146/1781 1241/134/1781 203/633/1781
f 1241/134/1782 1240/146/1782 1207/634/1782
f 1208/127/1783 1207/634/1783 1203/130/1783
f 1207/634/1784 1202/149/1784 1200/145/1784
f 1200/145/1785 1202/149/1785 1201/152/1785
f 72/635/1786 1199/637/1786 71/636/1786
f 1199/637/1787 72/635/1787 48/144/1787
f 1199/637/1788 1198/638/1788 71/636/1788
f 71/636/1789 1198/638/1789 47/639/1789
f 47/639/1790 1198/638/1790 14/640/1790
f 1197/641/1791 1198/638/1791 1199/637/1791
f 1198/638/1792 1197/641/1792 69/642/1792
f 1197/641/1793 1196/158/1793 70/643/1793
f 1201/152/1794 1196/158/1794 1197/641/1794
f 1242/124/1795 1241/134/1795 1208/127/1795
f 1194/162/1796 1193/169/1796 163/644/1796
f 1212/156/1797 1213/167/1797 1194/162/1797
f 1243/131/1798 216/136/1798 222/645/1798
f 1244/646/1799 222/645/1799 213/647/1799
f 214/648/1800 208/650/1800 1246/649/1800
f 1246/649/1801 1245/651/1801 213/647/1801
f 1246/649/1802 208/650/1802 212/652/1802
f 1246/649/1803 212/652/1803 209/653/1803
f 1245/651/1804 209/653/1804 207/654/1804
f 1244/646/1805 207/654/1805 210/133/1805
f 983/91/1806 223/115/1806 984/90/1806
f 881/82/1807 879/78/1807 880/77/1807
f 886/88/1808 885/85/1808 882/83/1808
f 979/94/1809 980/93/1809 881/82/1809
f 1122/279/1810 1119/283/1810 1094/278/1810
f 1122/279/1811 1094/278/1811 378/281/1811
f 378/281/1812 1094/278/1812 15/276/1812
f 863/1/1813 904/2/1813 865/4/1813
f 865/4/1814 905/5/1814 867/6/1814
f 867/6/1815 906/7/1815 869/8/1815
f 869/8/1816 907/9/1816 870/10/1816
f 870/10/617 90/11/617 11/556/617
f 90/11/616 871/10/616 11/556/616
f 120/13/7 902/12/7 83/23/7
f 901/12/618 120/13/618 83/23/618
f 900/15/1217 932/14/1217 901/12/1217
f 899/17/1817 931/16/1817 900/15/1817
f 898/19/1818 930/18/1818 899/17/1818
f 897/21/1224 929/20/1224 898/19/1224
f 83/23/622 908/9/622 90/11/622
f 907/9/621 83/23/621 90/11/621
f 906/7/1819 901/12/1819 907/9/1819
f 905/5/1820 900/15/1820 906/7/1820
f 904/2/1821 899/17/1821 905/5/1821
f 903/3/1822 898/19/1822 904/2/1822
f 919/24/1823 910/25/1823 909/67/1823
f 915/26/1824 911/27/1824 910/25/1824
f 920/28/1825 912/29/1825 911/27/1825
f 921/30/1826 913/31/1826 912/29/1826
f 922/32/1827 97/33/1827 913/31/1827
f 918/35/1828 10/36/1828 103/43/1828
f 917/44/1829 868/37/1829 918/35/1829
f 916/38/1830 868/37/1830 917/44/1830
f 915/26/1831 866/39/1831 916/38/1831
f 914/41/1832 864/40/1832 915/26/1832
f 918/35/1833 108/34/1833 922/32/1833
f 917/44/1834 922/32/1834 921/30/1834
f 916/38/1835 921/30/1835 920/28/1835
f 914/41/1836 915/26/1836 919/24/1836
f 923/45/1837 944/46/1837 924/48/1837
f 924/48/1838 945/49/1838 925/50/1838
f 925/50/1839 946/51/1839 926/52/1839
f 926/52/1840 947/53/1840 927/54/1840
f 927/54/1841 138/55/1841 114/62/1841
f 933/56/1220 929/20/1220 928/22/1220
f 934/57/1842 930/18/1842 929/20/1842
f 935/58/1843 931/16/1843 930/18/1843
f 936/59/1844 932/14/1844 931/16/1844
f 937/60/1845 120/13/1845 932/14/1845
f 927/54/1846 126/61/1846 937/60/1846
f 926/52/1847 937/60/1847 936/59/1847
f 925/50/1848 936/59/1848 935/58/1848
f 924/48/1849 935/58/1849 934/57/1849
f 923/45/1850 934/57/1850 933/56/1850
f 913/31/1851 132/63/1851 942/64/1851
f 912/29/1852 942/64/1852 941/65/1852
f 911/27/1853 941/65/1853 940/66/1853
f 910/25/1854 940/66/1854 939/68/1854
f 909/67/1262 939/68/1262 938/69/1262
f 947/53/1855 132/63/1855 138/55/1855
f 946/51/1856 942/64/1856 947/53/1856
f 945/49/1857 941/65/1857 946/51/1857
f 944/46/1858 940/66/1858 945/49/1858
f 943/47/1859 939/68/1859 944/46/1859
f 875/75/1860 879/78/1860 874/74/1860
f 874/74/1861 878/79/1861 873/73/1861
f 877/80/1862 25/72/1862 873/73/1862
f 24/81/56 877/80/56 30/81/56
f 881/82/1863 878/79/1863 879/78/1863
f 882/83/1864 877/80/1864 878/79/1864
f 38/86/1865 877/80/1865 883/84/1865
f 38/86/1866 885/85/1866 41/137/1866
f 886/88/1867 980/93/1867 983/91/1867
f 981/95/1868 979/94/1868 978/97/1868
f 981/95/1869 225/96/1869 224/92/1869
f 1225/101/1870 45/102/1870 22/100/1870
f 985/104/1871 1225/101/1871 982/89/1871
f 1226/105/1872 1224/103/1872 1225/101/1872
f 1227/106/1873 220/108/1873 218/110/1873
f 1228/109/1874 218/110/1874 219/114/1874
f 1248/111/1875 219/114/1875 215/113/1875
f 1226/105/1876 217/116/1876 220/108/1876
f 1248/111/1877 1206/122/1877 1220/120/1877
f 1210/121/1878 1205/125/1878 1206/122/1878
f 1209/123/1879 1204/126/1879 1205/125/1879
f 1205/125/1880 21/128/1880 49/143/1880
f 1204/126/1881 73/129/1881 21/128/1881
f 1243/131/1882 211/132/1882 1242/124/1882
f 1241/134/1883 211/132/1883 203/633/1883
f 1247/112/1884 216/136/1884 1243/131/1884
f 884/87/1885 41/137/1885 885/85/1885
f 44/138/1886 1224/103/1886 1223/117/1886
f 51/139/1887 1223/117/1887 1222/118/1887
f 43/140/1888 1222/118/1888 1221/119/1888
f 50/141/1889 1221/119/1889 1220/120/1889
f 46/142/1890 1220/120/1890 1206/122/1890
f 49/143/1891 1206/122/1891 1205/125/1891
f 1203/130/1892 48/144/1892 73/129/1892
f 1240/146/1893 1202/149/1893 1207/634/1893
f 1211/153/1894 1235/147/1894 1234/150/1894
f 1234/150/1895 1212/156/1895 1211/153/1895
f 1211/153/1896 1195/159/1896 1196/158/1896
f 1196/158/1897 20/160/1897 70/643/1897
f 1195/159/1898 19/161/1898 20/160/1898
f 1236/148/1899 199/151/1899 1235/147/1899
f 194/164/1900 1239/166/1900 599/629/1900
f 1213/167/1901 1193/169/1901 1194/162/1901
f 1214/168/1902 1192/172/1902 1193/169/1902
f 1193/169/1903 596/174/1903 163/644/1903
f 596/174/1904 1190/173/1904 595/655/1904
f 1217/179/1905 1189/181/1905 1191/178/1905
f 1216/180/1906 615/182/1906 1189/181/1906
f 1188/184/1907 615/182/1907 614/186/1907
f 617/194/1908 1186/187/1908 616/195/1908
f 616/195/1909 1184/188/1909 612/656/1909
f 1184/188/1910 18/196/1910 612/656/1910
f 1180/197/1911 1172/198/1911 18/196/1911
f 18/196/1912 1172/198/1912 162/202/1912
f 1178/199/56 1172/198/56 1176/198/56
f 162/202/1913 1170/200/1913 565/204/1913
f 565/204/1914 1174/203/1914 564/205/1914
f 564/205/1915 1168/206/1915 563/211/1915
f 1169/203/56 564/205/56 1174/203/56
f 1165/207/1916 563/211/1916 1168/206/1916
f 1165/207/1917 561/213/1917 17/210/1917
f 1164/212/1918 560/657/1918 561/213/1918
f 1164/212/1919 559/215/1919 560/657/1919
f 559/215/1920 1148/216/1920 557/217/1920
f 557/217/1921 1140/218/1921 548/658/1921
f 1140/218/1922 74/219/1922 548/658/1922
f 74/219/1923 1136/221/1923 161/222/1923
f 161/222/1924 1133/223/1924 540/293/1924
f 1136/221/1925 1132/224/1925 1133/223/1925
f 1133/223/1926 1124/226/1926 1123/292/1926
f 1124/226/1927 1130/227/1927 1099/229/1927
f 1124/226/1928 1098/228/1928 1120/282/1928
f 1101/230/1929 1099/229/1929 1100/232/1929
f 180/235/1930 1100/232/1930 176/233/1930
f 174/240/1931 1097/231/1931 173/236/1931
f 1096/242/1932 174/240/1932 175/241/1932
f 1095/239/1933 67/244/1933 66/659/1933
f 171/245/1934 1095/239/1934 66/659/1934
f 1087/247/1935 171/245/1935 172/250/1935
f 1086/248/1936 172/250/1936 170/252/1936
f 1091/251/1937 170/252/1937 494/256/1937
f 1092/254/1938 494/256/1938 493/253/1938
f 1092/254/1939 168/258/1939 1091/251/1939
f 1091/251/1940 319/259/1940 1086/248/1940
f 1086/248/1941 318/260/1941 1085/249/1941
f 1085/249/1942 167/261/1942 1084/262/1942
f 1084/262/1943 317/263/1943 1083/294/1943
f 872/264/1944 949/265/1944 948/271/1944
f 950/267/1945 891/266/1945 892/268/1945
f 892/268/1946 889/269/1946 950/267/1946
f 950/267/1947 888/275/1947 952/545/1947
f 1106/274/1948 140/522/1948 377/277/1948
f 1089/238/1949 1120/282/1949 1098/228/1949
f 1119/283/1950 1121/284/1950 1120/282/1950
f 1121/284/1951 380/289/1951 1125/290/1951
f 1125/290/1952 160/291/1952 1123/292/1952
f 1123/292/1953 540/293/1953 1133/223/1953
f 1124/226/1954 1120/282/1954 1123/292/1954
f 1123/292/1955 1120/282/1955 1125/290/1955
f 1094/278/1956 1083/294/1956 1093/272/1956
f 872/264/1957 975/299/1957 891/266/1957
f 976/300/1958 164/297/1958 165/305/1958
f 977/301/1959 165/305/1959 166/304/1959
f 957/298/56 956/306/56 955/306/56
f 305/308/1960 957/298/1960 304/660/1960
f 955/306/56 305/308/56 956/306/56
f 957/298/1961 300/309/1961 304/660/1961
f 300/309/1962 962/311/1962 303/312/1962
f 961/313/1963 302/314/1963 303/312/1963
f 969/318/1964 961/313/1964 962/311/1964
f 962/311/1965 968/458/1965 969/318/1965
f 968/458/1966 962/311/1966 971/319/1966
f 964/320/1967 958/310/1967 975/299/1967
f 975/299/1968 958/310/1968 957/298/1968
f 971/319/1969 965/302/1969 970/321/1969
f 970/321/1970 963/322/1970 966/331/1970
f 973/324/1971 230/325/1971 229/323/1971
f 227/330/1972 974/327/1972 973/324/1972
f 166/304/1973 973/324/1973 972/303/1973
f 316/295/1974 1083/294/1974 317/263/1974
f 966/331/1975 235/328/1975 234/333/1975
f 967/332/1976 234/333/1976 231/336/1976
f 989/334/1977 231/336/1977 237/338/1977
f 990/337/1978 237/338/1978 233/340/1978
f 991/339/1979 233/340/1979 236/342/1979
f 992/341/1980 236/342/1980 232/346/1980
f 993/343/1981 232/346/1981 239/345/1981
f 992/341/1982 241/347/1982 242/348/1982
f 991/339/1983 242/348/1983 243/349/1983
f 990/337/1984 243/349/1984 244/352/1984
f 244/352/1985 989/334/1985 990/337/1985
f 999/353/1986 246/354/1986 1000/356/1986
f 1001/355/1987 246/354/1987 247/359/1987
f 1002/357/1988 247/359/1988 240/361/1988
f 1061/360/1989 240/361/1989 461/363/1989
f 1061/360/1990 248/362/1990 1003/364/1990
f 1003/364/1991 249/365/1991 1004/367/1991
f 1005/366/1992 249/365/1992 251/370/1992
f 1006/368/1993 251/370/1993 252/373/1993
f 1007/371/1994 252/373/1994 253/375/1994
f 1007/371/1995 408/374/1995 1011/376/1995
f 254/379/1996 1011/376/1996 408/374/1996
f 1009/380/1997 254/379/1997 402/382/1997
f 1008/378/1998 256/383/1998 257/385/1998
f 1010/377/1999 257/385/1999 255/387/1999
f 1010/377/2000 259/386/2000 1012/389/2000
f 1012/389/498 1011/376/498 1010/377/498
f 1015/391/2001 1017/372/2001 1013/388/2001
f 267/392/2002 1013/388/2002 258/393/2002
f 258/393/2003 1012/389/2003 259/386/2003
f 1015/391/2004 266/394/2004 1014/395/2004
f 1014/395/2005 268/396/2005 1016/397/2005
f 265/400/2006 1016/397/2006 268/396/2006
f 1021/398/2007 262/402/2007 1022/403/2007
f 1022/403/2008 261/404/2008 1023/406/2008
f 260/408/2009 1023/406/2009 261/404/2009
f 1068/410/2010 269/414/2010 473/661/2010
f 473/661/2011 1073/409/2011 1068/410/2011
f 1026/418/2012 1067/411/2012 1071/412/2012
f 1067/411/2013 1068/410/2013 1069/413/2013
f 1068/410/2014 1067/411/2014 1026/418/2014
f 1026/418/2015 1027/415/2015 1068/410/2015
f 1069/413/820 1068/410/820 1072/410/820
f 1074/424/2016 271/662/2016 270/423/2016
f 1026/418/56 1028/419/56 1264/419/56 1262/418/56
f 1073/409/56 473/661/56 787/661/56 1274/409/56
f 269/414/56 1027/415/56 1263/415/56 703/414/56
f 1077/663/2017 1078/70/2017 273/426/2017
f 1076/422/56 272/425/56 749/425/56 1306/422/56
f 1072/410/56 1073/409/56 1274/409/56 1273/410/56
f 1081/428/56 1079/70/56 1078/70/56
f 1075/421/56 1076/422/56 1306/422/56 1305/421/56
f 1026/418/56 1071/412/56 1271/412/56 1262/418/56
f 271/662/56 1074/424/56 1304/424/56 744/662/56
f 1071/412/56 1069/413/56 1269/413/56 1271/412/56
f 1070/416/56 1026/418/56 1262/418/56 1270/416/56
f 1024/405/56 1249/405/56 1261/420/56 1025/420/56
f 1074/424/56 1075/421/56 1305/421/56 1304/424/56
f 1080/71/56 1079/70/56 1318/70/56 1319/71/56
f 1066/417/56 1070/416/56 1270/416/56 1265/417/56
f 1081/428/56 1082/429/56 1336/429/56 1335/428/56
f 1079/70/56 1081/428/56 1335/428/56 1318/70/56
f 260/408/56 685/408/56 1249/405/56 1024/405/56
f 1077/663/56 273/426/56 755/426/56 1317/663/56
f 274/427/56 1080/71/56 1319/71/56 758/427/56
f 1027/415/56 1026/418/56 1262/418/56 1263/415/56
f 1028/419/56 1025/420/56 1261/420/56 1264/419/56
f 1069/413/56 1072/410/56 1273/410/56 1269/413/56
f 1022/403/2018 1065/430/2018 1004/367/2018
f 1048/434/2019 1046/433/2019 1063/432/2019
f 1046/433/2020 355/435/2020 354/664/2020
f 352/438/2021 1046/433/2021 354/664/2021
f 353/440/2022 1045/437/2022 352/438/2022
f 1044/439/2023 279/441/2023 1043/442/2023
f 1043/442/2024 291/443/2024 1042/444/2024
f 278/441/56 1043/442/56 279/441/56
f 1042/444/2025 290/445/2025 1037/446/2025
f 1037/446/2026 292/447/2026 1036/448/2026
f 1036/448/2027 275/449/2027 1035/450/2027
f 1035/450/2028 996/451/2028 997/456/2028
f 998/454/2029 1035/450/2029 997/456/2029
f 998/454/2030 987/455/2030 988/457/2030
f 998/454/2031 967/332/2031 994/335/2031
f 988/457/2032 966/331/2032 967/332/2032
f 988/457/2033 971/319/2033 970/321/2033
f 987/455/2034 968/458/2034 971/319/2034
f 295/460/2035 986/459/2035 283/461/2035
f 283/461/2036 996/451/2036 284/462/2036
f 284/462/2037 1029/463/2037 285/464/2037
f 285/464/2038 1030/465/2038 429/481/2038
f 276/466/2039 1029/463/2039 289/467/2039
f 289/467/2040 996/451/2040 275/449/2040
f 1030/465/2041 288/468/2041 1031/469/2041
f 1031/469/2042 287/470/2042 1032/471/2042
f 1032/471/2043 277/472/2043 1033/476/2043
f 1034/473/2044 277/472/2044 293/475/2044
f 1033/476/2045 281/477/2045 286/479/2045
f 1033/476/2046 432/478/2046 1032/471/2046
f 1032/471/2047 282/480/2047 1031/469/2047
f 1031/469/2048 429/481/2048 1030/465/2048
f 996/451/2049 987/455/2049 997/456/2049
f 968/458/2050 294/317/2050 969/318/2050
f 1041/452/2051 999/353/2051 1040/453/2051
f 1040/453/2052 1000/356/2052 1039/483/2052
f 1038/482/2053 1000/356/2053 1001/355/2053
f 1038/482/2054 1036/448/2054 1039/483/2054
f 1039/483/498 1035/450/498 1040/453/498
f 1037/446/2055 1059/358/2055 1042/444/2055
f 1059/358/2056 1043/442/2056 1042/444/2056
f 1043/442/2057 1060/431/2057 1044/439/2057
f 1003/364/2058 1062/484/2058 1061/360/2058
f 1062/484/2059 1002/357/2059 1061/360/2059
f 1065/430/2060 1003/364/2060 1004/367/2060
f 1050/488/2061 356/486/2061 1049/487/2061
f 362/491/2062 1049/487/2062 363/492/2062
f 363/492/2063 1052/485/2063 364/495/2063
f 376/436/2064 364/495/2064 1052/485/2064
f 364/495/2065 1055/496/2065 365/497/2065
f 365/497/2066 1056/498/2066 366/499/2066
f 366/499/2067 1057/500/2067 367/504/2067
f 1058/503/2068 367/504/2068 1057/500/2068
f 371/506/2069 1057/500/2069 372/507/2069
f 372/507/2070 1056/498/2070 373/508/2070
f 373/508/2071 1055/496/2071 374/665/2071
f 1055/496/2072 375/494/2072 374/665/2072
f 1050/488/2073 361/509/2073 1051/490/2073
f 1053/510/2074 361/509/2074 360/512/2074
f 1051/490/2075 359/513/2075 357/489/2075
f 1021/398/498 1004/367/498 1005/366/498
f 1016/397/2076 1020/369/2076 1014/395/2076
f 1014/395/2077 1019/390/2077 1015/391/2077
f 960/315/2078 299/316/2078 298/518/2078
f 959/515/2079 298/518/2079 297/517/2079
f 959/515/2080 302/314/2080 960/315/2080
f 892/268/2081 955/306/2081 887/270/2081
f 1084/262/2082 1087/247/2082 1085/249/2082
f 140/522/2083 1104/520/2083 139/523/2083
f 139/523/2084 1105/524/2084 144/527/2084
f 144/527/2085 1102/525/2085 143/528/2085
f 143/528/2086 1115/529/2086 159/530/2086
f 159/530/2087 1103/531/2087 142/535/2087
f 1114/534/2088 142/535/2088 1103/531/2088
f 1114/534/2089 146/537/2089 157/536/2089
f 146/537/2090 1115/529/2090 158/538/2090
f 158/538/2091 1102/525/2091 1107/526/2091
f 158/538/2092 1108/521/2092 148/666/2092
f 1108/521/2093 147/540/2093 148/666/2093
f 1118/542/2094 1108/521/2094 1106/274/2094
f 1118/542/2095 948/271/2095 953/544/2095
f 951/543/2096 948/271/2096 949/265/2096
f 952/545/2097 949/265/2097 950/267/2097
f 894/547/2098 863/1/2098 865/4/2098
f 893/546/2099 865/4/2099 867/6/2099
f 954/551/2100 896/549/2100 895/550/2100
f 1110/541/2101 954/551/2101 895/550/2101
f 1109/539/2102 953/544/2102 954/551/2102
f 1116/552/2103 58/555/2103 155/554/2103
f 1111/557/2104 154/559/2104 1112/560/2104
f 152/564/2105 1112/560/2105 154/559/2105
f 1112/560/2106 149/565/2106 1111/557/2106
f 147/540/2107 1111/557/2107 149/565/2107
f 1107/526/2108 1104/520/2108 1108/521/2108
f 530/566/2109 1127/569/2109 531/567/2109
f 1129/234/2110 1126/571/2110 1127/569/2110
f 1127/569/2111 1126/571/2111 177/568/2111
f 1126/571/2112 179/572/2112 177/568/2112
f 1143/574/2113 179/572/2113 1135/573/2113
f 1142/577/2114 1135/573/2114 1137/580/2114
f 1135/573/2115 1126/571/2115 1137/580/2115
f 1137/580/2116 1126/571/2116 1131/578/2116
f 1131/578/2117 1128/570/2117 1130/227/2117
f 1099/229/2118 1128/570/2118 1100/232/2118
f 1134/225/2119 1130/227/2119 1132/224/2119
f 1131/578/2120 1138/579/2120 1137/580/2120
f 1137/580/2121 1141/581/2121 1142/577/2121
f 1140/218/2122 1138/579/2122 1139/220/2122
f 1139/220/2123 1134/225/2123 1136/221/2123
f 1141/581/2124 1148/216/2124 1147/582/2124
f 1147/582/2125 1142/577/2125 1141/581/2125
f 1146/583/2126 1143/574/2126 1142/577/2126
f 1150/588/2127 183/589/2127 566/587/2127
f 183/589/2128 1152/591/2128 185/596/2128
f 1153/592/2129 185/596/2129 1152/591/2129
f 569/597/2130 1154/593/2130 186/598/2130
f 186/598/2131 1155/599/2131 184/600/2131
f 184/600/2132 1156/601/2132 187/667/2132
f 1156/601/2133 182/602/2133 187/667/2133
f 1157/603/2134 567/605/2134 182/602/2134
f 1158/604/2135 572/607/2135 567/605/2135
f 1159/606/2136 191/609/2136 572/607/2136
f 1160/608/2137 570/611/2137 191/609/2137
f 1161/610/2138 571/612/2138 570/611/2138
f 571/612/2139 1166/208/2139 190/616/2139
f 1168/206/2140 1174/203/2140 1166/208/2140
f 1166/208/2141 1174/203/2141 1175/614/2141
f 1167/615/2142 190/616/2142 1175/614/2142
f 1175/614/2143 190/616/2143 1166/208/2143
f 1179/620/2144 189/621/2144 1171/618/2144
f 1171/618/2145 193/617/2145 1167/615/2145
f 1179/620/2146 613/191/2146 192/622/2146
f 1181/623/2147 1182/185/2147 1179/620/2147
f 1181/623/2148 1184/188/2148 1183/189/2148
f 1163/214/2149 1162/613/2149 1148/216/2149
f 1162/613/2150 1147/582/2150 1148/216/2150
f 1157/603/2151 1150/588/2151 1149/584/2151
f 1156/601/2152 1151/590/2152 1150/588/2152
f 1151/590/2153 1154/593/2153 1152/591/2153
f 1190/173/2154 617/194/2154 595/655/2154
f 1190/173/2155 1187/190/2155 1185/193/2155
f 1191/178/2156 1188/184/2156 1187/190/2156
f 1216/180/2157 196/624/2157 188/183/2157
f 1218/171/2158 195/626/2158 196/624/2158
f 1231/627/2159 1219/625/2159 1232/157/2159
f 1230/627/2160 195/626/2160 1219/625/2160
f 195/626/2161 1231/627/2161 197/668/2161
f 1231/627/2162 198/155/2162 197/668/2162
f 1238/176/2163 599/629/2163 1239/166/2163
f 1239/166/2164 597/175/2164 1238/176/2164
f 202/630/2165 1237/165/2165 206/631/2165
f 206/631/2166 1236/148/2166 204/632/2166
f 204/632/2167 1240/146/2167 205/669/2167
f 1240/146/2168 203/633/2168 205/669/2168
f 1241/134/2169 1207/634/2169 1208/127/2169
f 1208/127/2170 1203/130/2170 1204/126/2170
f 1207/634/2171 1200/145/2171 1203/130/2171
f 1200/145/2172 1201/152/2172 1199/637/2172
f 1199/637/2173 48/144/2173 1200/145/2173
f 1198/638/2174 69/642/2174 14/640/2174
f 1197/641/2175 70/643/2175 69/642/2175
f 1201/152/2176 1197/641/2176 1199/637/2176
f 1242/124/2177 1208/127/2177 1209/123/2177
f 1194/162/2178 163/644/2178 19/161/2178
f 1212/156/2179 1194/162/2179 1195/159/2179
f 1243/131/2180 222/645/2180 1244/646/2180
f 1244/646/2181 213/647/2181 1245/651/2181
f 1246/649/2182 213/647/2182 214/648/2182
f 1246/649/2183 209/653/2183 1245/651/2183
f 1245/651/2184 207/654/2184 1244/646/2184
f 1244/646/2185 210/133/2185 1243/131/2185
f 1250/670/2186 1249/405/2186 685/408/2186
f 1251/671/2187 1250/670/2187 696/672/2187
f 1251/671/2188 695/674/2188 698/673/2188
f 1253/675/2189 1257/677/2189 1252/676/2189
f 686/678/2190 1253/675/2190 1252/676/2190
f 1253/675/2191 686/678/2191 697/679/2191
f 1254/680/2192 697/679/2192 687/681/2192
f 1256/682/2193 770/684/2193 688/683/2193
f 770/684/2194 1256/682/2194 1255/685/2194
f 699/686/2195 1256/682/2195 688/683/2195
f 1256/682/2196 699/686/2196 694/687/2196
f 1255/685/2197 694/687/2197 700/688/2197
f 1253/675/2198 689/690/2198 690/689/2198
f 689/690/2199 1253/675/2199 1254/680/2199
f 1253/675/2200 701/691/2200 1257/677/2200
f 1257/677/2201 693/693/2201 1258/692/2201
f 1258/692/2202 692/695/2202 1259/694/2202
f 1260/696/2203 1261/420/2203 1259/694/2203
f 1259/694/2204 691/697/2204 1260/696/2204
f 1260/696/2205 702/698/2205 1263/415/2205
f 1264/419/2206 1263/415/2206 1262/418/2206
f 1262/418/2207 1271/412/2207 1272/699/2207
f 1273/410/498 1274/409/498 1277/700/498
f 1277/700/2208 1275/702/2208 1276/701/2208
f 1274/409/2209 788/703/2209 1275/702/2209
f 1275/702/2210 704/705/2210 1284/704/2210
f 704/705/2211 1285/706/2211 1284/704/2211
f 1286/707/2212 723/709/2212 721/708/2212
f 1286/707/2213 722/710/2213 723/709/2213
f 1285/706/2214 718/712/2214 1287/711/2214
f 720/713/2215 1286/707/2215 721/708/2215
f 1286/707/2216 718/712/2216 1285/706/2216
f 1288/714/2217 719/716/2217 712/715/2217
f 1288/714/2218 718/712/2218 719/716/2218
f 1287/711/2219 716/718/2219 1289/717/2219
f 717/719/2220 1288/714/2220 712/715/2220
f 1288/714/2221 716/718/2221 1287/711/2221
f 1289/717/2222 716/718/2222 715/720/2222
f 715/720/2223 1290/721/2223 1289/717/2223
f 1290/721/2224 808/723/2224 1292/722/2224
f 1291/724/2225 731/726/2225 1293/725/2225
f 1292/722/2226 731/726/2226 1291/724/2226
f 1291/724/2227 1314/728/2227 1281/727/2227
f 1291/724/2228 1282/729/2228 1292/722/2228
f 726/730/2229 1281/727/2229 725/731/2229
f 1282/729/2230 727/733/2230 1283/732/2230
f 1280/734/2231 724/736/2231 728/735/2231
f 1283/732/2232 724/736/2232 1280/734/2232
f 1283/732/2233 1289/717/2233 1290/721/2233
f 1287/711/2234 1279/737/2234 1285/706/2234
f 1287/711/2235 1280/734/2235 1279/737/2235
f 1279/737/2236 728/735/2236 705/738/2236
f 705/738/2237 1278/739/2237 1279/737/2237
f 1278/739/2238 710/740/2238 1276/701/2238
f 1276/701/2239 709/741/2239 1277/700/2239
f 709/741/2240 1269/413/2240 1277/700/2240
f 1271/412/2241 713/743/2241 706/742/2241
f 1271/412/2242 708/744/2242 713/743/2242
f 1266/745/2243 706/742/2243 707/746/2243
f 1266/745/2244 1271/412/2244 706/742/2244
f 1267/747/2245 1272/699/2245 1271/412/2245
f 1272/699/2246 1270/416/2246 1262/418/2246
f 1270/416/2247 1268/748/2247 1265/417/2247
f 1259/694/2248 1261/420/2248 1249/405/2248
f 1250/670/498 1258/692/498 1259/694/498
f 1258/692/498 1251/671/498 1252/676/498
f 1261/420/2249 1260/696/2249 1264/419/2249
f 1278/739/498 1275/702/498 1284/704/498
f 1284/704/2250 1279/737/2250 1278/739/2250
f 1292/722/2251 1283/732/2251 1290/721/2251
f 1291/724/2227 1315/749/2227 1314/728/2227
f 1315/749/2252 1297/751/2252 1316/750/2252
f 1293/725/2253 730/752/2253 1297/751/2253
f 1294/753/2254 734/754/2254 1293/725/2254
f 1295/755/2255 1296/757/2255 736/756/2255
f 1295/755/2256 735/758/2256 1294/753/2256
f 1294/753/2257 731/726/2257 732/759/2257
f 1296/757/2258 733/761/2258 729/760/2258
f 1296/757/2259 732/759/2259 733/761/2259
f 1296/757/2260 729/760/2260 736/756/2260
f 1298/762/498 1305/421/498 1297/751/498
f 1298/762/2261 730/752/2261 740/763/2261
f 740/763/2262 1299/764/2262 1298/762/2262
f 738/765/2263 1300/766/2263 1299/764/2263
f 1301/767/2264 1302/768/2264 1300/766/2264
f 1301/767/2265 743/770/2265 737/769/2265
f 1300/766/2266 743/770/2266 1301/767/2266
f 1301/767/2267 737/769/2267 742/771/2267
f 1301/767/2268 745/772/2268 1302/768/2268
f 1302/768/2269 741/774/2269 1303/773/2269
f 1303/773/2270 744/662/2270 1304/424/2270
f 1304/424/2271 1305/421/2271 1298/762/2271
f 749/425/2272 1307/775/2272 1306/422/2272
f 748/776/2273 1308/777/2273 1307/775/2273
f 747/778/2274 1309/779/2274 1308/777/2274
f 746/780/2275 1311/781/2275 1309/779/2275
f 828/782/2276 1310/783/2276 1311/781/2276
f 1310/783/2277 831/785/2277 1313/784/2277
f 1313/784/2278 751/787/2278 1312/786/2278
f 1312/786/2279 761/789/2279 1322/788/2279
f 1322/788/2280 752/791/2280 1321/790/2280
f 1321/790/2281 1320/793/2281 1334/792/2281
f 1320/793/2282 760/795/2282 753/794/2282
f 1320/793/2283 752/791/2283 760/795/2283
f 1320/793/2284 753/794/2284 759/796/2284
f 1320/793/2285 754/797/2285 1319/71/2285
f 1317/663/2286 757/799/2286 756/798/2286
f 1317/663/2287 755/426/2287 757/799/2287
f 1319/71/2288 1318/70/2288 1335/428/2288
f 1334/792/2289 1319/71/2289 1335/428/2289
f 1335/428/2290 1337/800/2290 1334/792/2290
f 1338/801/2291 1334/792/2291 1337/800/2291
f 1333/802/2292 1321/790/2292 1334/792/2292
f 1332/803/2293 1322/788/2293 1333/802/2293
f 1331/804/2294 1312/786/2294 1332/803/2294
f 1330/805/2295 1313/784/2295 1331/804/2295
f 1329/806/2296 1310/783/2296 1330/805/2296
f 1329/806/2297 1309/779/2297 1311/781/2297
f 1325/807/2298 1328/809/2298 1324/808/2298
f 1328/809/2299 1308/777/2299 1309/779/2299
f 1327/810/2300 1325/807/2300 1324/808/2300
f 1325/807/2301 1307/775/2301 1308/777/2301
f 1326/811/2302 1327/810/2302 1324/808/2302
f 1327/810/2303 1306/422/2303 1307/775/2303
f 1326/811/2304 1324/808/2304 1323/812/2304
f 1326/811/2305 1305/421/2305 1306/422/2305
f 1316/750/2306 1323/812/2306 1324/808/2306
f 1323/812/2307 1297/751/2307 1305/421/2307
f 1328/809/2308 1342/813/2308 1324/808/2308
f 1342/813/2309 1330/805/2309 1341/814/2309
f 1341/814/2310 1331/804/2310 1339/815/2310
f 1339/815/2311 1332/803/2311 1340/816/2311
f 1340/816/2312 1333/802/2312 1338/801/2312
f 1304/424/2313 1299/764/2313 1303/773/2313
f 1303/773/498 1300/766/498 1302/768/498
f 1250/670/2314 685/408/2314 696/672/2314
f 1251/671/2315 696/672/2315 695/674/2315
f 1251/671/2316 698/673/2316 1252/676/2316
f 686/678/2317 1252/676/2317 698/673/2317
f 1253/675/2318 697/679/2318 1254/680/2318
f 1254/680/2319 687/681/2319 1255/685/2319
f 770/684/2320 1255/685/2320 687/681/2320
f 1256/682/2321 694/687/2321 1255/685/2321
f 1255/685/2322 700/688/2322 1254/680/2322
f 689/690/2323 1254/680/2323 700/688/2323
f 1253/675/2324 690/689/2324 701/691/2324
f 1257/677/2325 701/691/2325 693/693/2325
f 1258/692/2326 693/693/2326 692/695/2326
f 1259/694/2327 692/695/2327 691/697/2327
f 1260/696/2328 691/697/2328 702/698/2328
f 1264/419/2329 1260/696/2329 1263/415/2329
f 1263/415/2330 702/698/2330 703/414/2330
f 1277/700/498 1269/413/498 1273/410/498
f 1277/700/2331 1274/409/2331 1275/702/2331
f 1274/409/2332 787/661/2332 788/703/2332
f 1275/702/2333 788/703/2333 704/705/2333
f 704/705/2334 722/710/2334 1285/706/2334
f 1286/707/2335 1285/706/2335 722/710/2335
f 1286/707/2336 720/713/2336 718/712/2336
f 1288/714/2337 1287/711/2337 718/712/2337
f 1288/714/2338 717/719/2338 716/718/2338
f 715/720/2339 714/817/2339 1290/721/2339
f 1290/721/2340 714/817/2340 808/723/2340
f 1292/722/2341 808/723/2341 731/726/2341
f 1291/724/2342 1281/727/2342 1282/729/2342
f 726/730/2343 1282/729/2343 1281/727/2343
f 1282/729/2344 726/730/2344 727/733/2344
f 1283/732/2345 727/733/2345 724/736/2345
f 1283/732/2346 1280/734/2346 1289/717/2346
f 1287/711/2347 1289/717/2347 1280/734/2347
f 1279/737/2348 1280/734/2348 728/735/2348
f 705/738/2349 711/818/2349 1278/739/2349
f 1278/739/2350 711/818/2350 710/740/2350
f 1276/701/2351 710/740/2351 709/741/2351
f 709/741/2352 708/744/2352 1269/413/2352
f 1271/412/2353 1269/413/2353 708/744/2353
f 1266/745/2354 1267/747/2354 1271/412/2354
f 1267/747/2355 1268/748/2355 1272/699/2355
f 1270/416/2356 1272/699/2356 1268/748/2356
f 1259/694/2357 1249/405/2357 1250/670/2357
f 1250/670/498 1251/671/498 1258/692/498
f 1258/692/2358 1252/676/2358 1257/677/2358
f 1278/739/498 1276/701/498 1275/702/498
f 1284/704/2359 1285/706/2359 1279/737/2359
f 1292/722/2360 1282/729/2360 1283/732/2360
f 1291/724/2361 1293/725/2361 1315/749/2361
f 1315/749/2362 1293/725/2362 1297/751/2362
f 1293/725/2363 734/754/2363 730/752/2363
f 1294/753/2364 735/758/2364 734/754/2364
f 1295/755/2365 736/756/2365 735/758/2365
f 732/759/2366 1295/755/2366 1294/753/2366
f 1294/753/2367 1293/725/2367 731/726/2367
f 1296/757/2368 1295/755/2368 732/759/2368
f 1298/762/2369 1297/751/2369 730/752/2369
f 740/763/2370 738/765/2370 1299/764/2370
f 738/765/2371 739/819/2371 1300/766/2371
f 1300/766/2372 739/819/2372 743/770/2372
f 1301/767/2373 742/771/2373 745/772/2373
f 1302/768/2374 745/772/2374 741/774/2374
f 1303/773/2375 741/774/2375 744/662/2375
f 749/425/2376 748/776/2376 1307/775/2376
f 748/776/2377 747/778/2377 1308/777/2377
f 747/778/2378 746/780/2378 1309/779/2378
f 746/780/2379 828/782/2379 1311/781/2379
f 828/782/2380 750/820/2380 1310/783/2380
f 1310/783/2381 750/820/2381 831/785/2381
f 1313/784/2382 831/785/2382 751/787/2382
f 1312/786/2383 751/787/2383 761/789/2383
f 1322/788/2384 761/789/2384 752/791/2384
f 1320/793/2385 1321/790/2385 752/791/2385
f 1320/793/2386 759/796/2386 754/797/2386
f 1319/71/2387 754/797/2387 758/427/2387
f 1334/792/2388 1320/793/2388 1319/71/2388
f 1335/428/2389 1336/429/2389 1337/800/2389
f 1338/801/2390 1333/802/2390 1334/792/2390
f 1333/802/2391 1322/788/2391 1321/790/2391
f 1332/803/2392 1312/786/2392 1322/788/2392
f 1331/804/2393 1313/784/2393 1312/786/2393
f 1330/805/2394 1310/783/2394 1313/784/2394
f 1329/806/2395 1311/781/2395 1310/783/2395
f 1329/806/2396 1328/809/2396 1309/779/2396
f 1328/809/2397 1325/807/2397 1308/777/2397
f 1325/807/2398 1327/810/2398 1307/775/2398
f 1327/810/2399 1326/811/2399 1306/422/2399
f 1326/811/2400 1323/812/2400 1305/421/2400
f 1323/812/2401 1316/750/2401 1297/751/2401
f 1328/809/2402 1329/806/2402 1342/813/2402
f 1342/813/2403 1329/806/2403 1330/805/2403
f 1341/814/2404 1330/805/2404 1331/804/2404
f 1339/815/2405 1331/804/2405 1332/803/2405
f 1340/816/2406 1332/803/2406 1333/802/2406
f 1304/424/2407 1298/762/2407 1299/764/2407
f 1303/773/498 1299/764/498 1300/766/498
f 2/1/2408 85/3/2408 1418/2/2408
f 1344/4/2409 1418/2/2409 1419/5/2409
f 1346/6/2410 1419/5/2410 1420/7/2410
f 1348/8/2411 1420/7/2411 1421/9/2411
f 1349/10/2412 1421/9/2412 1422/11/2412
f 1422/11/2413 1423/9/2413 1352/10/2413
f 1415/12/2414 1446/14/2414 1447/13/2414
f 1414/15/2415 1445/16/2415 1446/14/2415
f 1413/17/2416 1444/18/2416 1445/16/2416
f 1412/19/2417 1443/20/2417 1444/18/2417
f 78/21/2418 115/22/2418 1443/20/2418
f 1416/23/2419 1417/12/2419 1423/9/2419
f 1421/9/2420 1415/12/2420 1416/23/2420
f 1420/7/2421 1414/15/2421 1415/12/2421
f 1419/5/2422 1413/17/2422 1414/15/2422
f 1418/2/2423 1412/19/2423 1413/17/2423
f 85/3/2424 78/21/2424 1412/19/2424
f 104/24/2425 1429/26/2425 1424/25/2425
f 1429/26/2426 1434/28/2426 1425/27/2426
f 1434/28/2427 1435/30/2427 1426/29/2427
f 1435/30/2428 1436/32/2428 1427/31/2428
f 1436/32/2429 1437/34/2429 1428/33/2429
f 1432/35/2430 1347/37/2430 1350/36/2430
f 1430/38/2431 1345/39/2431 1347/37/2431
f 1429/26/2432 1343/40/2432 1345/39/2432
f 98/41/2433 1/42/2433 1343/40/2433
f 1432/35/2434 1433/43/2434 1437/34/2434
f 1431/44/2435 1432/35/2435 1436/32/2435
f 1430/38/2436 1431/44/2436 1435/30/2436
f 1429/26/2437 1430/38/2437 1434/28/2437
f 109/45/2438 133/47/2438 1458/46/2438
f 1438/48/2439 1458/46/2439 1459/49/2439
f 1439/50/2440 1459/49/2440 1460/51/2440
f 1440/52/2441 1460/51/2441 1461/53/2441
f 1441/54/2442 1461/53/2442 1462/55/2442
f 121/56/2443 1448/57/2443 1443/20/2443
f 1448/57/2444 1449/58/2444 1444/18/2444
f 1449/58/2445 1450/59/2445 1445/16/2445
f 1450/59/2446 1451/60/2446 1446/14/2446
f 1451/60/2447 1452/61/2447 1447/13/2447
f 1441/54/2448 1442/62/2448 1452/61/2448
f 1440/52/2449 1441/54/2449 1451/60/2449
f 1439/50/2450 1440/52/2450 1450/59/2450
f 1438/48/2451 1439/50/2451 1449/58/2451
f 109/45/2452 1438/48/2452 1448/57/2452
f 1427/31/2453 1428/33/2453 1457/63/2453
f 1426/29/2454 1427/31/2454 1456/64/2454
f 1425/27/2455 1426/29/2455 1455/65/2455
f 1424/25/2456 1425/27/2456 1454/66/2456
f 92/67/2457 1424/25/2457 1453/68/2457
f 1461/53/2458 1456/64/2458 1457/63/2458
f 1460/51/2459 1455/65/2459 1456/64/2459
f 1459/49/2460 1454/66/2460 1455/65/2460
f 1458/46/2461 1453/68/2461 1454/66/2461
f 133/47/2462 127/69/2462 1453/68/2462
f 481/70/56 1791/71/56 480/70/56
f 1350/36/2463 1347/37/2463 1365/72/2463
f 1365/72/2464 1347/37/2464 1366/73/2464
f 1347/37/2465 1345/39/2465 1366/73/2465
f 1366/73/2466 1345/39/2466 1367/74/2466
f 1345/39/2467 1343/40/2467 1367/74/2467
f 1367/74/2468 1343/40/2468 1368/75/2468
f 1343/40/2469 1/42/2469 1368/75/2469
f 1368/75/2470 1/42/2470 29/76/2470
f 29/76/2471 34/77/2471 1368/75/2471
f 1368/75/2472 34/77/2472 1372/78/2472
f 1367/74/2473 1372/78/2473 1371/79/2473
f 1366/73/2474 1371/79/2474 1370/80/2474
f 1370/80/2475 1364/81/2475 1365/72/2475
f 1373/82/2476 1374/83/2476 1371/79/2476
f 1375/84/2477 1374/83/2477 1378/85/2477
f 1374/83/2478 1375/84/2478 1370/80/2478
f 1370/80/2479 1376/86/2479 1369/81/2479
f 1376/86/2480 1375/84/2480 1378/85/2480
f 1377/87/2481 1378/85/2481 1390/88/2481
f 1377/87/2482 1390/88/2482 1666/89/2482
f 1666/89/2483 1390/88/2483 1668/90/2483
f 1668/90/2484 1390/88/2484 1667/91/2484
f 1667/91/2485 1664/93/2485 1548/92/2485
f 1390/88/2486 1374/83/2486 1373/82/2486
f 1390/88/2487 1373/82/2487 1664/93/2487
f 1373/82/2488 34/77/2488 345/94/2488
f 1664/93/2489 1665/95/2489 1548/92/2489
f 1665/95/84 1664/93/84 345/94/84
f 1665/95/2490 344/97/2490 225/96/2490
f 1666/89/2491 1380/98/2491 1377/87/2491
f 1377/87/2492 1380/98/2492 1363/99/2492
f 1380/98/2493 1666/89/2493 1362/100/2493
f 1666/89/2494 1969/101/2494 1362/100/2494
f 1969/101/2495 1968/103/2495 1383/102/2495
f 1668/90/2496 1669/104/2496 1666/89/2496
f 1669/104/2497 1970/105/2497 1969/101/2497
f 1971/106/2498 1973/107/2498 1968/103/2498
f 1970/105/2499 1971/106/2499 1968/103/2499
f 1971/106/2500 1970/105/2500 1544/108/2500
f 1972/109/2501 1973/107/2501 1971/106/2501
f 1972/109/2502 1971/106/2502 1542/110/2502
f 1972/109/2503 1992/111/2503 1973/107/2503
f 1992/111/2504 1539/113/2504 1991/112/2504
f 1992/111/2505 1972/109/2505 1543/114/2505
f 1547/115/2506 1541/116/2506 1668/90/2506
f 1669/104/2507 1668/90/2507 1541/116/2507
f 1970/105/2508 1669/104/2508 1541/116/2508
f 1548/92/2509 1547/115/2509 1667/91/2509
f 1968/103/2510 1973/107/2510 1967/117/2510
f 1967/117/2511 1973/107/2511 1966/118/2511
f 1966/118/2512 1973/107/2512 1965/119/2512
f 1973/107/2513 1992/111/2513 1965/119/2513
f 1965/119/2514 1992/111/2514 1964/120/2514
f 1992/111/2515 1991/112/2515 1954/121/2515
f 1992/111/2516 1954/121/2516 1950/122/2516
f 1954/121/2517 1986/124/2517 1953/123/2517
f 1954/121/2518 1953/123/2518 1949/125/2518
f 1953/123/2519 1952/127/2519 1948/126/2519
f 1949/125/2520 1948/126/2520 1361/128/2520
f 1948/126/2521 1947/130/2521 1407/129/2521
f 1991/112/117 1987/131/117 1986/124/117
f 1986/124/2522 1954/121/2522 1991/112/2522
f 1987/131/2523 1534/133/2523 1535/132/2523
f 1985/134/2524 1986/124/2524 1535/132/2524
f 1539/113/2525 1545/135/2525 1991/112/2525
f 1991/112/2526 1545/135/2526 1540/136/2526
f 1377/87/2527 1363/99/2527 1379/137/2527
f 1382/138/2528 1383/102/2528 1968/103/2528
f 1389/139/2529 1382/138/2529 1967/117/2529
f 1381/140/2530 1389/139/2530 1966/118/2530
f 1388/141/2531 1381/140/2531 1965/119/2531
f 1384/142/2532 1388/141/2532 1964/120/2532
f 1387/143/2533 1384/142/2533 1950/122/2533
f 1947/130/2534 1944/145/2534 1386/144/2534
f 1984/146/2535 1980/148/2535 1979/147/2535
f 1984/146/2536 1979/147/2536 1946/149/2536
f 1978/150/2537 1979/147/2537 1523/151/2537
f 1946/149/2538 1955/153/2538 1945/152/2538
f 1955/153/2539 1946/149/2539 1979/147/2539
f 1977/154/2540 1978/150/2540 1522/155/2540
f 1977/154/2541 1976/157/2541 1956/156/2541
f 1978/150/2542 1977/154/2542 1956/156/2542
f 1955/153/2543 1940/158/2543 1945/152/2543
f 1955/153/2544 1956/156/2544 1939/159/2544
f 1940/158/2545 1939/159/2545 1360/160/2545
f 1939/159/2546 1938/162/2546 1359/161/2546
f 1980/148/2547 1518/164/2547 1524/163/2547
f 1980/148/2548 1524/163/2548 1523/151/2548
f 1980/148/2549 1981/165/2549 1518/164/2549
f 1518/164/2550 1981/165/2550 1983/166/2550
f 1957/167/2551 1956/156/2551 1976/157/2551
f 1976/157/2552 1958/168/2552 1957/167/2552
f 1957/167/2553 1958/168/2553 1937/169/2553
f 1959/170/2554 1958/168/2554 1962/171/2554
f 1936/172/2555 1959/170/2555 1934/173/2555
f 1958/168/2556 1959/170/2556 1936/172/2556
f 1937/169/2557 1936/172/2557 1904/174/2557
f 1904/174/2558 1936/172/2558 1934/173/2558
f 1905/175/2559 1525/177/2559 1982/176/2559
f 1934/173/2560 1959/170/2560 1935/178/2560
f 1959/170/2561 1961/179/2561 1935/178/2561
f 1961/179/2562 1962/171/2562 1960/180/2562
f 1961/179/2563 1960/180/2563 1933/181/2563
f 1960/180/2564 1512/183/2564 1923/182/2564
f 1932/184/2565 1922/186/2565 1926/185/2565
f 1932/184/2566 1933/181/2566 1923/182/2566
f 1523/151/2567 1522/155/2567 1978/150/2567
f 1930/187/2568 1927/189/2568 1928/188/2568
f 1930/187/2569 1931/190/2569 1927/189/2569
f 1931/190/2570 1932/184/2570 1927/189/2570
f 1927/189/2571 1932/184/2571 1926/185/2571
f 1926/185/2572 1919/192/2572 1921/191/2572
f 1922/186/2573 1919/192/2573 1926/185/2573
f 1929/193/2574 1931/190/2574 1930/187/2574
f 1925/194/2575 1929/193/2575 1930/187/2575
f 1924/195/2576 1930/187/2576 1928/188/2576
f 1928/188/2577 1917/197/2577 1358/196/2577
f 1913/198/2578 1917/197/2578 1915/199/2578
f 1909/198/56 1917/197/56 1913/198/56
f 1902/200/2579 1915/199/2579 1910/201/2579
f 1915/199/2580 1902/200/2580 1909/198/2580
f 1486/202/2581 1909/198/2581 1902/200/2581
f 1902/200/2582 1910/201/2582 1911/203/2582
f 1873/204/2583 1902/200/2583 1911/203/2583
f 1872/205/2584 1901/203/2584 1900/206/2584
f 1900/206/2585 1898/208/2585 1897/207/2585
f 1870/209/2586 1897/207/2586 1357/210/2586
f 1897/207/2587 1870/209/2587 1871/211/2587
f 1897/207/2588 1898/208/2588 1896/212/2588
f 1897/207/2589 1896/212/2589 1869/213/2589
f 1896/212/2590 1898/208/2590 1895/214/2590
f 1896/212/2591 1895/214/2591 1867/215/2591
f 1867/215/2592 1895/214/2592 1866/216/2592
f 1865/217/2593 1866/216/2593 1857/218/2593
f 1857/218/2594 1854/220/2594 1408/219/2594
f 1408/219/2595 1854/220/2595 1851/221/2595
f 1485/222/2596 1851/221/2596 1847/223/2596
f 1851/221/2597 1849/225/2597 1846/224/2597
f 1847/223/2598 1846/224/2598 1836/226/2598
f 1836/226/2599 1846/224/2599 1844/227/2599
f 1836/226/2600 1811/229/2600 1810/228/2600
f 1813/230/2601 1809/231/2601 1810/228/2601
f 1813/230/2602 1810/228/2602 1811/229/2602
f 1812/232/2603 1843/234/2603 1500/233/2603
f 1504/235/2604 1497/236/2604 1813/230/2604
f 1504/235/2605 1813/230/2605 1812/232/2605
f 1813/230/2606 1497/236/2606 1809/231/2606
f 1800/237/2607 1799/238/2607 1809/231/2607
f 1800/237/2608 1498/240/2608 1807/239/2608
f 1498/240/2609 1800/237/2609 1809/231/2609
f 1499/241/2610 1402/243/2610 1808/242/2610
f 1808/242/2611 1807/239/2611 1498/240/2611
f 1808/242/2612 1402/243/2612 1401/244/2612
f 1807/239/2613 1808/242/2613 1401/244/2613
f 1800/237/2614 1495/245/2614 1799/238/2614
f 1495/245/2615 1800/237/2615 1807/239/2615
f 1799/238/2616 1495/245/2616 1798/246/2616
f 1797/247/2617 1798/246/2617 1495/245/2617
f 1796/248/2618 1795/249/2618 1797/247/2618
f 1796/248/2619 1797/247/2619 1496/250/2619
f 1803/251/2620 1796/248/2620 1494/252/2620
f 1801/253/2621 1493/255/2621 1804/254/2621
f 1804/254/2622 1803/251/2622 1802/256/2622
f 1804/254/2623 1493/255/2623 1642/257/2623
f 1804/254/2624 1642/257/2624 1492/258/2624
f 1803/251/2625 1492/258/2625 1641/259/2625
f 1796/248/2626 1641/259/2626 1640/260/2626
f 1795/249/2627 1640/260/2627 1491/261/2627
f 1794/262/2628 1491/261/2628 1639/263/2628
f 1353/264/2629 1394/266/2629 1630/265/2629
f 1631/267/2630 1630/265/2630 1394/266/2630
f 1395/268/2631 53/270/2631 55/269/2631
f 1629/271/2632 1805/272/2632 1353/264/2632
f 1829/273/2633 1818/274/2633 1805/272/2633
f 1829/273/2634 1805/272/2634 1629/271/2634
f 1631/267/2635 55/269/2635 54/275/2635
f 1818/274/2636 1694/277/2636 1355/276/2636
f 1806/278/2637 1818/274/2637 1355/276/2637
f 1799/238/2638 1798/246/2638 1806/278/2638
f 1834/279/2639 1695/281/2639 1411/280/2639
f 1799/238/2640 1831/283/2640 1832/282/2640
f 1831/283/2641 1834/279/2641 1833/284/2641
f 1799/238/2642 1806/278/2642 1831/283/2642
f 1833/284/2643 1834/279/2643 1409/285/2643
f 1409/285/2644 1834/279/2644 1411/280/2644
f 1833/284/2645 1409/285/2645 1696/286/2645
f 1833/284/2646 1696/286/2646 1410/287/2646
f 1833/284/2647 1410/287/2647 1356/288/2647
f 1833/284/2648 1356/288/2648 1697/289/2648
f 1837/290/2649 1697/289/2649 1484/291/2649
f 1835/292/2650 1484/291/2650 1848/293/2650
f 1837/290/2651 1832/282/2651 1833/284/2651
f 1810/228/2652 1809/231/2652 1799/238/2652
f 1798/246/2653 1794/262/2653 1806/278/2653
f 1806/278/2654 1805/272/2654 1818/274/2654
f 1806/278/2655 1794/262/2655 1793/294/2655
f 1638/295/2656 1637/296/2656 1353/264/2656
f 1637/296/2657 1488/297/2657 1353/264/2657
f 1394/266/2658 1643/298/2658 1395/268/2658
f 1643/298/2659 1394/266/2659 1661/299/2659
f 1662/300/2660 1663/301/2660 1661/299/2660
f 1353/264/2661 1662/300/2661 1661/299/2661
f 1662/300/2662 1353/264/2662 1488/297/2662
f 1661/299/2663 1663/301/2663 1651/302/2663
f 1651/302/2664 1663/301/2664 1658/303/2664
f 1658/303/2665 1663/301/2665 1490/304/2665
f 1663/301/2666 1662/300/2666 1489/305/2666
f 322/306/2667 1628/308/2667 306/307/2667
f 1628/308/2668 321/306/2668 1643/298/2668
f 1643/298/2669 1644/310/2669 1623/309/2669
f 1623/309/2670 1644/310/2670 1648/311/2670
f 1648/311/2671 1647/313/2671 1626/312/2671
f 1647/313/2672 1646/315/2672 1625/314/2672
f 1647/313/2673 1617/317/2673 1622/316/2673
f 1655/318/2674 1617/317/2674 1647/313/2674
f 1657/319/2675 1648/311/2675 1650/320/2675
f 1650/320/2676 1648/311/2676 1644/310/2676
f 1650/320/2677 1661/299/2677 1651/302/2677
f 1657/319/2678 1650/320/2678 1651/302/2678
f 1656/321/2679 1651/302/2679 1649/322/2679
f 1649/322/2680 1658/303/2680 1552/323/2680
f 1651/302/2681 1658/303/2681 1649/322/2681
f 1658/303/2682 1659/324/2682 1552/323/2682
f 1553/325/2683 1660/327/2683 1551/326/2683
f 1659/324/2684 1660/327/2684 1553/325/2684
f 1649/322/2685 1552/323/2685 1558/328/2685
f 1551/326/2686 1660/327/2686 1549/329/2686
f 1550/330/2687 1549/329/2687 1660/327/2687
f 1490/304/2688 1550/330/2688 1659/324/2688
f 1638/295/2689 1353/264/2689 1793/294/2689
f 1652/331/2690 1649/322/2690 1558/328/2690
f 1653/332/2691 1652/331/2691 1557/333/2691
f 1701/334/117 1706/335/117 1653/332/117
f 1701/334/2692 1653/332/2692 1554/336/2692
f 1702/337/2693 1701/334/2693 1560/338/2693
f 1703/339/2694 1702/337/2694 1556/340/2694
f 1704/341/2695 1703/339/2695 1559/342/2695
f 1705/343/2696 1562/345/2696 1561/344/2696
f 1705/343/2697 1704/341/2697 1555/346/2697
f 1564/347/2698 1705/343/2698 1561/344/2698
f 1704/341/2699 1705/343/2699 1564/347/2699
f 1703/339/2700 1704/341/2700 1565/348/2700
f 1702/337/2701 1703/339/2701 1566/349/2701
f 1707/350/2702 1706/335/2702 1701/334/2702
f 1707/350/2703 1567/352/2703 1568/351/2703
f 1567/352/2704 1707/350/2704 1701/334/2704
f 1707/350/2705 1568/351/2705 1711/353/2705
f 1711/353/2706 1568/351/2706 1569/354/2706
f 1713/355/2707 1712/356/2707 1569/354/2707
f 1714/357/2708 1774/358/2708 1713/355/2708
f 1714/357/2709 1713/355/2709 1570/359/2709
f 1777/360/2710 1714/357/2710 1563/361/2710
f 1777/360/2711 1776/363/2711 1571/362/2711
f 1715/364/2712 1571/362/2712 1572/365/2712
f 1717/366/2713 1716/367/2713 1572/365/2713
f 1718/368/2714 1735/369/2714 1717/366/2714
f 1718/368/2715 1717/366/2715 1574/370/2715
f 1721/371/2716 1732/372/2716 1718/368/2716
f 1721/371/2717 1718/368/2717 1575/373/2717
f 1721/371/2718 1576/375/2718 1725/374/2718
f 1726/376/117 1722/378/117 1724/377/117
f 1577/379/2719 1722/378/2719 1726/376/2719
f 1723/380/2720 1719/382/2720 1573/381/2720
f 1723/380/2721 1722/378/2721 1577/379/2721
f 1579/383/2722 1723/380/2722 1720/384/2722
f 1722/378/2723 1723/380/2723 1579/383/2723
f 1724/377/2724 1722/378/2724 1580/385/2724
f 1724/377/2725 1578/387/2725 1582/386/2725
f 1728/388/2726 1732/372/2726 1727/389/2726
f 1732/372/2727 1721/371/2727 1727/389/2727
f 1727/389/117 1721/371/117 1726/376/117
f 1732/372/2728 1734/390/2728 1718/368/2728
f 1730/391/2729 1734/390/2729 1732/372/2729
f 1590/392/2730 1730/391/2730 1728/388/2730
f 1581/393/2731 1728/388/2731 1727/389/2731
f 1730/391/2732 1590/392/2732 1589/394/2732
f 1729/395/2733 1589/394/2733 1591/396/2733
f 1731/397/117 1736/398/117 1717/366/117
f 1736/398/2734 1588/400/2734 1587/399/2734
f 1588/400/2735 1736/398/2735 1731/397/2735
f 1736/398/2736 1587/399/2736 1586/401/2736
f 1736/398/2737 1586/401/2737 1585/402/2737
f 1737/403/2738 1585/402/2738 1584/404/2738
f 1739/405/2739 465/407/2739 1738/406/2739
f 1583/408/2740 1739/405/2740 1738/406/2740
f 1787/409/2741 1786/410/2741 1781/410/2741
f 1780/411/2742 1782/413/2742 1784/412/2742
f 1781/410/2743 1742/415/2743 1592/414/2743
f 1783/416/2744 467/417/2744 465/407/2744
f 1783/416/2745 465/407/2745 1741/418/2745
f 1741/418/2746 465/407/2746 1743/419/2746
f 1743/419/2747 465/407/2747 1740/420/2747
f 1740/420/2748 465/407/2748 1739/405/2748
f 1789/421/2749 1593/423/2749 1790/422/2749
f 1788/424/2750 1593/423/2750 1789/421/2750
f 1790/422/2751 1593/423/2751 1595/425/2751
f 480/70/2752 1597/427/2752 1596/426/2752
f 1791/71/2753 1597/427/2753 480/70/2753
f 1792/428/2754 480/70/2754 484/429/2754
f 465/407/2755 1779/430/2755 1738/406/2755
f 1737/403/2756 1738/406/2756 1779/430/2756
f 1779/430/2757 464/432/2757 1775/431/2757
f 465/407/2758 464/432/2758 1779/430/2758
f 1775/431/2759 464/432/2759 1763/433/2759
f 448/434/56 447/434/56 1763/433/56
f 447/434/2760 376/436/2760 1673/435/2760
f 1763/433/2761 447/434/2761 1673/435/2761
f 1763/433/2762 1762/437/2762 1775/431/2762
f 1670/438/2763 1762/437/2763 1763/433/2763
f 1762/437/2764 1761/439/2764 1775/431/2764
f 1671/440/2765 1761/439/2765 1762/437/2765
f 1761/439/2766 1671/440/2766 1602/441/2766
f 1760/442/2767 1601/441/2767 1614/443/2767
f 1759/444/2768 1614/443/2768 1613/445/2768
f 1754/446/2769 1613/445/2769 1615/447/2769
f 1753/448/2770 1615/447/2770 1598/449/2770
f 1752/450/2771 1598/449/2771 1708/451/2771
f 1758/452/117 1757/453/117 1752/450/117
f 1710/454/2772 1706/335/2772 1758/452/2772
f 1710/454/2773 1758/452/2773 1752/450/2773
f 1710/454/2774 1709/456/2774 1699/455/2774
f 1710/454/2775 1700/457/2775 1653/332/2775
f 1700/457/2776 1656/321/2776 1652/331/2776
f 1700/457/2777 1699/455/2777 1657/319/2777
f 1699/455/2778 1698/459/2778 1654/458/2778
f 1618/460/2779 1654/458/2779 1698/459/2779
f 1606/461/2780 1698/459/2780 1708/451/2780
f 1607/462/2781 1708/451/2781 1744/463/2781
f 1608/464/2782 1744/463/2782 1745/465/2782
f 1599/466/2783 1745/465/2783 1744/463/2783
f 1612/467/2784 1744/463/2784 1708/451/2784
f 1745/465/2785 1599/466/2785 1611/468/2785
f 1747/469/2786 1611/468/2786 1610/470/2786
f 1748/471/2787 1610/470/2787 1600/472/2787
f 1751/473/2788 1616/475/2788 1603/474/2788
f 1751/473/2789 1750/476/2789 1600/472/2789
f 1604/477/2790 1751/473/2790 1603/474/2790
f 1750/476/2791 1751/473/2791 1604/477/2791
f 1750/476/2792 1609/479/2792 1749/478/2792
f 1748/471/2793 1749/478/2793 1605/480/2793
f 1747/469/2794 1605/480/2794 1746/481/2794
f 1708/451/2795 1698/459/2795 1699/455/2795
f 1654/458/2796 1618/460/2796 1617/317/2796
f 1758/452/2797 1706/335/2797 1707/350/2797
f 1758/452/2798 1707/350/2798 1711/353/2798
f 1757/453/2799 1711/353/2799 1712/356/2799
f 1755/482/2800 1713/355/2800 1774/358/2800
f 1755/482/2801 1756/483/2801 1712/356/2801
f 1755/482/2802 1754/446/2802 1753/448/2802
f 1756/483/2803 1753/448/2803 1752/450/2803
f 1754/446/2804 1755/482/2804 1774/358/2804
f 1774/358/2805 1778/484/2805 1760/442/2805
f 1760/442/2806 1778/484/2806 1775/431/2806
f 1715/364/2807 1775/431/2807 1778/484/2807
f 1778/484/2808 1774/358/2808 1714/357/2808
f 1779/430/2809 1775/431/2809 1715/364/2809
f 376/436/2810 1767/485/2810 1673/435/2810
f 1673/435/2811 1767/485/2811 1674/486/2811
f 1767/485/2812 1764/487/2812 1674/486/2812
f 1765/488/2813 1766/490/2813 1675/489/2813
f 1765/488/2814 1675/489/2814 1674/486/2814
f 1680/491/2815 1765/488/2815 1764/487/2815
f 1681/492/2816 1764/487/2816 1767/485/2816
f 1769/493/2817 376/436/2817 1693/494/2817
f 376/436/2818 1769/493/2818 1682/495/2818
f 1682/495/2819 1769/493/2819 1770/496/2819
f 1683/497/2820 1770/496/2820 1771/498/2820
f 1684/499/2821 1771/498/2821 1772/500/2821
f 1686/501/2822 1773/503/2822 1687/502/2822
f 1773/503/2823 1686/501/2823 1685/504/2823
f 1773/503/2824 1689/506/2824 1688/505/2824
f 1689/506/2825 1773/503/2825 1772/500/2825
f 1690/507/2826 1772/500/2826 1771/498/2826
f 1691/508/2827 1771/498/2827 1770/496/2827
f 1770/496/2828 1769/493/2828 1693/494/2828
f 1773/503/2829 1688/505/2829 1687/502/2829
f 1765/488/2830 1680/491/2830 1679/509/2830
f 1768/510/2831 1678/512/2831 1676/511/2831
f 1768/510/2832 1766/490/2832 1679/509/2832
f 1677/513/2833 1768/510/2833 1676/511/2833
f 1766/490/2834 1768/510/2834 1677/513/2834
f 1736/398/117 1737/403/117 1716/367/117
f 1731/397/2835 1717/366/2835 1733/514/2835
f 1733/514/2836 1717/366/2836 1735/369/2836
f 1731/397/2837 1733/514/2837 1735/369/2837
f 1734/390/2838 1735/369/2838 1718/368/2838
f 1729/395/2839 1735/369/2839 1734/390/2839
f 1720/384/2840 1723/380/2840 1573/381/2840
f 1646/315/2841 1647/313/2841 1622/316/2841
f 1645/515/2842 1620/517/2842 1619/516/2842
f 1645/515/2843 1646/315/2843 1621/518/2843
f 1624/519/2844 1645/515/2844 1619/516/2844
f 1645/515/2845 1624/519/2845 1625/314/2845
f 1395/268/2846 1643/298/2846 321/306/2846
f 1794/262/2847 1798/246/2847 1797/247/2847
f 1816/520/2848 1818/274/2848 1820/521/2848
f 1464/522/2849 1818/274/2849 1816/520/2849
f 1463/523/2850 1816/520/2850 1817/524/2850
f 1814/525/2851 1817/524/2851 1819/526/2851
f 1468/527/2852 1817/524/2852 1814/525/2852
f 1467/528/2853 1814/525/2853 1827/529/2853
f 1483/530/2854 1827/529/2854 1815/531/2854
f 1469/532/2855 1826/534/2855 1465/533/2855
f 1826/534/2856 1469/532/2856 1466/535/2856
f 1826/534/2857 1481/536/2857 1465/533/2857
f 1826/534/2858 1815/531/2858 1470/537/2858
f 1470/537/2859 1815/531/2859 1827/529/2859
f 1482/538/2860 1827/529/2860 1814/525/2860
f 1482/538/2861 1819/526/2861 1820/521/2861
f 1821/539/2862 1822/541/2862 1471/540/2862
f 1820/521/2863 1821/539/2863 1471/540/2863
f 1830/542/2864 1821/539/2864 1820/521/2864
f 1829/273/2865 1830/542/2865 1818/274/2865
f 1830/542/2866 1829/273/2866 1629/271/2866
f 1633/543/2867 1635/544/2867 1629/271/2867
f 1634/545/2868 1633/543/2868 1630/265/2868
f 1633/543/2869 1634/545/2869 1396/546/2869
f 1634/545/2870 54/275/2870 1397/547/2870
f 1397/547/2871 54/275/2871 56/548/2871
f 1397/547/2872 56/548/2872 2/1/2872
f 1396/546/2873 1634/545/2873 1397/547/2873
f 1396/546/2874 1397/547/2874 1344/4/2874
f 1396/546/2875 1346/6/2875 1399/549/2875
f 1346/6/2876 1348/8/2876 1399/549/2876
f 1348/8/2877 1349/10/2877 1398/550/2877
f 1398/550/2878 1399/549/2878 1348/8/2878
f 1399/549/2879 1633/543/2879 1396/546/2879
f 1636/551/2880 1633/543/2880 1399/549/2880
f 1822/541/2881 1398/550/2881 1828/552/2881
f 1822/541/2882 1821/539/2882 1636/551/2882
f 1821/539/2883 1830/542/2883 1635/544/2883
f 1636/551/2884 1635/544/2884 1633/543/2884
f 1398/550/2885 1349/10/2885 1828/552/2885
f 1828/552/2886 1479/554/2886 1480/553/2886
f 1349/10/2887 1351/556/2887 1392/555/2887
f 1392/555/2888 1828/552/2888 1349/10/2888
f 1828/552/2889 1480/553/2889 1823/557/2889
f 1823/557/2890 1480/553/2890 1477/558/2890
f 1823/557/2891 1477/558/2891 1478/559/2891
f 1824/560/2892 1825/562/2892 1474/561/2892
f 1825/562/2893 1476/564/2893 1475/563/2893
f 1476/564/2894 1825/562/2894 1824/560/2894
f 1825/562/2895 1475/563/2895 1474/561/2895
f 1824/560/2896 1474/561/2896 1473/565/2896
f 1823/557/117 1822/541/117 1828/552/117
f 1471/540/2897 1822/541/2897 1823/557/2897
f 1819/526/2898 1817/524/2898 1816/520/2898
f 1793/294/2899 1353/264/2899 1805/272/2899
f 1843/234/2900 1838/566/2900 1500/233/2900
f 1839/567/2901 1841/569/2901 1501/568/2901
f 1838/566/498 1839/567/498 1501/568/498
f 1838/566/2902 1843/234/2902 1841/569/2902
f 1843/234/2903 1812/232/2903 1842/570/2903
f 1843/234/2904 1842/570/2904 1840/571/2904
f 1840/571/2905 1850/573/2905 1503/572/2905
f 1860/574/2906 1862/576/2906 1855/575/2906
f 1860/574/2907 1855/575/2907 1503/572/2907
f 1859/577/2908 1860/574/2908 1850/573/2908
f 1845/578/2909 1840/571/2909 1842/570/2909
f 1811/229/2910 1844/227/2910 1842/570/2910
f 1849/225/2911 1845/578/2911 1844/227/2911
f 1845/578/2912 1849/225/2912 1853/579/2912
f 1852/580/2913 1853/579/2913 1858/581/2913
f 1857/218/2914 1858/581/2914 1853/579/2914
f 1854/220/2915 1853/579/2915 1849/225/2915
f 1858/581/2916 1857/218/2916 1866/216/2916
f 1864/582/2917 1881/584/2917 1863/583/2917
f 1864/582/2918 1863/583/2918 1859/577/2918
f 1863/583/2919 1502/586/2919 1861/585/2919
f 1861/585/2920 1862/576/2920 1860/574/2920
f 1863/583/2921 1861/585/2921 1860/574/2921
f 1863/583/2922 1881/584/2922 1502/586/2922
f 1881/584/2923 1874/587/2923 1502/586/2923
f 1881/584/2924 1882/588/2924 1874/587/2924
f 1882/588/2925 1883/590/2925 1507/589/2925
f 1507/589/2926 1883/590/2926 1884/591/2926
f 1885/592/2927 1884/591/2927 1886/593/2927
f 1885/592/2928 1505/595/2928 1876/594/2928
f 1885/592/2929 1876/594/2929 1509/596/2929
f 1885/592/2930 1877/597/2930 1505/595/2930
f 1877/597/2931 1885/592/2931 1886/593/2931
f 1510/598/2932 1886/593/2932 1887/599/2932
f 1508/600/2933 1887/599/2933 1888/601/2933
f 1888/601/2934 1889/603/2934 1506/602/2934
f 1889/603/2935 1881/584/2935 1890/604/2935
f 1889/603/2936 1890/604/2936 1875/605/2936
f 1890/604/2937 1881/584/2937 1891/606/2937
f 1890/604/2938 1891/606/2938 1880/607/2938
f 1891/606/2939 1881/584/2939 1892/608/2939
f 1891/606/2940 1892/608/2940 1515/609/2940
f 1892/608/2941 1881/584/2941 1893/610/2941
f 1892/608/2942 1893/610/2942 1878/611/2942
f 1893/610/2943 1894/613/2943 1879/612/2943
f 1879/612/2944 1894/613/2944 1898/208/2944
f 1912/614/2945 1910/201/2945 1899/615/2945
f 1911/203/2946 1910/201/2946 1912/614/2946
f 1911/203/56 1900/206/56 1901/203/56
f 1514/616/2947 1899/615/2947 1517/617/2947
f 1908/618/2948 1899/615/2948 1914/619/2948
f 1914/619/2949 1916/620/2949 1908/618/2949
f 1916/620/2950 1516/622/2950 1513/621/2950
f 1908/618/2951 1513/621/2951 1517/617/2951
f 1916/620/2952 1926/185/2952 1921/191/2952
f 1916/620/2953 1914/619/2953 1918/623/2953
f 1918/623/2954 1927/189/2954 1926/185/2954
f 1918/623/2955 1915/199/2955 1917/197/2955
f 1918/623/2956 1917/197/2956 1928/188/2956
f 1915/199/2957 1918/623/2957 1914/619/2957
f 1914/619/2958 1910/201/2958 1915/199/2958
f 1910/201/2959 1914/619/2959 1899/615/2959
f 1895/214/2960 1898/208/2960 1894/613/2960
f 1893/610/2961 1881/584/2961 1864/582/2961
f 1894/613/2962 1893/610/2962 1864/582/2962
f 1889/603/2963 1888/601/2963 1882/588/2963
f 1888/601/2964 1887/599/2964 1883/590/2964
f 1883/590/2965 1887/599/2965 1886/593/2965
f 1934/173/2966 1929/193/2966 1925/194/2966
f 1934/173/2967 1935/178/2967 1931/190/2967
f 1935/178/117 1933/181/117 1932/184/117
f 1960/180/2968 1962/171/2968 1520/624/2968
f 1962/171/2969 1958/168/2969 1963/625/2969
f 1962/171/2970 1963/625/2970 1519/626/2970
f 1975/627/2971 1976/157/2971 1977/154/2971
f 1975/627/2972 1974/627/2972 1963/625/2972
f 1975/627/2973 1519/626/2973 1974/627/2973
f 1975/627/2974 1977/154/2974 1522/155/2974
f 1963/625/2975 1958/168/2975 1976/157/2975
f 1961/179/2976 1959/170/2976 1962/171/2976
f 1525/177/2977 1906/628/2977 1982/176/2977
f 1982/176/2978 1906/628/2978 1907/629/2978
f 1983/166/2979 1526/630/2979 1905/175/2979
f 1526/630/2980 1983/166/2980 1981/165/2980
f 1530/631/2981 1981/165/2981 1980/148/2981
f 1528/632/2982 1980/148/2982 1984/146/2982
f 1984/146/2983 1985/134/2983 1527/633/2983
f 1985/134/2984 1984/146/2984 1951/634/2984
f 1952/127/2985 1951/634/2985 1947/130/2985
f 1951/634/2986 1946/149/2986 1944/145/2986
f 1944/145/2987 1946/149/2987 1945/152/2987
f 1406/635/2988 1943/637/2988 1405/636/2988
f 1943/637/2989 1406/635/2989 1386/144/2989
f 1943/637/2990 1942/638/2990 1405/636/2990
f 1405/636/2991 1942/638/2991 1385/639/2991
f 1385/639/2992 1942/638/2992 1354/640/2992
f 1941/641/2993 1942/638/2993 1943/637/2993
f 1942/638/2994 1941/641/2994 1403/642/2994
f 1941/641/2995 1940/158/2995 1404/643/2995
f 1945/152/2996 1940/158/2996 1941/641/2996
f 1986/124/2997 1985/134/2997 1952/127/2997
f 1938/162/2998 1937/169/2998 1487/644/2998
f 1956/156/2999 1957/167/2999 1938/162/2999
f 1987/131/3000 1540/136/3000 1546/645/3000
f 1988/646/3001 1546/645/3001 1537/647/3001
f 1538/648/3002 1532/650/3002 1990/649/3002
f 1990/649/3003 1989/651/3003 1537/647/3003
f 1990/649/3004 1532/650/3004 1536/652/3004
f 1990/649/3005 1536/652/3005 1533/653/3005
f 1989/651/3006 1533/653/3006 1531/654/3006
f 1988/646/3007 1531/654/3007 1534/133/3007
f 1667/91/3008 1547/115/3008 1668/90/3008
f 1373/82/3009 1372/78/3009 34/77/3009
f 1390/88/3010 1378/85/3010 1374/83/3010
f 345/94/608 1664/93/608 1373/82/608
f 1834/279/3011 1831/283/3011 1806/278/3011
f 1834/279/3012 1806/278/3012 1695/281/3012
f 1695/281/3013 1806/278/3013 1355/276/3013
f 2/1/3014 1418/2/3014 1344/4/3014
f 1344/4/3015 1419/5/3015 1346/6/3015
f 1346/6/3016 1420/7/3016 1348/8/3016
f 1348/8/3017 1421/9/3017 1349/10/3017
f 1349/10/3018 1422/11/3018 1351/556/3018
f 1422/11/3019 1352/10/3019 1351/556/3019
f 1447/13/3020 1417/12/3020 1416/23/3020
f 1415/12/2414 1447/13/2414 1416/23/2414
f 1414/15/2415 1446/14/2415 1415/12/2415
f 1413/17/3021 1445/16/3021 1414/15/3021
f 1412/19/3022 1444/18/3022 1413/17/3022
f 78/21/2424 1443/20/2424 1412/19/2424
f 1416/23/3023 1423/9/3023 1422/11/3023
f 1421/9/3024 1416/23/3024 1422/11/3024
f 1420/7/3025 1415/12/3025 1421/9/3025
f 1419/5/3026 1414/15/3026 1420/7/3026
f 1418/2/3027 1413/17/3027 1419/5/3027
f 85/3/3028 1412/19/3028 1418/2/3028
f 104/24/3029 1424/25/3029 92/67/3029
f 1429/26/3030 1425/27/3030 1424/25/3030
f 1434/28/3031 1426/29/3031 1425/27/3031
f 1435/30/3032 1427/31/3032 1426/29/3032
f 1436/32/3033 1428/33/3033 1427/31/3033
f 1432/35/3034 1350/36/3034 1433/43/3034
f 1431/44/3035 1347/37/3035 1432/35/3035
f 1430/38/3036 1347/37/3036 1431/44/3036
f 1429/26/3037 1345/39/3037 1430/38/3037
f 98/41/3038 1343/40/3038 1429/26/3038
f 1432/35/3039 1437/34/3039 1436/32/3039
f 1431/44/3040 1436/32/3040 1435/30/3040
f 1430/38/3041 1435/30/3041 1434/28/3041
f 98/41/3042 1429/26/3042 104/24/3042
f 109/45/3043 1458/46/3043 1438/48/3043
f 1438/48/3044 1459/49/3044 1439/50/3044
f 1439/50/3045 1460/51/3045 1440/52/3045
f 1440/52/3046 1461/53/3046 1441/54/3046
f 1441/54/3047 1462/55/3047 1442/62/3047
f 121/56/2418 1443/20/2418 115/22/2418
f 1448/57/3048 1444/18/3048 1443/20/3048
f 1449/58/3049 1445/16/3049 1444/18/3049
f 1450/59/3050 1446/14/3050 1445/16/3050
f 1451/60/3051 1447/13/3051 1446/14/3051
f 1441/54/3052 1452/61/3052 1451/60/3052
f 1440/52/3053 1451/60/3053 1450/59/3053
f 1439/50/3054 1450/59/3054 1449/58/3054
f 1438/48/3055 1449/58/3055 1448/57/3055
f 109/45/3056 1448/57/3056 121/56/3056
f 1427/31/3057 1457/63/3057 1456/64/3057
f 1426/29/3058 1456/64/3058 1455/65/3058
f 1425/27/3059 1455/65/3059 1454/66/3059
f 1424/25/3060 1454/66/3060 1453/68/3060
f 92/67/2462 1453/68/2462 127/69/2462
f 1461/53/3061 1457/63/3061 1462/55/3061
f 1460/51/3062 1456/64/3062 1461/53/3062
f 1459/49/3063 1455/65/3063 1460/51/3063
f 1458/46/3064 1454/66/3064 1459/49/3064
f 133/47/3065 1453/68/3065 1458/46/3065
f 1368/75/3066 1372/78/3066 1367/74/3066
f 1367/74/3067 1371/79/3067 1366/73/3067
f 1370/80/3068 1365/72/3068 1366/73/3068
f 1364/81/56 1370/80/56 1369/81/56
f 1373/82/3069 1371/79/3069 1372/78/3069
f 1374/83/3070 1370/80/3070 1371/79/3070
f 1376/86/3071 1370/80/3071 1375/84/3071
f 1369/81/56 1376/86/56 1364/81/56
f 1376/86/3072 1378/85/3072 1379/137/3072
f 1390/88/3073 1664/93/3073 1667/91/3073
f 1665/95/3074 345/94/3074 344/97/3074
f 1665/95/673 225/96/673 1548/92/673
f 1969/101/3075 1383/102/3075 1362/100/3075
f 1669/104/3076 1969/101/3076 1666/89/3076
f 1970/105/3077 1968/103/3077 1969/101/3077
f 1971/106/3078 1544/108/3078 1542/110/3078
f 1972/109/3079 1542/110/3079 1543/114/3079
f 1992/111/3080 1543/114/3080 1539/113/3080
f 1970/105/3081 1541/116/3081 1544/108/3081
f 1992/111/3082 1950/122/3082 1964/120/3082
f 1954/121/3083 1949/125/3083 1950/122/3083
f 1953/123/3084 1948/126/3084 1949/125/3084
f 1949/125/3085 1361/128/3085 1387/143/3085
f 1948/126/3086 1407/129/3086 1361/128/3086
f 1987/131/3087 1535/132/3087 1986/124/3087
f 1985/134/3088 1535/132/3088 1527/633/3088
f 1991/112/3089 1540/136/3089 1987/131/3089
f 1377/87/3090 1379/137/3090 1378/85/3090
f 1382/138/3091 1968/103/3091 1967/117/3091
f 1389/139/3092 1967/117/3092 1966/118/3092
f 1381/140/3093 1966/118/3093 1965/119/3093
f 1388/141/3094 1965/119/3094 1964/120/3094
f 1384/142/3095 1964/120/3095 1950/122/3095
f 1387/143/3096 1950/122/3096 1949/125/3096
f 1947/130/3097 1386/144/3097 1407/129/3097
f 1984/146/3098 1946/149/3098 1951/634/3098
f 1955/153/3099 1979/147/3099 1978/150/3099
f 1978/150/3100 1956/156/3100 1955/153/3100
f 1955/153/3101 1939/159/3101 1940/158/3101
f 1940/158/3102 1360/160/3102 1404/643/3102
f 1939/159/3103 1359/161/3103 1360/160/3103
f 1980/148/3104 1523/151/3104 1979/147/3104
f 1518/164/3105 1983/166/3105 1907/629/3105
f 1957/167/3106 1937/169/3106 1938/162/3106
f 1958/168/3107 1936/172/3107 1937/169/3107
f 1937/169/3108 1904/174/3108 1487/644/3108
f 1904/174/3109 1934/173/3109 1903/655/3109
f 1961/179/3110 1933/181/3110 1935/178/3110
f 1960/180/3111 1923/182/3111 1933/181/3111
f 1932/184/3112 1923/182/3112 1922/186/3112
f 1925/194/3113 1930/187/3113 1924/195/3113
f 1924/195/3114 1928/188/3114 1920/656/3114
f 1928/188/3115 1358/196/3115 1920/656/3115
f 1917/197/3116 1909/198/3116 1358/196/3116
f 1358/196/3117 1909/198/3117 1486/202/3117
f 1915/199/56 1909/198/56 1913/198/56
f 1486/202/3118 1902/200/3118 1873/204/3118
f 1873/204/3119 1911/203/3119 1872/205/3119
f 1872/205/3120 1900/206/3120 1871/211/3120
f 1901/203/56 1872/205/56 1911/203/56
f 1897/207/3121 1871/211/3121 1900/206/3121
f 1897/207/3122 1869/213/3122 1357/210/3122
f 1896/212/3123 1868/657/3123 1869/213/3123
f 1896/212/3124 1867/215/3124 1868/657/3124
f 1867/215/3125 1866/216/3125 1865/217/3125
f 1865/217/3126 1857/218/3126 1856/658/3126
f 1857/218/3127 1408/219/3127 1856/658/3127
f 1408/219/3128 1851/221/3128 1485/222/3128
f 1485/222/3129 1847/223/3129 1848/293/3129
f 1851/221/3130 1846/224/3130 1847/223/3130
f 1847/223/3131 1836/226/3131 1835/292/3131
f 1836/226/3132 1844/227/3132 1811/229/3132
f 1836/226/3133 1810/228/3133 1832/282/3133
f 1813/230/3134 1811/229/3134 1812/232/3134
f 1504/235/3135 1812/232/3135 1500/233/3135
f 1498/240/3136 1809/231/3136 1497/236/3136
f 1808/242/3137 1498/240/3137 1499/241/3137
f 1807/239/3138 1401/244/3138 1400/659/3138
f 1495/245/3139 1807/239/3139 1400/659/3139
f 1797/247/3140 1495/245/3140 1496/250/3140
f 1796/248/3141 1496/250/3141 1494/252/3141
f 1803/251/3142 1494/252/3142 1802/256/3142
f 1804/254/3143 1802/256/3143 1801/253/3143
f 1804/254/3144 1492/258/3144 1803/251/3144
f 1803/251/3145 1641/259/3145 1796/248/3145
f 1796/248/3146 1640/260/3146 1795/249/3146
f 1795/249/3147 1491/261/3147 1794/262/3147
f 1794/262/3148 1639/263/3148 1793/294/3148
f 1353/264/3149 1630/265/3149 1629/271/3149
f 1631/267/3150 1394/266/3150 1395/268/3150
f 1395/268/3151 55/269/3151 1631/267/3151
f 1631/267/3152 54/275/3152 1634/545/3152
f 1818/274/3153 1464/522/3153 1694/277/3153
f 1799/238/3154 1832/282/3154 1810/228/3154
f 1831/283/3155 1833/284/3155 1832/282/3155
f 1833/284/3156 1697/289/3156 1837/290/3156
f 1837/290/3157 1484/291/3157 1835/292/3157
f 1835/292/3158 1848/293/3158 1847/223/3158
f 1836/226/3159 1832/282/3159 1835/292/3159
f 1835/292/3160 1832/282/3160 1837/290/3160
f 1806/278/3161 1793/294/3161 1805/272/3161
f 1353/264/3162 1661/299/3162 1394/266/3162
f 1662/300/3163 1488/297/3163 1489/305/3163
f 1663/301/3164 1489/305/3164 1490/304/3164
f 1643/298/56 322/306/56 321/306/56
f 1628/308/3165 1643/298/3165 1627/660/3165
f 321/306/56 1628/308/56 322/306/56
f 1643/298/3166 1623/309/3166 1627/660/3166
f 1623/309/3167 1648/311/3167 1626/312/3167
f 1647/313/3168 1625/314/3168 1626/312/3168
f 1655/318/3169 1647/313/3169 1648/311/3169
f 1648/311/3170 1654/458/3170 1655/318/3170
f 1654/458/3171 1648/311/3171 1657/319/3171
f 1650/320/3172 1644/310/3172 1661/299/3172
f 1661/299/3173 1644/310/3173 1643/298/3173
f 1657/319/3174 1651/302/3174 1656/321/3174
f 1656/321/3175 1649/322/3175 1652/331/3175
f 1659/324/3176 1553/325/3176 1552/323/3176
f 1550/330/3177 1660/327/3177 1659/324/3177
f 1490/304/3178 1659/324/3178 1658/303/3178
f 1638/295/3179 1793/294/3179 1639/263/3179
f 1652/331/3180 1558/328/3180 1557/333/3180
f 1653/332/3181 1557/333/3181 1554/336/3181
f 1701/334/3182 1554/336/3182 1560/338/3182
f 1702/337/3183 1560/338/3183 1556/340/3183
f 1703/339/3184 1556/340/3184 1559/342/3184
f 1704/341/3185 1559/342/3185 1555/346/3185
f 1705/343/3186 1555/346/3186 1562/345/3186
f 1704/341/3187 1564/347/3187 1565/348/3187
f 1703/339/3188 1565/348/3188 1566/349/3188
f 1702/337/3189 1566/349/3189 1567/352/3189
f 1567/352/3190 1701/334/3190 1702/337/3190
f 1711/353/3191 1569/354/3191 1712/356/3191
f 1713/355/3192 1569/354/3192 1570/359/3192
f 1714/357/3193 1570/359/3193 1563/361/3193
f 1777/360/3194 1563/361/3194 1776/363/3194
f 1777/360/3195 1571/362/3195 1715/364/3195
f 1715/364/3196 1572/365/3196 1716/367/3196
f 1717/366/3197 1572/365/3197 1574/370/3197
f 1718/368/3198 1574/370/3198 1575/373/3198
f 1721/371/3199 1575/373/3199 1576/375/3199
f 1721/371/3200 1725/374/3200 1726/376/3200
f 1577/379/3201 1726/376/3201 1725/374/3201
f 1723/380/3202 1577/379/3202 1719/382/3202
f 1722/378/3203 1579/383/3203 1580/385/3203
f 1724/377/3204 1580/385/3204 1578/387/3204
f 1724/377/3205 1582/386/3205 1727/389/3205
f 1727/389/117 1726/376/117 1724/377/117
f 1730/391/3206 1732/372/3206 1728/388/3206
f 1590/392/3207 1728/388/3207 1581/393/3207
f 1581/393/3208 1727/389/3208 1582/386/3208
f 1730/391/3209 1589/394/3209 1729/395/3209
f 1729/395/3210 1591/396/3210 1731/397/3210
f 1588/400/3211 1731/397/3211 1591/396/3211
f 1736/398/3212 1585/402/3212 1737/403/3212
f 1737/403/3213 1584/404/3213 1738/406/3213
f 1583/408/3214 1738/406/3214 1584/404/3214
f 1781/410/3215 1592/414/3215 1785/661/3215
f 1785/661/3216 1787/409/3216 1781/410/3216
f 1741/418/3217 1780/411/3217 1784/412/3217
f 1780/411/3218 1781/410/3218 1782/413/3218
f 1781/410/3219 1780/411/3219 1741/418/3219
f 1741/418/3220 1742/415/3220 1781/410/3220
f 1782/413/3221 1781/410/3221 1786/410/3221
f 1788/424/3222 1594/662/3222 1593/423/3222
f 1741/418/56 1743/419/56 2083/419/56 2081/418/56
f 1787/409/56 1785/661/56 2088/661/56 2091/409/56
f 1592/414/56 1742/415/56 2082/415/56 2011/414/56
f 479/663/3223 480/70/3223 1596/426/3223
f 1790/422/56 1595/425/56 2055/425/56 2123/422/56
f 1786/410/56 1787/409/56 2091/409/56 2090/410/56
f 1792/428/56 481/70/56 480/70/56
f 1789/421/56 1790/422/56 2123/422/56 2122/421/56
f 1741/418/56 1784/412/56 2086/412/56 2081/418/56
f 1785/661/56 1592/414/56 2011/414/56 2088/661/56
f 1594/662/56 1788/424/56 2121/424/56 2050/662/56
f 1784/412/56 1782/413/56 2084/413/56 2086/412/56
f 1783/416/56 1741/418/56 2081/418/56 2085/416/56
f 1739/405/56 2067/405/56 2080/420/56 1740/420/56
f 1788/424/56 1789/421/56 2122/421/56 2121/424/56
f 1791/71/56 481/70/56 837/70/56 2133/71/56
f 1596/426/56 1597/427/56 2063/427/56 2061/426/56
f 467/417/56 1783/416/56 2085/416/56 779/417/56
f 1792/428/56 484/429/56 855/429/56 2148/428/56
f 481/70/56 1792/428/56 2148/428/56 837/70/56
f 1583/408/56 1993/408/56 2067/405/56 1739/405/56
f 479/663/56 1596/426/56 2061/426/56 836/663/56
f 1597/427/56 1791/71/56 2133/71/56 2063/427/56
f 1742/415/56 1741/418/56 2081/418/56 2082/415/56
f 1743/419/56 1740/420/56 2080/420/56 2083/419/56
f 1782/413/56 1786/410/56 2090/410/56 2084/413/56
f 1737/403/3224 1779/430/3224 1716/367/3224
f 448/434/3225 1763/433/3225 464/432/3225
f 1763/433/3226 1673/435/3226 1672/664/3226
f 1670/438/3227 1763/433/3227 1672/664/3227
f 1671/440/3228 1762/437/3228 1670/438/3228
f 1761/439/3229 1602/441/3229 1760/442/3229
f 1760/442/3230 1614/443/3230 1759/444/3230
f 1601/441/56 1760/442/56 1602/441/56
f 1759/444/3231 1613/445/3231 1754/446/3231
f 1754/446/3232 1615/447/3232 1753/448/3232
f 1753/448/3233 1598/449/3233 1752/450/3233
f 1752/450/3234 1708/451/3234 1709/456/3234
f 1710/454/3235 1752/450/3235 1709/456/3235
f 1710/454/3236 1699/455/3236 1700/457/3236
f 1710/454/3237 1653/332/3237 1706/335/3237
f 1700/457/3238 1652/331/3238 1653/332/3238
f 1700/457/3239 1657/319/3239 1656/321/3239
f 1699/455/3240 1654/458/3240 1657/319/3240
f 1618/460/3241 1698/459/3241 1606/461/3241
f 1606/461/3242 1708/451/3242 1607/462/3242
f 1607/462/3243 1744/463/3243 1608/464/3243
f 1608/464/3244 1745/465/3244 1746/481/3244
f 1599/466/3245 1744/463/3245 1612/467/3245
f 1612/467/3246 1708/451/3246 1598/449/3246
f 1745/465/3247 1611/468/3247 1747/469/3247
f 1747/469/3248 1610/470/3248 1748/471/3248
f 1748/471/3249 1600/472/3249 1750/476/3249
f 1751/473/3250 1600/472/3250 1616/475/3250
f 1750/476/3251 1604/477/3251 1609/479/3251
f 1750/476/3252 1749/478/3252 1748/471/3252
f 1748/471/3253 1605/480/3253 1747/469/3253
f 1747/469/3254 1746/481/3254 1745/465/3254
f 1708/451/3255 1699/455/3255 1709/456/3255
f 1654/458/3256 1617/317/3256 1655/318/3256
f 1758/452/3257 1711/353/3257 1757/453/3257
f 1757/453/3258 1712/356/3258 1756/483/3258
f 1755/482/3259 1712/356/3259 1713/355/3259
f 1755/482/3260 1753/448/3260 1756/483/3260
f 1756/483/117 1752/450/117 1757/453/117
f 1754/446/3261 1774/358/3261 1759/444/3261
f 1774/358/3262 1760/442/3262 1759/444/3262
f 1760/442/3263 1775/431/3263 1761/439/3263
f 1715/364/3264 1778/484/3264 1777/360/3264
f 1778/484/3265 1714/357/3265 1777/360/3265
f 1779/430/3266 1715/364/3266 1716/367/3266
f 1765/488/3267 1674/486/3267 1764/487/3267
f 1680/491/3268 1764/487/3268 1681/492/3268
f 1681/492/3269 1767/485/3269 1682/495/3269
f 376/436/3270 1682/495/3270 1767/485/3270
f 1682/495/3271 1770/496/3271 1683/497/3271
f 1683/497/3272 1771/498/3272 1684/499/3272
f 1684/499/3273 1772/500/3273 1685/504/3273
f 1773/503/3274 1685/504/3274 1772/500/3274
f 1689/506/3275 1772/500/3275 1690/507/3275
f 1690/507/3276 1771/498/3276 1691/508/3276
f 1691/508/3277 1770/496/3277 1692/665/3277
f 1770/496/3278 1693/494/3278 1692/665/3278
f 1765/488/3279 1679/509/3279 1766/490/3279
f 1768/510/3280 1679/509/3280 1678/512/3280
f 1766/490/3281 1677/513/3281 1675/489/3281
f 1736/398/117 1716/367/117 1717/366/117
f 1731/397/3282 1735/369/3282 1729/395/3282
f 1729/395/3283 1734/390/3283 1730/391/3283
f 1646/315/3284 1622/316/3284 1621/518/3284
f 1645/515/3285 1621/518/3285 1620/517/3285
f 1645/515/3286 1625/314/3286 1646/315/3286
f 1395/268/3287 321/306/3287 53/270/3287
f 1794/262/3288 1797/247/3288 1795/249/3288
f 1464/522/3289 1816/520/3289 1463/523/3289
f 1463/523/3290 1817/524/3290 1468/527/3290
f 1468/527/3291 1814/525/3291 1467/528/3291
f 1467/528/3292 1827/529/3292 1483/530/3292
f 1483/530/3293 1815/531/3293 1466/535/3293
f 1826/534/3294 1466/535/3294 1815/531/3294
f 1826/534/3295 1470/537/3295 1481/536/3295
f 1470/537/3296 1827/529/3296 1482/538/3296
f 1482/538/3297 1814/525/3297 1819/526/3297
f 1482/538/3298 1820/521/3298 1472/666/3298
f 1820/521/3299 1471/540/3299 1472/666/3299
f 1830/542/3300 1820/521/3300 1818/274/3300
f 1830/542/3301 1629/271/3301 1635/544/3301
f 1633/543/3302 1629/271/3302 1630/265/3302
f 1634/545/3303 1630/265/3303 1631/267/3303
f 1397/547/3304 2/1/3304 1344/4/3304
f 1396/546/3305 1344/4/3305 1346/6/3305
f 1636/551/3306 1399/549/3306 1398/550/3306
f 1822/541/3307 1636/551/3307 1398/550/3307
f 1821/539/3308 1635/544/3308 1636/551/3308
f 1828/552/3309 1392/555/3309 1479/554/3309
f 1479/554/117 1392/555/117 1351/556/117
f 1823/557/3310 1478/559/3310 1824/560/3310
f 1476/564/3311 1824/560/3311 1478/559/3311
f 1824/560/3312 1473/565/3312 1823/557/3312
f 1471/540/3313 1823/557/3313 1473/565/3313
f 1819/526/3314 1816/520/3314 1820/521/3314
f 1838/566/498 1501/568/498 1500/233/498
f 1838/566/3315 1841/569/3315 1839/567/3315
f 1843/234/3316 1840/571/3316 1841/569/3316
f 1841/569/3317 1840/571/3317 1501/568/3317
f 1840/571/3318 1503/572/3318 1501/568/3318
f 1860/574/3319 1503/572/3319 1850/573/3319
f 1859/577/3320 1850/573/3320 1852/580/3320
f 1850/573/3321 1840/571/3321 1852/580/3321
f 1852/580/3322 1840/571/3322 1845/578/3322
f 1845/578/3323 1842/570/3323 1844/227/3323
f 1811/229/3324 1842/570/3324 1812/232/3324
f 1849/225/3325 1844/227/3325 1846/224/3325
f 1845/578/3326 1853/579/3326 1852/580/3326
f 1852/580/3327 1858/581/3327 1859/577/3327
f 1857/218/3328 1853/579/3328 1854/220/3328
f 1854/220/3329 1849/225/3329 1851/221/3329
f 1858/581/3330 1866/216/3330 1864/582/3330
f 1864/582/3331 1859/577/3331 1858/581/3331
f 1863/583/3332 1860/574/3332 1859/577/3332
f 1882/588/3333 1507/589/3333 1874/587/3333
f 1507/589/3334 1884/591/3334 1509/596/3334
f 1885/592/3335 1509/596/3335 1884/591/3335
f 1877/597/3336 1886/593/3336 1510/598/3336
f 1510/598/3337 1887/599/3337 1508/600/3337
f 1508/600/3338 1888/601/3338 1511/667/3338
f 1888/601/3339 1506/602/3339 1511/667/3339
f 1889/603/3340 1875/605/3340 1506/602/3340
f 1890/604/3341 1880/607/3341 1875/605/3341
f 1891/606/3342 1515/609/3342 1880/607/3342
f 1892/608/3343 1878/611/3343 1515/609/3343
f 1893/610/3344 1879/612/3344 1878/611/3344
f 1879/612/3345 1898/208/3345 1514/616/3345
f 1900/206/3346 1911/203/3346 1898/208/3346
f 1898/208/3347 1911/203/3347 1912/614/3347
f 1899/615/3348 1514/616/3348 1912/614/3348
f 1912/614/3349 1514/616/3349 1898/208/3349
f 1916/620/3350 1513/621/3350 1908/618/3350
f 1908/618/3351 1517/617/3351 1899/615/3351
f 1916/620/3352 1921/191/3352 1516/622/3352
f 1918/623/3353 1926/185/3353 1916/620/3353
f 1918/623/3354 1928/188/3354 1927/189/3354
f 1895/214/3355 1894/613/3355 1866/216/3355
f 1894/613/3356 1864/582/3356 1866/216/3356
f 1889/603/3357 1882/588/3357 1881/584/3357
f 1888/601/3358 1883/590/3358 1882/588/3358
f 1883/590/3359 1886/593/3359 1884/591/3359
f 1934/173/3360 1925/194/3360 1903/655/3360
f 1934/173/3361 1931/190/3361 1929/193/3361
f 1935/178/3362 1932/184/3362 1931/190/3362
f 1960/180/3363 1520/624/3363 1512/183/3363
f 1962/171/3364 1519/626/3364 1520/624/3364
f 1975/627/3365 1963/625/3365 1976/157/3365
f 1974/627/3366 1519/626/3366 1963/625/3366
f 1519/626/3367 1975/627/3367 1521/668/3367
f 1975/627/3368 1522/155/3368 1521/668/3368
f 1982/176/3369 1907/629/3369 1983/166/3369
f 1983/166/3370 1905/175/3370 1982/176/3370
f 1526/630/3371 1981/165/3371 1530/631/3371
f 1530/631/3372 1980/148/3372 1528/632/3372
f 1528/632/3373 1984/146/3373 1529/669/3373
f 1984/146/3374 1527/633/3374 1529/669/3374
f 1985/134/3375 1951/634/3375 1952/127/3375
f 1952/127/3376 1947/130/3376 1948/126/3376
f 1951/634/3377 1944/145/3377 1947/130/3377
f 1944/145/3378 1945/152/3378 1943/637/3378
f 1943/637/3379 1386/144/3379 1944/145/3379
f 1942/638/3380 1403/642/3380 1354/640/3380
f 1941/641/3381 1404/643/3381 1403/642/3381
f 1945/152/3382 1941/641/3382 1943/637/3382
f 1986/124/3383 1952/127/3383 1953/123/3383
f 1938/162/3384 1487/644/3384 1359/161/3384
f 1956/156/3385 1938/162/3385 1939/159/3385
f 1987/131/3386 1546/645/3386 1988/646/3386
f 1988/646/3387 1537/647/3387 1989/651/3387
f 1990/649/3388 1537/647/3388 1538/648/3388
f 1990/649/3389 1533/653/3389 1989/651/3389
f 1989/651/3390 1531/654/3390 1988/646/3390
f 1988/646/3391 1534/133/3391 1987/131/3391
f 2068/670/3392 2067/405/3392 1993/408/3392
f 2069/671/3393 2068/670/3393 2004/672/3393
f 2069/671/3394 2003/674/3394 2006/673/3394
f 2071/675/3395 2076/677/3395 2070/676/3395
f 1994/678/3396 2071/675/3396 2070/676/3396
f 2071/675/3397 1994/678/3397 2005/679/3397
f 2072/680/3398 2005/679/3398 1995/681/3398
f 2074/682/3399 2075/684/3399 1996/683/3399
f 2075/684/3400 2074/682/3400 2073/685/3400
f 2007/686/3401 2074/682/3401 1996/683/3401
f 2074/682/3402 2007/686/3402 2002/687/3402
f 2073/685/3403 2002/687/3403 2008/688/3403
f 2071/675/3404 1997/690/3404 1998/689/3404
f 1997/690/3405 2071/675/3405 2072/680/3405
f 2071/675/3406 2009/691/3406 2076/677/3406
f 2076/677/3407 2001/693/3407 2077/692/3407
f 2077/692/3408 2000/695/3408 2078/694/3408
f 2079/696/3409 2080/420/3409 2078/694/3409
f 2078/694/3410 1999/697/3410 2079/696/3410
f 2079/696/3411 2010/698/3411 2082/415/3411
f 2083/419/3412 2082/415/3412 2081/418/3412
f 2081/418/3413 2086/412/3413 2087/699/3413
f 2090/410/117 2091/409/117 2094/700/117
f 2094/700/3414 2092/702/3414 2093/701/3414
f 2091/409/3415 2089/703/3415 2092/702/3415
f 2092/702/3416 2012/705/3416 2100/704/3416
f 2012/705/3417 2101/706/3417 2100/704/3417
f 2102/707/3418 2030/709/3418 2028/708/3418
f 2102/707/3419 2029/710/3419 2030/709/3419
f 2101/706/3420 2025/712/3420 2103/711/3420
f 2027/713/3421 2102/707/3421 2028/708/3421
f 2102/707/3422 2025/712/3422 2101/706/3422
f 2104/714/3423 2026/716/3423 2019/715/3423
f 2104/714/3424 2025/712/3424 2026/716/3424
f 2103/711/3425 2023/718/3425 2105/717/3425
f 2024/719/3426 2104/714/3426 2019/715/3426
f 2104/714/3427 2023/718/3427 2103/711/3427
f 2105/717/3428 2023/718/3428 2022/720/3428
f 2022/720/3429 2106/721/3429 2105/717/3429
f 2106/721/3430 2108/723/3430 2109/722/3430
f 2107/724/3431 2037/726/3431 2110/725/3431
f 2109/722/3432 2037/726/3432 2107/724/3432
f 2107/724/3433 833/728/3433 797/727/3433
f 2107/724/3434 2098/729/3434 2109/722/3434
f 2032/730/3435 797/727/3435 725/731/3435
f 2098/729/3436 2033/733/3436 2099/732/3436
f 2097/734/3437 2031/736/3437 2034/735/3437
f 2099/732/3438 2031/736/3438 2097/734/3438
f 2099/732/3439 2105/717/3439 2106/721/3439
f 2103/711/3440 2096/737/3440 2101/706/3440
f 2103/711/3441 2097/734/3441 2096/737/3441
f 2096/737/3442 2034/735/3442 2013/738/3442
f 2013/738/3443 2095/739/3443 2096/737/3443
f 2095/739/3444 2017/740/3444 2093/701/3444
f 2093/701/3445 2016/741/3445 2094/700/3445
f 2016/741/3446 2084/413/3446 2094/700/3446
f 2086/412/3447 2020/743/3447 2014/742/3447
f 2086/412/3448 2015/744/3448 2020/743/3448
f 780/745/3449 2014/742/3449 707/746/3449
f 780/745/3450 2086/412/3450 2014/742/3450
f 781/747/3451 2087/699/3451 2086/412/3451
f 2087/699/3452 2085/416/3452 2081/418/3452
f 2085/416/3453 782/748/3453 779/417/3453
f 2078/694/3454 2080/420/3454 2067/405/3454
f 2068/670/117 2077/692/117 2078/694/117
f 2077/692/117 2069/671/117 2070/676/117
f 2080/420/3455 2079/696/3455 2083/419/3455
f 2095/739/117 2092/702/117 2100/704/117
f 2100/704/3456 2096/737/3456 2095/739/3456
f 2109/722/3457 2099/732/3457 2106/721/3457
f 2107/724/3433 834/749/3433 833/728/3433
f 834/749/3458 2114/751/3458 835/750/3458
f 2110/725/3459 2036/752/3459 2114/751/3459
f 2111/753/3460 2040/754/3460 2110/725/3460
f 2112/755/3461 2113/757/3461 2042/756/3461
f 2112/755/3462 2041/758/3462 2111/753/3462
f 2111/753/3463 2037/726/3463 2038/759/3463
f 2113/757/3464 2039/761/3464 2035/760/3464
f 2113/757/3465 2038/759/3465 2039/761/3465
f 2113/757/3466 2035/760/3466 2042/756/3466
f 2115/762/117 2122/421/117 2114/751/117
f 2115/762/3467 2036/752/3467 2046/763/3467
f 2046/763/3468 2116/764/3468 2115/762/3468
f 2044/765/3469 2117/766/3469 2116/764/3469
f 2118/767/3470 2119/768/3470 2117/766/3470
f 2118/767/3471 2049/770/3471 2043/769/3471
f 2117/766/3472 2049/770/3472 2118/767/3472
f 2118/767/3473 2043/769/3473 2048/771/3473
f 2118/767/3474 2051/772/3474 2119/768/3474
f 2119/768/3475 2047/774/3475 2120/773/3475
f 2120/773/3476 2050/662/3476 2121/424/3476
f 2121/424/3477 2122/421/3477 2115/762/3477
f 2055/425/3478 2124/775/3478 2123/422/3478
f 2054/776/3479 2125/777/3479 2124/775/3479
f 2053/778/3480 2126/779/3480 2125/777/3480
f 2052/780/3481 2129/781/3481 2126/779/3481
f 2128/782/3482 2127/783/3482 2129/781/3482
f 2127/783/3483 2131/785/3483 2132/784/3483
f 2132/784/3484 2057/787/3484 2130/786/3484
f 2130/786/3485 2066/789/3485 2136/788/3485
f 2136/788/3486 2058/791/3486 2135/790/3486
f 2135/790/3487 2134/793/3487 2147/792/3487
f 2134/793/3488 2065/795/3488 2059/794/3488
f 2134/793/3489 2058/791/3489 2065/795/3489
f 2134/793/3490 2059/794/3490 2064/796/3490
f 2134/793/3491 2060/797/3491 2133/71/3491
f 836/663/3492 2062/799/3492 756/798/3492
f 836/663/3493 2061/426/3493 2062/799/3493
f 2133/71/3494 837/70/3494 2148/428/3494
f 2147/792/3495 2133/71/3495 2148/428/3495
f 2148/428/3496 856/800/3496 2147/792/3496
f 857/801/3497 2147/792/3497 856/800/3497
f 2146/802/3498 2135/790/3498 2147/792/3498
f 2145/803/3499 2136/788/3499 2146/802/3499
f 2144/804/3500 2130/786/3500 2145/803/3500
f 2143/805/3501 2132/784/3501 2144/804/3501
f 2142/806/3502 2127/783/3502 2143/805/3502
f 2142/806/3503 2126/779/3503 2129/781/3503
f 2138/807/3504 2141/809/3504 843/808/3504
f 2141/809/3505 2125/777/3505 2126/779/3505
f 2140/810/3506 2138/807/3506 843/808/3506
f 2138/807/3507 2124/775/3507 2125/777/3507
f 2139/811/3508 2140/810/3508 843/808/3508
f 2140/810/3509 2123/422/3509 2124/775/3509
f 2139/811/3510 843/808/3510 2137/812/3510
f 2139/811/3511 2122/421/3511 2123/422/3511
f 835/750/3512 2137/812/3512 843/808/3512
f 2137/812/3513 2114/751/3513 2122/421/3513
f 2141/809/3514 861/813/3514 843/808/3514
f 861/813/3515 2143/805/3515 860/814/3515
f 860/814/3516 2144/804/3516 858/815/3516
f 858/815/3517 2145/803/3517 859/816/3517
f 859/816/3518 2146/802/3518 857/801/3518
f 2121/424/3519 2116/764/3519 2120/773/3519
f 2120/773/117 2117/766/117 2119/768/117
f 2068/670/3520 1993/408/3520 2004/672/3520
f 2069/671/3521 2004/672/3521 2003/674/3521
f 2069/671/3522 2006/673/3522 2070/676/3522
f 1994/678/3523 2070/676/3523 2006/673/3523
f 2071/675/3524 2005/679/3524 2072/680/3524
f 2072/680/3525 1995/681/3525 2073/685/3525
f 2075/684/3526 2073/685/3526 1995/681/3526
f 2074/682/3527 2002/687/3527 2073/685/3527
f 2073/685/3528 2008/688/3528 2072/680/3528
f 1997/690/3529 2072/680/3529 2008/688/3529
f 2071/675/3530 1998/689/3530 2009/691/3530
f 2076/677/3531 2009/691/3531 2001/693/3531
f 2077/692/3532 2001/693/3532 2000/695/3532
f 2078/694/3533 2000/695/3533 1999/697/3533
f 2079/696/3534 1999/697/3534 2010/698/3534
f 2083/419/3535 2079/696/3535 2082/415/3535
f 2082/415/3536 2010/698/3536 2011/414/3536
f 2094/700/117 2084/413/117 2090/410/117
f 2094/700/3537 2091/409/3537 2092/702/3537
f 2091/409/3538 2088/661/3538 2089/703/3538
f 2092/702/3539 2089/703/3539 2012/705/3539
f 2012/705/3540 2029/710/3540 2101/706/3540
f 2102/707/3541 2101/706/3541 2029/710/3541
f 2102/707/3542 2027/713/3542 2025/712/3542
f 2104/714/3543 2103/711/3543 2025/712/3543
f 2104/714/3544 2024/719/3544 2023/718/3544
f 2022/720/3545 2021/817/3545 2106/721/3545
f 2106/721/3546 2021/817/3546 2108/723/3546
f 2109/722/3547 2108/723/3547 2037/726/3547
f 2107/724/3548 797/727/3548 2098/729/3548
f 2032/730/3549 2098/729/3549 797/727/3549
f 2098/729/3550 2032/730/3550 2033/733/3550
f 2099/732/3551 2033/733/3551 2031/736/3551
f 2099/732/3552 2097/734/3552 2105/717/3552
f 2103/711/3553 2105/717/3553 2097/734/3553
f 2096/737/3554 2097/734/3554 2034/735/3554
f 2013/738/3555 2018/818/3555 2095/739/3555
f 2095/739/3556 2018/818/3556 2017/740/3556
f 2093/701/3557 2017/740/3557 2016/741/3557
f 2016/741/3558 2015/744/3558 2084/413/3558
f 2086/412/3559 2084/413/3559 2015/744/3559
f 780/745/3560 781/747/3560 2086/412/3560
f 781/747/3561 782/748/3561 2087/699/3561
f 2085/416/3562 2087/699/3562 782/748/3562
f 2078/694/3563 2067/405/3563 2068/670/3563
f 2068/670/117 2069/671/117 2077/692/117
f 2077/692/3564 2070/676/3564 2076/677/3564
f 2095/739/117 2093/701/117 2092/702/117
f 2100/704/3565 2101/706/3565 2096/737/3565
f 2109/722/3566 2098/729/3566 2099/732/3566
f 2107/724/3567 2110/725/3567 834/749/3567
f 834/749/3568 2110/725/3568 2114/751/3568
f 2110/725/3569 2040/754/3569 2036/752/3569
f 2111/753/3570 2041/758/3570 2040/754/3570
f 2112/755/3571 2042/756/3571 2041/758/3571
f 2038/759/3572 2112/755/3572 2111/753/3572
f 2111/753/3573 2110/725/3573 2037/726/3573
f 2113/757/3574 2112/755/3574 2038/759/3574
f 2115/762/3575 2114/751/3575 2036/752/3575
f 2046/763/3576 2044/765/3576 2116/764/3576
f 2044/765/3577 2045/819/3577 2117/766/3577
f 2117/766/3578 2045/819/3578 2049/770/3578
f 2118/767/3579 2048/771/3579 2051/772/3579
f 2119/768/3580 2051/772/3580 2047/774/3580
f 2120/773/3581 2047/774/3581 2050/662/3581
f 2055/425/3582 2054/776/3582 2124/775/3582
f 2054/776/3583 2053/778/3583 2125/777/3583
f 2053/778/3584 2052/780/3584 2126/779/3584
f 2052/780/3585 2128/782/3585 2129/781/3585
f 2128/782/3586 2056/820/3586 2127/783/3586
f 2127/783/3587 2056/820/3587 2131/785/3587
f 2132/784/3588 2131/785/3588 2057/787/3588
f 2130/786/3589 2057/787/3589 2066/789/3589
f 2136/788/3590 2066/789/3590 2058/791/3590
f 2134/793/3591 2135/790/3591 2058/791/3591
f 2134/793/3592 2064/796/3592 2060/797/3592
f 2133/71/3593 2060/797/3593 2063/427/3593
f 2147/792/3594 2134/793/3594 2133/71/3594
f 2148/428/3595 855/429/3595 856/800/3595
f 857/801/3596 2146/802/3596 2147/792/3596
f 2146/802/3597 2136/788/3597 2135/790/3597
f 2145/803/3598 2130/786/3598 2136/788/3598
f 2144/804/3599 2132/784/3599 2130/786/3599
f 2143/805/3600 2127/783/3600 2132/784/3600
f 2142/806/3601 2129/781/3601 2127/783/3601
f 2142/806/3602 2141/809/3602 2126/779/3602
f 2141/809/3603 2138/807/3603 2125/777/3603
f 2138/807/3604 2140/810/3604 2124/775/3604
f 2140/810/3605 2139/811/3605 2123/422/3605
f 2139/811/3606 2137/812/3606 2122/421/3606
f 2137/812/3607 835/750/3607 2114/751/3607
f 2141/809/3608 2142/806/3608 861/813/3608
f 861/813/3609 2142/806/3609 2143/805/3609
f 860/814/3610 2143/805/3610 2144/804/3610
f 858/815/3611 2144/804/3611 2145/803/3611
f 859/816/3612 2145/803/3612 2146/802/3612
f 2121/424/3613 2115/762/3613 2116/764/3613
f 2120/773/117 2116/764/117 2117/766/117
f 863/1/3614 2181/2/3614 903/3/3614
f 2150/4/3615 2182/5/3615 2181/2/3615
f 2152/6/3616 2183/7/3616 2182/5/3616
f 2154/8/3617 2184/9/3617 2183/7/3617
f 2155/10/2413 1422/11/2413 2184/9/2413
f 1422/11/2412 2156/10/2412 2185/9/2412
f 2179/12/3020 1447/13/3020 2204/14/3020
f 2178/15/3618 2204/14/3618 2203/16/3618
f 2177/17/3619 2203/16/3619 2202/18/3619
f 2176/19/3620 2202/18/3620 2201/20/3620
f 897/21/3621 2201/20/3621 928/22/3621
f 1416/23/2420 2185/9/2420 2180/12/2420
f 2184/9/2419 1416/23/2419 2179/12/2419
f 2183/7/3622 2179/12/3622 2178/15/3622
f 2182/5/3623 2178/15/3623 2177/17/3623
f 2181/2/3624 2177/17/3624 2176/19/3624
f 903/3/3625 2176/19/3625 897/21/3625
f 919/24/3626 2186/25/3626 2190/26/3626
f 2190/26/3627 2187/27/3627 2194/28/3627
f 2194/28/3628 2188/29/3628 2195/30/3628
f 2195/30/3629 2189/31/3629 2196/32/3629
f 2196/32/3630 1428/33/3630 1437/34/3630
f 2193/35/3631 1350/36/3631 2153/37/3631
f 2191/38/3632 2153/37/3632 2151/39/3632
f 2190/26/3633 2151/39/3633 2149/40/3633
f 914/41/3634 2149/40/3634 862/42/3634
f 2193/35/3635 1437/34/3635 1433/43/3635
f 2192/44/3636 2196/32/3636 2193/35/3636
f 2191/38/3637 2195/30/3637 2192/44/3637
f 2190/26/3638 2194/28/3638 2191/38/3638
f 923/45/3639 2213/46/3639 943/47/3639
f 2197/48/3640 2214/49/3640 2213/46/3640
f 2198/50/3641 2215/51/3641 2214/49/3641
f 2199/52/3642 2216/53/3642 2215/51/3642
f 2200/54/3643 1462/55/3643 2216/53/3643
f 933/56/3644 2201/20/3644 2205/57/3644
f 2205/57/3645 2202/18/3645 2206/58/3645
f 2206/58/3646 2203/16/3646 2207/59/3646
f 2207/59/3647 2204/14/3647 2208/60/3647
f 2208/60/3648 1447/13/3648 1452/61/3648
f 2200/54/3649 1452/61/3649 1442/62/3649
f 2199/52/3650 2208/60/3650 2200/54/3650
f 2198/50/3651 2207/59/3651 2199/52/3651
f 2197/48/3652 2206/58/3652 2198/50/3652
f 923/45/3653 2205/57/3653 2197/48/3653
f 2189/31/3654 1457/63/3654 1428/33/3654
f 2188/29/3655 2212/64/3655 2189/31/3655
f 2187/27/3656 2211/65/3656 2188/29/3656
f 2186/25/3657 2210/66/3657 2187/27/3657
f 909/67/3658 2209/68/3658 2186/25/3658
f 2216/53/3659 1457/63/3659 2212/64/3659
f 2215/51/3660 2212/64/3660 2211/65/3660
f 2214/49/3661 2211/65/3661 2210/66/3661
f 2213/46/3662 2210/66/3662 2209/68/3662
f 943/47/3663 2209/68/3663 938/69/3663
f 1079/70/56 1078/70/56 2337/71/56
f 1350/36/3664 1365/72/3664 2153/37/3664
f 1365/72/3665 2158/73/3665 2153/37/3665
f 2153/37/3666 2158/73/3666 2151/39/3666
f 2158/73/3667 2159/74/3667 2151/39/3667
f 2151/39/3668 2159/74/3668 2149/40/3668
f 2159/74/3669 2160/75/3669 2149/40/3669
f 2149/40/3670 2160/75/3670 862/42/3670
f 2160/75/3671 876/76/3671 862/42/3671
f 876/76/3672 2160/75/3672 880/77/3672
f 2160/75/3673 2163/78/3673 880/77/3673
f 2159/74/3674 2162/79/3674 2163/78/3674
f 2158/73/3675 2161/80/3675 2162/79/3675
f 2161/80/3676 1365/72/3676 1364/81/3676
f 2164/82/3677 2162/79/3677 2165/83/3677
f 2166/84/3678 2168/85/3678 2165/83/3678
f 2165/83/3679 2161/80/3679 2166/84/3679
f 2161/80/3680 1369/81/3680 1376/86/3680
f 1376/86/3681 2168/85/3681 2166/84/3681
f 2167/87/3682 2169/88/3682 2168/85/3682
f 2167/87/3683 2247/89/3683 2169/88/3683
f 2247/89/3684 2249/90/3684 2169/88/3684
f 2249/90/3685 2248/91/3685 2169/88/3685
f 2248/91/3686 1548/92/3686 2245/93/3686
f 2169/88/3687 2164/82/3687 2165/83/3687
f 2169/88/3688 2245/93/3688 2164/82/3688
f 2164/82/3689 979/94/3689 880/77/3689
f 2245/93/3690 1548/92/3690 2246/95/3690
f 2246/95/1290 979/94/1290 2245/93/1290
f 2246/95/3691 225/96/3691 978/97/3691
f 2247/89/3692 2167/87/3692 1380/98/3692
f 2167/87/3693 1363/99/3693 1380/98/3693
f 1380/98/3694 1362/100/3694 2247/89/3694
f 2247/89/3695 1362/100/3695 2481/101/3695
f 2481/101/3696 1383/102/3696 2480/103/3696
f 2249/90/3697 2247/89/3697 2250/104/3697
f 2250/104/3698 2481/101/3698 2482/105/3698
f 2483/106/3699 2480/103/3699 2485/107/3699
f 2482/105/3700 2480/103/3700 2483/106/3700
f 2483/106/3701 1544/108/3701 2482/105/3701
f 2484/109/3702 2483/106/3702 2485/107/3702
f 2484/109/3703 1542/110/3703 2483/106/3703
f 2484/109/3704 2485/107/3704 2504/111/3704
f 2504/111/3705 2503/112/3705 1539/113/3705
f 2504/111/3706 1543/114/3706 2484/109/3706
f 1547/115/3707 2249/90/3707 1541/116/3707
f 2250/104/3708 1541/116/3708 2249/90/3708
f 2482/105/3709 1541/116/3709 2250/104/3709
f 1548/92/3710 2248/91/3710 1547/115/3710
f 2480/103/3711 2479/117/3711 2485/107/3711
f 2479/117/3712 2478/118/3712 2485/107/3712
f 2478/118/3713 2477/119/3713 2485/107/3713
f 2485/107/3714 2477/119/3714 2504/111/3714
f 2477/119/3715 2476/120/3715 2504/111/3715
f 2504/111/3716 2466/121/3716 2503/112/3716
f 2504/111/3717 2462/122/3717 2466/121/3717
f 2466/121/3718 2465/123/3718 2498/124/3718
f 2466/121/3719 2461/125/3719 2465/123/3719
f 2465/123/3720 2460/126/3720 2464/127/3720
f 2461/125/3721 1361/128/3721 2460/126/3721
f 2460/126/3722 1407/129/3722 2459/130/3722
f 2503/112/498 2498/124/498 2499/131/498
f 2498/124/3723 2503/112/3723 2466/121/3723
f 2499/131/3724 1535/132/3724 1534/133/3724
f 2497/134/3725 1535/132/3725 2498/124/3725
f 1539/113/3726 2503/112/3726 1545/135/3726
f 2503/112/3727 1540/136/3727 1545/135/3727
f 2167/87/3728 1379/137/3728 1363/99/3728
f 1382/138/3729 2480/103/3729 1383/102/3729
f 1389/139/3730 2479/117/3730 1382/138/3730
f 1381/140/3731 2478/118/3731 1389/139/3731
f 1388/141/3732 2477/119/3732 1381/140/3732
f 1384/142/3733 2476/120/3733 1388/141/3733
f 1387/143/3734 2462/122/3734 1384/142/3734
f 2459/130/3735 1386/144/3735 2456/145/3735
f 2496/146/3736 2491/147/3736 2492/148/3736
f 2496/146/3737 2458/149/3737 2491/147/3737
f 2490/150/3738 1523/151/3738 2491/147/3738
f 2458/149/3739 2457/152/3739 2467/153/3739
f 2467/153/3740 2491/147/3740 2458/149/3740
f 2489/154/3741 1522/155/3741 2490/150/3741
f 2489/154/3742 2468/156/3742 2488/157/3742
f 2490/150/3743 2468/156/3743 2489/154/3743
f 2467/153/3744 2457/152/3744 2452/158/3744
f 2467/153/3745 2451/159/3745 2468/156/3745
f 2452/158/3746 1360/160/3746 2451/159/3746
f 2451/159/3747 1359/161/3747 2450/162/3747
f 2492/148/3748 1524/163/3748 1518/164/3748
f 2492/148/3749 1523/151/3749 1524/163/3749
f 2492/148/3750 1518/164/3750 2493/165/3750
f 1518/164/3751 2495/166/3751 2493/165/3751
f 2469/167/3752 2488/157/3752 2468/156/3752
f 2488/157/3753 2469/167/3753 2470/168/3753
f 2469/167/3754 2449/169/3754 2470/168/3754
f 2471/170/3755 2474/171/3755 2470/168/3755
f 2448/172/3756 2446/173/3756 2471/170/3756
f 2470/168/3757 2448/172/3757 2471/170/3757
f 2449/169/3758 1904/174/3758 2448/172/3758
f 1904/174/3759 2446/173/3759 2448/172/3759
f 1905/175/3760 2494/176/3760 1525/177/3760
f 2446/173/3761 2447/178/3761 2471/170/3761
f 2471/170/3762 2447/178/3762 2473/179/3762
f 2473/179/3763 2472/180/3763 2474/171/3763
f 2473/179/3764 2445/181/3764 2472/180/3764
f 2472/180/3765 1923/182/3765 1512/183/3765
f 2444/184/3766 2438/185/3766 1922/186/3766
f 2444/184/3767 1923/182/3767 2445/181/3767
f 1523/151/3768 2490/150/3768 1522/155/3768
f 2442/187/3769 2440/188/3769 2439/189/3769
f 2442/187/3770 2439/189/3770 2443/190/3770
f 2443/190/3771 2439/189/3771 2444/184/3771
f 2439/189/3772 2438/185/3772 2444/184/3772
f 2438/185/3773 1921/191/3773 1919/192/3773
f 1922/186/3774 2438/185/3774 1919/192/3774
f 2441/193/3775 2442/187/3775 2443/190/3775
f 1925/194/3776 2442/187/3776 2441/193/3776
f 1924/195/3777 2440/188/3777 2442/187/3777
f 2440/188/3778 1358/196/3778 2436/197/3778
f 2432/198/3779 2434/199/3779 2436/197/3779
f 2428/198/56 2432/198/56 2436/197/56
f 2426/200/3780 2429/201/3780 2434/199/3780
f 2434/199/3781 2428/198/3781 2426/200/3781
f 1486/202/3782 2426/200/3782 2428/198/3782
f 2426/200/3783 2430/203/3783 2429/201/3783
f 1873/204/3784 2430/203/3784 2426/200/3784
f 1872/205/3785 2424/206/3785 2425/203/3785
f 2424/206/3786 2421/207/3786 2422/208/3786
f 1870/209/3787 1357/210/3787 2421/207/3787
f 2421/207/3788 1871/211/3788 1870/209/3788
f 2421/207/3789 2420/212/3789 2422/208/3789
f 2421/207/3790 1869/213/3790 2420/212/3790
f 2420/212/3791 2419/214/3791 2422/208/3791
f 2420/212/3792 1867/215/3792 2419/214/3792
f 1867/215/3793 2404/216/3793 2419/214/3793
f 1865/217/3794 2396/218/3794 2404/216/3794
f 2396/218/3795 1408/219/3795 2395/220/3795
f 1408/219/3796 2392/221/3796 2395/220/3796
f 1485/222/3797 2389/223/3797 2392/221/3797
f 2392/221/3798 2388/224/3798 2390/225/3798
f 2389/223/3799 2380/226/3799 2388/224/3799
f 2380/226/3800 2386/227/3800 2388/224/3800
f 2380/226/3801 2354/228/3801 2355/229/3801
f 2357/230/3802 2354/228/3802 2353/231/3802
f 2357/230/3803 2355/229/3803 2354/228/3803
f 2356/232/3804 1500/233/3804 2385/234/3804
f 1504/235/3805 2357/230/3805 1497/236/3805
f 1504/235/3806 2356/232/3806 2357/230/3806
f 2357/230/3807 2353/231/3807 1497/236/3807
f 2346/237/3808 2353/231/3808 2345/238/3808
f 2346/237/3809 2351/239/3809 1498/240/3809
f 1498/240/3810 2353/231/3810 2346/237/3810
f 1499/241/3811 2352/242/3811 1402/243/3811
f 2352/242/3812 1498/240/3812 2351/239/3812
f 2352/242/3813 1401/244/3813 1402/243/3813
f 2351/239/3814 1401/244/3814 2352/242/3814
f 2346/237/3815 2345/238/3815 1495/245/3815
f 1495/245/3816 2351/239/3816 2346/237/3816
f 2345/238/3817 2344/246/3817 1495/245/3817
f 2343/247/3818 1495/245/3818 2344/246/3818
f 2342/248/3819 2343/247/3819 2341/249/3819
f 2342/248/3820 1496/250/3820 2343/247/3820
f 2347/251/3821 1494/252/3821 2342/248/3821
f 1801/253/3822 2348/254/3822 1493/255/3822
f 2348/254/3823 1802/256/3823 2347/251/3823
f 2348/254/3824 1642/257/3824 1493/255/3824
f 2348/254/3825 1492/258/3825 1642/257/3825
f 2347/251/3826 1641/259/3826 1492/258/3826
f 2342/248/3827 1640/260/3827 1641/259/3827
f 2341/249/3828 1491/261/3828 1640/260/3828
f 2340/262/3829 1639/263/3829 1491/261/3829
f 2157/264/3830 2218/265/3830 2170/266/3830
f 2219/267/3831 2170/266/3831 2218/265/3831
f 2171/268/3832 889/269/3832 887/270/3832
f 2217/271/3833 2157/264/3833 2349/272/3833
f 2373/273/3834 2349/272/3834 2362/274/3834
f 2373/273/3835 2217/271/3835 2349/272/3835
f 2219/267/3836 888/275/3836 889/269/3836
f 2362/274/3837 1355/276/3837 1694/277/3837
f 2350/278/3838 1355/276/3838 2362/274/3838
f 2345/238/3839 2350/278/3839 2344/246/3839
f 2378/279/3840 1411/280/3840 1695/281/3840
f 2345/238/3841 2376/282/3841 2375/283/3841
f 2375/283/3842 2377/284/3842 2378/279/3842
f 2345/238/3843 2375/283/3843 2350/278/3843
f 2377/284/3844 1409/285/3844 2378/279/3844
f 1409/285/3845 1411/280/3845 2378/279/3845
f 2377/284/3846 1696/286/3846 1409/285/3846
f 2377/284/3847 1410/287/3847 1696/286/3847
f 2377/284/3848 1356/288/3848 1410/287/3848
f 2377/284/3849 1697/289/3849 1356/288/3849
f 2381/290/3850 1484/291/3850 1697/289/3850
f 2379/292/3851 1848/293/3851 1484/291/3851
f 2381/290/3852 2377/284/3852 2376/282/3852
f 2354/228/3853 2345/238/3853 2353/231/3853
f 2344/246/3854 2350/278/3854 2340/262/3854
f 2350/278/3855 2362/274/3855 2349/272/3855
f 2350/278/3856 2339/294/3856 2340/262/3856
f 1638/295/3857 2157/264/3857 1637/296/3857
f 1637/296/3858 2157/264/3858 1488/297/3858
f 2170/266/3859 2171/268/3859 2224/298/3859
f 2224/298/3860 2242/299/3860 2170/266/3860
f 2243/300/3861 2242/299/3861 2244/301/3861
f 2157/264/3862 2242/299/3862 2243/300/3862
f 2243/300/3863 1488/297/3863 2157/264/3863
f 2242/299/3864 2232/302/3864 2244/301/3864
f 2232/302/3865 2239/303/3865 2244/301/3865
f 2239/303/3866 1490/304/3866 2244/301/3866
f 2244/301/3867 1489/305/3867 2243/300/3867
f 956/306/3868 306/307/3868 1628/308/3868
f 1628/308/3869 2224/298/3869 955/306/3869
f 2224/298/3870 1623/309/3870 2225/310/3870
f 1623/309/3871 2229/311/3871 2225/310/3871
f 2229/311/3872 1626/312/3872 2228/313/3872
f 2228/313/3873 1625/314/3873 2227/315/3873
f 2228/313/3874 1622/316/3874 1617/317/3874
f 2236/318/3875 2228/313/3875 1617/317/3875
f 2238/319/3876 2231/320/3876 2229/311/3876
f 2231/320/3877 2225/310/3877 2229/311/3877
f 2231/320/3878 2232/302/3878 2242/299/3878
f 2238/319/3879 2232/302/3879 2231/320/3879
f 2237/321/3880 2230/322/3880 2232/302/3880
f 2230/322/3881 1552/323/3881 2239/303/3881
f 2232/302/3882 2230/322/3882 2239/303/3882
f 2239/303/3883 1552/323/3883 2240/324/3883
f 1553/325/3884 1551/326/3884 2241/327/3884
f 2240/324/3885 1553/325/3885 2241/327/3885
f 2230/322/3886 1558/328/3886 1552/323/3886
f 1551/326/3887 1549/329/3887 2241/327/3887
f 1550/330/3888 2241/327/3888 1549/329/3888
f 1490/304/3889 2240/324/3889 1550/330/3889
f 1638/295/3890 2339/294/3890 2157/264/3890
f 2233/331/3891 1558/328/3891 2230/322/3891
f 2234/332/3892 1557/333/3892 2233/331/3892
f 2254/334/498 2234/332/498 2259/335/498
f 2254/334/3893 1554/336/3893 2234/332/3893
f 2255/337/3894 1560/338/3894 2254/334/3894
f 2256/339/3895 1556/340/3895 2255/337/3895
f 2257/341/3896 1559/342/3896 2256/339/3896
f 2258/343/3897 1561/344/3897 1562/345/3897
f 2258/343/3898 1555/346/3898 2257/341/3898
f 1564/347/3899 1561/344/3899 2258/343/3899
f 2257/341/3900 1564/347/3900 2258/343/3900
f 2256/339/3901 1565/348/3901 2257/341/3901
f 2255/337/3902 1566/349/3902 2256/339/3902
f 2260/350/3903 2254/334/3903 2259/335/3903
f 2260/350/3904 1568/351/3904 1567/352/3904
f 1567/352/3905 2254/334/3905 2260/350/3905
f 2260/350/3906 2264/353/3906 1568/351/3906
f 2264/353/3907 1569/354/3907 1568/351/3907
f 2266/355/3908 1569/354/3908 2265/356/3908
f 2267/357/3909 2266/355/3909 2322/358/3909
f 2267/357/3910 1570/359/3910 2266/355/3910
f 2324/360/3911 1563/361/3911 2267/357/3911
f 2324/360/3912 1571/362/3912 1776/363/3912
f 2268/364/3913 1572/365/3913 1571/362/3913
f 2270/366/3914 1572/365/3914 2269/367/3914
f 2271/368/3915 2270/366/3915 2285/369/3915
f 2271/368/3916 1574/370/3916 2270/366/3916
f 2272/371/3917 2271/368/3917 2282/372/3917
f 2272/371/3918 1575/373/3918 2271/368/3918
f 2272/371/3919 1725/374/3919 1576/375/3919
f 2276/376/498 2275/377/498 2273/378/498
f 1577/379/3920 2276/376/3920 2273/378/3920
f 2274/380/3921 1573/381/3921 1719/382/3921
f 2274/380/3922 1577/379/3922 2273/378/3922
f 1579/383/3923 1720/384/3923 2274/380/3923
f 2273/378/3924 1579/383/3924 2274/380/3924
f 2275/377/3925 1580/385/3925 2273/378/3925
f 2275/377/3926 1582/386/3926 1578/387/3926
f 2278/388/3927 2277/389/3927 2282/372/3927
f 2282/372/3928 2277/389/3928 2272/371/3928
f 2277/389/498 2276/376/498 2272/371/498
f 2282/372/3929 2271/368/3929 2284/390/3929
f 2280/391/3930 2282/372/3930 2284/390/3930
f 1590/392/3931 2278/388/3931 2280/391/3931
f 1581/393/3932 2277/389/3932 2278/388/3932
f 2280/391/3933 1589/394/3933 1590/392/3933
f 2279/395/3934 1591/396/3934 1589/394/3934
f 2281/397/498 2270/366/498 2286/398/498
f 2286/398/3935 1587/399/3935 1588/400/3935
f 1588/400/3936 2281/397/3936 2286/398/3936
f 2286/398/3937 1586/401/3937 1587/399/3937
f 2286/398/3938 1585/402/3938 1586/401/3938
f 2287/403/3939 1584/404/3939 1585/402/3939
f 2289/405/3940 2288/406/3940 1064/407/3940
f 1583/408/3941 2288/406/3941 2289/405/3941
f 2333/409/2741 2328/410/2741 2332/410/2741
f 2327/411/3942 2331/412/3942 2329/413/3942
f 2328/410/3943 1592/414/3943 2292/415/3943
f 2330/416/3944 1064/407/3944 1066/417/3944
f 2330/416/3945 2291/418/3945 1064/407/3945
f 2291/418/3946 2293/419/3946 1064/407/3946
f 2293/419/3947 2290/420/3947 1064/407/3947
f 2290/420/3948 2289/405/3948 1064/407/3948
f 2335/421/3949 2336/422/3949 1593/423/3949
f 2334/424/3950 2335/421/3950 1593/423/3950
f 2336/422/3951 1595/425/3951 1593/423/3951
f 1078/70/3952 1596/426/3952 1597/427/3952
f 2337/71/3953 1078/70/3953 1597/427/3953
f 2338/428/3954 1082/429/3954 1078/70/3954
f 1064/407/3955 2288/406/3955 2326/430/3955
f 2287/403/3956 2326/430/3956 2288/406/3956
f 2326/430/3957 2323/431/3957 1063/432/3957
f 1064/407/3958 2326/430/3958 1063/432/3958
f 2323/431/3959 2311/433/3959 1063/432/3959
f 1048/434/56 2311/433/56 1047/434/56
f 1047/434/3960 1673/435/3960 376/436/3960
f 2311/433/3961 1673/435/3961 1047/434/3961
f 2311/433/3962 2323/431/3962 2310/437/3962
f 1670/438/3963 2311/433/3963 2310/437/3963
f 2310/437/3964 2323/431/3964 2309/439/3964
f 1671/440/3965 2310/437/3965 2309/439/3965
f 2309/439/3966 1602/441/3966 1671/440/3966
f 2308/442/3967 1614/443/3967 1601/441/3967
f 2307/444/3968 1613/445/3968 1614/443/3968
f 2302/446/3969 1615/447/3969 1613/445/3969
f 2301/448/3970 1598/449/3970 1615/447/3970
f 2300/450/3971 2261/451/3971 1598/449/3971
f 2306/452/498 2300/450/498 2305/453/498
f 2263/454/3972 2306/452/3972 2259/335/3972
f 2263/454/3973 2300/450/3973 2306/452/3973
f 2263/454/3974 2252/455/3974 2262/456/3974
f 2263/454/3975 2234/332/3975 2253/457/3975
f 2253/457/3976 2233/331/3976 2237/321/3976
f 2253/457/3977 2238/319/3977 2252/455/3977
f 2252/455/3978 2235/458/3978 2251/459/3978
f 1618/460/3979 2251/459/3979 2235/458/3979
f 1606/461/3980 2261/451/3980 2251/459/3980
f 1607/462/3981 2294/463/3981 2261/451/3981
f 1608/464/3982 2295/465/3982 2294/463/3982
f 1599/466/3983 2294/463/3983 2295/465/3983
f 1612/467/3984 2261/451/3984 2294/463/3984
f 2295/465/3985 1611/468/3985 1599/466/3985
f 2296/469/3986 1610/470/3986 1611/468/3986
f 2297/471/3987 1600/472/3987 1610/470/3987
f 2299/473/3988 1603/474/3988 1616/475/3988
f 2299/473/3989 1600/472/3989 2298/476/3989
f 1604/477/3990 1603/474/3990 2299/473/3990
f 2298/476/3991 1604/477/3991 2299/473/3991
f 2298/476/3992 1749/478/3992 1609/479/3992
f 2297/471/3993 1605/480/3993 1749/478/3993
f 2296/469/3994 1746/481/3994 1605/480/3994
f 2261/451/3995 2252/455/3995 2251/459/3995
f 2235/458/3996 1617/317/3996 1618/460/3996
f 2306/452/3997 2260/350/3997 2259/335/3997
f 2306/452/3998 2264/353/3998 2260/350/3998
f 2305/453/3999 2265/356/3999 2264/353/3999
f 2303/482/4000 2322/358/4000 2266/355/4000
f 2303/482/4001 2265/356/4001 2304/483/4001
f 2303/482/4002 2301/448/4002 2302/446/4002
f 2304/483/4003 2300/450/4003 2301/448/4003
f 2302/446/4004 2322/358/4004 2303/482/4004
f 2322/358/4005 2308/442/4005 2325/484/4005
f 2308/442/4006 2323/431/4006 2325/484/4006
f 2268/364/4007 2325/484/4007 2323/431/4007
f 2325/484/4008 2267/357/4008 2322/358/4008
f 2326/430/4009 2268/364/4009 2323/431/4009
f 376/436/4010 1673/435/4010 2315/485/4010
f 1673/435/4011 1674/486/4011 2315/485/4011
f 2315/485/4012 1674/486/4012 2312/487/4012
f 2313/488/4013 1675/489/4013 2314/490/4013
f 2313/488/4014 1674/486/4014 1675/489/4014
f 1680/491/4015 2312/487/4015 2313/488/4015
f 1681/492/4016 2315/485/4016 2312/487/4016
f 2317/493/4017 1693/494/4017 376/436/4017
f 376/436/4018 1682/495/4018 2317/493/4018
f 1682/495/4019 2318/496/4019 2317/493/4019
f 1683/497/4020 2319/498/4020 2318/496/4020
f 1684/499/4021 2320/500/4021 2319/498/4021
f 1686/501/4022 1687/502/4022 2321/503/4022
f 2321/503/4023 1685/504/4023 1686/501/4023
f 2321/503/4024 1688/505/4024 1689/506/4024
f 1689/506/4025 2320/500/4025 2321/503/4025
f 1690/507/4026 2319/498/4026 2320/500/4026
f 1691/508/4027 2318/496/4027 2319/498/4027
f 2318/496/4028 1693/494/4028 2317/493/4028
f 2321/503/4029 1687/502/4029 1688/505/4029
f 2313/488/4030 1679/509/4030 1680/491/4030
f 2316/510/4031 1676/511/4031 1678/512/4031
f 2316/510/4032 1679/509/4032 2314/490/4032
f 1677/513/4033 1676/511/4033 2316/510/4033
f 2314/490/4034 1677/513/4034 2316/510/4034
f 2286/398/498 2269/367/498 2287/403/498
f 2281/397/4035 2283/514/4035 2270/366/4035
f 2283/514/4036 2285/369/4036 2270/366/4036
f 2281/397/4037 2285/369/4037 2283/514/4037
f 2284/390/4038 2271/368/4038 2285/369/4038
f 2279/395/4039 2284/390/4039 2285/369/4039
f 1720/384/4040 1573/381/4040 2274/380/4040
f 2227/315/4041 1622/316/4041 2228/313/4041
f 2226/515/4042 1619/516/4042 1620/517/4042
f 2226/515/4043 1621/518/4043 2227/315/4043
f 1624/519/4044 1619/516/4044 2226/515/4044
f 2226/515/4045 1625/314/4045 1624/519/4045
f 2171/268/4046 955/306/4046 2224/298/4046
f 2340/262/4047 2343/247/4047 2344/246/4047
f 2360/520/4048 2364/521/4048 2362/274/4048
f 1464/522/4049 2360/520/4049 2362/274/4049
f 1463/523/4050 2361/524/4050 2360/520/4050
f 2358/525/4051 2363/526/4051 2361/524/4051
f 1468/527/4052 2358/525/4052 2361/524/4052
f 1467/528/4053 2371/529/4053 2358/525/4053
f 1483/530/4054 2359/531/4054 2371/529/4054
f 1469/532/4055 1465/533/4055 2370/534/4055
f 2370/534/4056 1466/535/4056 1469/532/4056
f 2370/534/4057 1465/533/4057 1481/536/4057
f 2370/534/4058 1470/537/4058 2359/531/4058
f 1470/537/4059 2371/529/4059 2359/531/4059
f 1482/538/4060 2358/525/4060 2371/529/4060
f 1482/538/4061 2364/521/4061 2363/526/4061
f 2365/539/4062 1471/540/4062 2366/541/4062
f 2364/521/4063 1471/540/4063 2365/539/4063
f 2374/542/4064 2364/521/4064 2365/539/4064
f 2373/273/4065 2362/274/4065 2374/542/4065
f 2374/542/4066 2217/271/4066 2373/273/4066
f 2220/543/4067 2217/271/4067 2222/544/4067
f 2221/545/4068 2218/265/4068 2220/543/4068
f 2220/543/4069 2172/546/4069 2221/545/4069
f 2221/545/4070 2173/547/4070 888/275/4070
f 2173/547/4071 890/548/4071 888/275/4071
f 2173/547/4072 863/1/4072 890/548/4072
f 2172/546/4073 2173/547/4073 2221/545/4073
f 2172/546/4074 2150/4/4074 2173/547/4074
f 2172/546/4075 2175/549/4075 2152/6/4075
f 2152/6/4076 2175/549/4076 2154/8/4076
f 2154/8/4077 2174/550/4077 2155/10/4077
f 2174/550/4078 2154/8/4078 2175/549/4078
f 2175/549/4079 2172/546/4079 2220/543/4079
f 2223/551/4080 2175/549/4080 2220/543/4080
f 2366/541/4081 2372/552/4081 2174/550/4081
f 2366/541/4082 2223/551/4082 2365/539/4082
f 2365/539/4083 2222/544/4083 2374/542/4083
f 2223/551/4084 2220/543/4084 2222/544/4084
f 2174/550/4085 2372/552/4085 2155/10/4085
f 2372/552/4086 1480/553/4086 1479/554/4086
f 2155/10/4087 1392/555/4087 1351/556/4087
f 1392/555/4088 2155/10/4088 2372/552/4088
f 2372/552/4089 2367/557/4089 1480/553/4089
f 2367/557/4090 1477/558/4090 1480/553/4090
f 2367/557/4091 1478/559/4091 1477/558/4091
f 2368/560/4092 1474/561/4092 2369/562/4092
f 2369/562/4093 1475/563/4093 1476/564/4093
f 1476/564/4094 2368/560/4094 2369/562/4094
f 2369/562/4095 1474/561/4095 1475/563/4095
f 2368/560/4096 1473/565/4096 1474/561/4096
f 2367/557/498 2372/552/498 2366/541/498
f 1471/540/4097 2367/557/4097 2366/541/4097
f 2363/526/4098 2360/520/4098 2361/524/4098
f 2339/294/4099 2349/272/4099 2157/264/4099
f 2385/234/4100 1500/233/4100 1838/566/4100
f 1839/567/4101 1501/568/4101 2383/569/4101
f 1838/566/4102 2383/569/4102 2385/234/4102
f 2385/234/4103 2384/570/4103 2356/232/4103
f 2385/234/4104 2382/571/4104 2384/570/4104
f 2382/571/4105 1503/572/4105 2391/573/4105
f 2399/574/4106 1855/575/4106 2401/576/4106
f 2399/574/4107 1503/572/4107 1855/575/4107
f 2398/577/4108 2391/573/4108 2399/574/4108
f 2387/578/4109 2384/570/4109 2382/571/4109
f 2355/229/4110 2384/570/4110 2386/227/4110
f 2390/225/4111 2386/227/4111 2387/578/4111
f 2387/578/4112 2394/579/4112 2390/225/4112
f 2393/580/4113 2397/581/4113 2394/579/4113
f 2396/218/4114 2394/579/4114 2397/581/4114
f 2395/220/4115 2390/225/4115 2394/579/4115
f 2397/581/4116 2404/216/4116 2396/218/4116
f 2403/582/4117 2402/583/4117 2405/584/4117
f 2403/582/4118 2398/577/4118 2402/583/4118
f 2402/583/4119 2400/585/4119 1502/586/4119
f 2400/585/4120 2399/574/4120 2401/576/4120
f 2402/583/4121 2399/574/4121 2400/585/4121
f 2402/583/4122 1502/586/4122 2405/584/4122
f 2405/584/4123 1502/586/4123 1874/587/4123
f 2405/584/4124 1874/587/4124 2406/588/4124
f 2406/588/4125 1507/589/4125 2407/590/4125
f 1507/589/4126 2408/591/4126 2407/590/4126
f 2409/592/4127 2410/593/4127 2408/591/4127
f 2409/592/4128 1876/594/4128 1505/595/4128
f 2409/592/4129 1509/596/4129 1876/594/4129
f 2409/592/4130 1505/595/4130 1877/597/4130
f 1877/597/4131 2410/593/4131 2409/592/4131
f 1510/598/4132 2411/599/4132 2410/593/4132
f 1508/600/4133 2412/601/4133 2411/599/4133
f 2412/601/4134 1506/602/4134 2413/603/4134
f 2413/603/4135 2414/604/4135 2405/584/4135
f 2413/603/4136 1875/605/4136 2414/604/4136
f 2414/604/4137 2415/606/4137 2405/584/4137
f 2414/604/4138 1880/607/4138 2415/606/4138
f 2415/606/4139 2416/608/4139 2405/584/4139
f 2415/606/4140 1515/609/4140 2416/608/4140
f 2416/608/4141 2417/610/4141 2405/584/4141
f 2416/608/4142 1878/611/4142 2417/610/4142
f 2417/610/4143 1879/612/4143 2418/613/4143
f 1879/612/4144 2422/208/4144 2418/613/4144
f 2431/614/4145 2423/615/4145 2429/201/4145
f 2430/203/4146 2431/614/4146 2429/201/4146
f 2430/203/56 2425/203/56 2424/206/56
f 1514/616/4147 1517/617/4147 2423/615/4147
f 2427/618/4148 2433/619/4148 2423/615/4148
f 2433/619/4149 2427/618/4149 2435/620/4149
f 2435/620/4150 1513/621/4150 1516/622/4150
f 2427/618/4151 1517/617/4151 1513/621/4151
f 2435/620/4152 1921/191/4152 2438/185/4152
f 2435/620/4153 2437/623/4153 2433/619/4153
f 2437/623/4154 2438/185/4154 2439/189/4154
f 2437/623/4155 2436/197/4155 2434/199/4155
f 2437/623/4156 2440/188/4156 2436/197/4156
f 2434/199/4157 2433/619/4157 2437/623/4157
f 2433/619/4158 2434/199/4158 2429/201/4158
f 2429/201/4159 2423/615/4159 2433/619/4159
f 2419/214/4160 2418/613/4160 2422/208/4160
f 2417/610/4161 2403/582/4161 2405/584/4161
f 2418/613/4162 2403/582/4162 2417/610/4162
f 2413/603/4163 2406/588/4163 2412/601/4163
f 2412/601/4164 2407/590/4164 2411/599/4164
f 2407/590/4165 2410/593/4165 2411/599/4165
f 2446/173/4166 1925/194/4166 2441/193/4166
f 2446/173/4167 2443/190/4167 2447/178/4167
f 2447/178/498 2444/184/498 2445/181/498
f 2472/180/4168 1520/624/4168 2474/171/4168
f 2474/171/4169 2475/625/4169 2470/168/4169
f 2474/171/4170 1519/626/4170 2475/625/4170
f 2487/627/4171 2489/154/4171 2488/157/4171
f 2487/627/2972 2475/625/2972 2486/627/2972
f 2487/627/2973 2486/627/2973 1519/626/2973
f 2487/627/4172 1522/155/4172 2489/154/4172
f 2475/625/4173 2488/157/4173 2470/168/4173
f 2473/179/4174 2474/171/4174 2471/170/4174
f 1525/177/4175 2494/176/4175 1906/628/4175
f 2494/176/4176 1907/629/4176 1906/628/4176
f 2495/166/4177 1905/175/4177 1526/630/4177
f 1526/630/4178 2493/165/4178 2495/166/4178
f 1530/631/4179 2492/148/4179 2493/165/4179
f 1528/632/4180 2496/146/4180 2492/148/4180
f 2496/146/4181 1527/633/4181 2497/134/4181
f 2497/134/4182 2463/634/4182 2496/146/4182
f 2464/127/4183 2459/130/4183 2463/634/4183
f 2463/634/4184 2456/145/4184 2458/149/4184
f 2456/145/4185 2457/152/4185 2458/149/4185
f 1406/635/4186 1405/636/4186 2455/637/4186
f 2455/637/4187 1386/144/4187 1406/635/4187
f 2455/637/4188 1405/636/4188 2454/638/4188
f 1405/636/4189 1385/639/4189 2454/638/4189
f 1385/639/4190 1354/640/4190 2454/638/4190
f 2453/641/4191 2455/637/4191 2454/638/4191
f 2454/638/4192 1403/642/4192 2453/641/4192
f 2453/641/4193 1404/643/4193 2452/158/4193
f 2457/152/4194 2453/641/4194 2452/158/4194
f 2498/124/4195 2464/127/4195 2497/134/4195
f 2450/162/4196 1487/644/4196 2449/169/4196
f 2468/156/4197 2450/162/4197 2469/167/4197
f 2499/131/4198 1546/645/4198 1540/136/4198
f 2500/646/4199 1537/647/4199 1546/645/4199
f 1538/648/4200 2502/649/4200 1532/650/4200
f 2502/649/4201 1537/647/4201 2501/651/4201
f 2502/649/4202 1536/652/4202 1532/650/4202
f 2502/649/4203 1533/653/4203 1536/652/4203
f 2501/651/4204 1531/654/4204 1533/653/4204
f 2500/646/4205 1534/133/4205 1531/654/4205
f 2248/91/4206 2249/90/4206 1547/115/4206
f 2164/82/4207 880/77/4207 2163/78/4207
f 2169/88/4208 2165/83/4208 2168/85/4208
f 979/94/1809 2164/82/1809 2245/93/1809
f 2378/279/4209 2350/278/4209 2375/283/4209
f 2378/279/4210 1695/281/4210 2350/278/4210
f 1695/281/4211 1355/276/4211 2350/278/4211
f 863/1/4212 2150/4/4212 2181/2/4212
f 2150/4/4213 2152/6/4213 2182/5/4213
f 2152/6/4214 2154/8/4214 2183/7/4214
f 2154/8/4215 2155/10/4215 2184/9/4215
f 2155/10/3019 1351/556/3019 1422/11/3019
f 1422/11/3018 1351/556/3018 2156/10/3018
f 1447/13/2414 1416/23/2414 2180/12/2414
f 2179/12/3020 1416/23/3020 1447/13/3020
f 2178/15/3618 2179/12/3618 2204/14/3618
f 2177/17/4216 2178/15/4216 2203/16/4216
f 2176/19/4217 2177/17/4217 2202/18/4217
f 897/21/3625 2176/19/3625 2201/20/3625
f 1416/23/3024 1422/11/3024 2185/9/3024
f 2184/9/3023 1422/11/3023 1416/23/3023
f 2183/7/4218 2184/9/4218 2179/12/4218
f 2182/5/4219 2183/7/4219 2178/15/4219
f 2181/2/4220 2182/5/4220 2177/17/4220
f 903/3/4221 2181/2/4221 2176/19/4221
f 919/24/4222 909/67/4222 2186/25/4222
f 2190/26/4223 2186/25/4223 2187/27/4223
f 2194/28/4224 2187/27/4224 2188/29/4224
f 2195/30/4225 2188/29/4225 2189/31/4225
f 2196/32/4226 2189/31/4226 1428/33/4226
f 2193/35/4227 1433/43/4227 1350/36/4227
f 2192/44/4228 2193/35/4228 2153/37/4228
f 2191/38/4229 2192/44/4229 2153/37/4229
f 2190/26/4230 2191/38/4230 2151/39/4230
f 914/41/4231 2190/26/4231 2149/40/4231
f 2193/35/4232 2196/32/4232 1437/34/4232
f 2192/44/4233 2195/30/4233 2196/32/4233
f 2191/38/4234 2194/28/4234 2195/30/4234
f 914/41/4235 919/24/4235 2190/26/4235
f 923/45/4236 2197/48/4236 2213/46/4236
f 2197/48/4237 2198/50/4237 2214/49/4237
f 2198/50/4238 2199/52/4238 2215/51/4238
f 2199/52/4239 2200/54/4239 2216/53/4239
f 2200/54/4240 1442/62/4240 1462/55/4240
f 933/56/3621 928/22/3621 2201/20/3621
f 2205/57/4241 2201/20/4241 2202/18/4241
f 2206/58/4242 2202/18/4242 2203/16/4242
f 2207/59/4243 2203/16/4243 2204/14/4243
f 2208/60/4244 2204/14/4244 1447/13/4244
f 2200/54/4245 2208/60/4245 1452/61/4245
f 2199/52/4246 2207/59/4246 2208/60/4246
f 2198/50/4247 2206/58/4247 2207/59/4247
f 2197/48/4248 2205/57/4248 2206/58/4248
f 923/45/4249 933/56/4249 2205/57/4249
f 2189/31/4250 2212/64/4250 1457/63/4250
f 2188/29/4251 2211/65/4251 2212/64/4251
f 2187/27/4252 2210/66/4252 2211/65/4252
f 2186/25/4253 2209/68/4253 2210/66/4253
f 909/67/3663 938/69/3663 2209/68/3663
f 2216/53/4254 1462/55/4254 1457/63/4254
f 2215/51/4255 2216/53/4255 2212/64/4255
f 2214/49/4256 2215/51/4256 2211/65/4256
f 2213/46/4257 2214/49/4257 2210/66/4257
f 943/47/4258 2213/46/4258 2209/68/4258
f 2160/75/4259 2159/74/4259 2163/78/4259
f 2159/74/4260 2158/73/4260 2162/79/4260
f 2161/80/4261 2158/73/4261 1365/72/4261
f 1364/81/56 1369/81/56 2161/80/56
f 2164/82/4262 2163/78/4262 2162/79/4262
f 2165/83/4263 2162/79/4263 2161/80/4263
f 1376/86/4264 2166/84/4264 2161/80/4264
f 1376/86/4265 1379/137/4265 2168/85/4265
f 2169/88/4266 2248/91/4266 2245/93/4266
f 2246/95/4267 978/97/4267 979/94/4267
f 2246/95/1869 1548/92/1869 225/96/1869
f 2481/101/4268 1362/100/4268 1383/102/4268
f 2250/104/4269 2247/89/4269 2481/101/4269
f 2482/105/4270 2481/101/4270 2480/103/4270
f 2483/106/4271 1542/110/4271 1544/108/4271
f 2484/109/4272 1543/114/4272 1542/110/4272
f 2504/111/4273 1539/113/4273 1543/114/4273
f 2482/105/4274 1544/108/4274 1541/116/4274
f 2504/111/4275 2476/120/4275 2462/122/4275
f 2466/121/4276 2462/122/4276 2461/125/4276
f 2465/123/4277 2461/125/4277 2460/126/4277
f 2461/125/4278 1387/143/4278 1361/128/4278
f 2460/126/4279 1361/128/4279 1407/129/4279
f 2499/131/4280 2498/124/4280 1535/132/4280
f 2497/134/4281 1527/633/4281 1535/132/4281
f 2503/112/4282 2499/131/4282 1540/136/4282
f 2167/87/4283 2168/85/4283 1379/137/4283
f 1382/138/4284 2479/117/4284 2480/103/4284
f 1389/139/4285 2478/118/4285 2479/117/4285
f 1381/140/4286 2477/119/4286 2478/118/4286
f 1388/141/4287 2476/120/4287 2477/119/4287
f 1384/142/4288 2462/122/4288 2476/120/4288
f 1387/143/4289 2461/125/4289 2462/122/4289
f 2459/130/4290 1407/129/4290 1386/144/4290
f 2496/146/4291 2463/634/4291 2458/149/4291
f 2467/153/4292 2490/150/4292 2491/147/4292
f 2490/150/4293 2467/153/4293 2468/156/4293
f 2467/153/4294 2452/158/4294 2451/159/4294
f 2452/158/4295 1404/643/4295 1360/160/4295
f 2451/159/4296 1360/160/4296 1359/161/4296
f 2492/148/4297 2491/147/4297 1523/151/4297
f 1518/164/4298 1907/629/4298 2495/166/4298
f 2469/167/4299 2450/162/4299 2449/169/4299
f 2470/168/4300 2449/169/4300 2448/172/4300
f 2449/169/4301 1487/644/4301 1904/174/4301
f 1904/174/4302 1903/655/4302 2446/173/4302
f 2473/179/4303 2447/178/4303 2445/181/4303
f 2472/180/4304 2445/181/4304 1923/182/4304
f 2444/184/4305 1922/186/4305 1923/182/4305
f 1925/194/4306 1924/195/4306 2442/187/4306
f 1924/195/4307 1920/656/4307 2440/188/4307
f 2440/188/4308 1920/656/4308 1358/196/4308
f 2436/197/4309 1358/196/4309 2428/198/4309
f 1358/196/4310 1486/202/4310 2428/198/4310
f 2434/199/56 2432/198/56 2428/198/56
f 1486/202/4311 1873/204/4311 2426/200/4311
f 1873/204/4312 1872/205/4312 2430/203/4312
f 1872/205/4313 1871/211/4313 2424/206/4313
f 2425/203/56 2430/203/56 1872/205/56
f 2421/207/4314 2424/206/4314 1871/211/4314
f 2421/207/4315 1357/210/4315 1869/213/4315
f 2420/212/4316 1869/213/4316 1868/657/4316
f 2420/212/4317 1868/657/4317 1867/215/4317
f 1867/215/4318 1865/217/4318 2404/216/4318
f 1865/217/4319 1856/658/4319 2396/218/4319
f 2396/218/4320 1856/658/4320 1408/219/4320
f 1408/219/4321 1485/222/4321 2392/221/4321
f 1485/222/4322 1848/293/4322 2389/223/4322
f 2392/221/4323 2389/223/4323 2388/224/4323
f 2389/223/4324 2379/292/4324 2380/226/4324
f 2380/226/4325 2355/229/4325 2386/227/4325
f 2380/226/4326 2376/282/4326 2354/228/4326
f 2357/230/4327 2356/232/4327 2355/229/4327
f 1504/235/4328 1500/233/4328 2356/232/4328
f 1498/240/4329 1497/236/4329 2353/231/4329
f 2352/242/4330 1499/241/4330 1498/240/4330
f 2351/239/4331 1400/659/4331 1401/244/4331
f 1495/245/4332 1400/659/4332 2351/239/4332
f 2343/247/4333 1496/250/4333 1495/245/4333
f 2342/248/4334 1494/252/4334 1496/250/4334
f 2347/251/4335 1802/256/4335 1494/252/4335
f 2348/254/4336 1801/253/4336 1802/256/4336
f 2348/254/4337 2347/251/4337 1492/258/4337
f 2347/251/4338 2342/248/4338 1641/259/4338
f 2342/248/4339 2341/249/4339 1640/260/4339
f 2341/249/4340 2340/262/4340 1491/261/4340
f 2340/262/4341 2339/294/4341 1639/263/4341
f 2157/264/4342 2217/271/4342 2218/265/4342
f 2219/267/4343 2171/268/4343 2170/266/4343
f 2171/268/4344 2219/267/4344 889/269/4344
f 2219/267/4345 2221/545/4345 888/275/4345
f 2362/274/4346 1694/277/4346 1464/522/4346
f 2345/238/4347 2354/228/4347 2376/282/4347
f 2375/283/4348 2376/282/4348 2377/284/4348
f 2377/284/4349 2381/290/4349 1697/289/4349
f 2381/290/4350 2379/292/4350 1484/291/4350
f 2379/292/4351 2389/223/4351 1848/293/4351
f 2380/226/4352 2379/292/4352 2376/282/4352
f 2379/292/4353 2381/290/4353 2376/282/4353
f 2350/278/4354 2349/272/4354 2339/294/4354
f 2157/264/4355 2170/266/4355 2242/299/4355
f 2243/300/4356 1489/305/4356 1488/297/4356
f 2244/301/4357 1490/304/4357 1489/305/4357
f 2224/298/56 955/306/56 956/306/56
f 1628/308/4358 1627/660/4358 2224/298/4358
f 955/306/56 956/306/56 1628/308/56
f 2224/298/4359 1627/660/4359 1623/309/4359
f 1623/309/4360 1626/312/4360 2229/311/4360
f 2228/313/4361 1626/312/4361 1625/314/4361
f 2236/318/4362 2229/311/4362 2228/313/4362
f 2229/311/4363 2236/318/4363 2235/458/4363
f 2235/458/4364 2238/319/4364 2229/311/4364
f 2231/320/4365 2242/299/4365 2225/310/4365
f 2242/299/4366 2224/298/4366 2225/310/4366
f 2238/319/4367 2237/321/4367 2232/302/4367
f 2237/321/4368 2233/331/4368 2230/322/4368
f 2240/324/4369 1552/323/4369 1553/325/4369
f 1550/330/4370 2240/324/4370 2241/327/4370
f 1490/304/4371 2239/303/4371 2240/324/4371
f 1638/295/4372 1639/263/4372 2339/294/4372
f 2233/331/4373 1557/333/4373 1558/328/4373
f 2234/332/4374 1554/336/4374 1557/333/4374
f 2254/334/4375 1560/338/4375 1554/336/4375
f 2255/337/4376 1556/340/4376 1560/338/4376
f 2256/339/4377 1559/342/4377 1556/340/4377
f 2257/341/4378 1555/346/4378 1559/342/4378
f 2258/343/4379 1562/345/4379 1555/346/4379
f 2257/341/4380 1565/348/4380 1564/347/4380
f 2256/339/4381 1566/349/4381 1565/348/4381
f 2255/337/4382 1567/352/4382 1566/349/4382
f 1567/352/4383 2255/337/4383 2254/334/4383
f 2264/353/4384 2265/356/4384 1569/354/4384
f 2266/355/4385 1570/359/4385 1569/354/4385
f 2267/357/4386 1563/361/4386 1570/359/4386
f 2324/360/4387 1776/363/4387 1563/361/4387
f 2324/360/4388 2268/364/4388 1571/362/4388
f 2268/364/4389 2269/367/4389 1572/365/4389
f 2270/366/4390 1574/370/4390 1572/365/4390
f 2271/368/4391 1575/373/4391 1574/370/4391
f 2272/371/4392 1576/375/4392 1575/373/4392
f 2272/371/4393 2276/376/4393 1725/374/4393
f 1577/379/4394 1725/374/4394 2276/376/4394
f 2274/380/4395 1719/382/4395 1577/379/4395
f 2273/378/4396 1580/385/4396 1579/383/4396
f 2275/377/4397 1578/387/4397 1580/385/4397
f 2275/377/4398 2277/389/4398 1582/386/4398
f 2277/389/498 2275/377/498 2276/376/498
f 2280/391/4399 2278/388/4399 2282/372/4399
f 1590/392/4400 1581/393/4400 2278/388/4400
f 1581/393/4401 1582/386/4401 2277/389/4401
f 2280/391/4402 2279/395/4402 1589/394/4402
f 2279/395/4403 2281/397/4403 1591/396/4403
f 1588/400/4404 1591/396/4404 2281/397/4404
f 2286/398/4405 2287/403/4405 1585/402/4405
f 2287/403/4406 2288/406/4406 1584/404/4406
f 1583/408/4407 1584/404/4407 2288/406/4407
f 2328/410/4408 1785/661/4408 1592/414/4408
f 1785/661/4409 2328/410/4409 2333/409/4409
f 2291/418/4410 2331/412/4410 2327/411/4410
f 2327/411/4411 2329/413/4411 2328/410/4411
f 2328/410/4412 2291/418/4412 2327/411/4412
f 2291/418/4413 2328/410/4413 2292/415/4413
f 2329/413/3221 2332/410/3221 2328/410/3221
f 2334/424/4414 1593/423/4414 1594/662/4414
f 2291/418/56 2518/418/56 2520/419/56 2293/419/56
f 2333/409/56 2526/409/56 2088/661/56 1785/661/56
f 1592/414/56 2011/414/56 2519/415/56 2292/415/56
f 1077/663/4415 1596/426/4415 1078/70/4415
f 2336/422/56 2557/422/56 2055/425/56 1595/425/56
f 2332/410/56 2525/410/56 2526/409/56 2333/409/56
f 2338/428/56 1078/70/56 1079/70/56
f 2335/421/56 2556/421/56 2557/422/56 2336/422/56
f 2291/418/56 2518/418/56 2523/412/56 2331/412/56
f 1594/662/56 2050/662/56 2555/424/56 2334/424/56
f 2331/412/56 2523/412/56 2521/413/56 2329/413/56
f 2330/416/56 2522/416/56 2518/418/56 2291/418/56
f 2289/405/56 2290/420/56 2517/420/56 2505/405/56
f 2334/424/56 2555/424/56 2556/421/56 2335/421/56
f 2337/71/56 2565/71/56 1318/70/56 1079/70/56
f 1066/417/56 1265/417/56 2522/416/56 2330/416/56
f 2338/428/56 2580/428/56 1336/429/56 1082/429/56
f 1079/70/56 1318/70/56 2580/428/56 2338/428/56
f 1583/408/56 2289/405/56 2505/405/56 1993/408/56
f 1077/663/56 1317/663/56 2061/426/56 1596/426/56
f 1597/427/56 2063/427/56 2565/71/56 2337/71/56
f 2292/415/56 2519/415/56 2518/418/56 2291/418/56
f 2293/419/56 2520/419/56 2517/420/56 2290/420/56
f 2329/413/56 2521/413/56 2525/410/56 2332/410/56
f 2287/403/4416 2269/367/4416 2326/430/4416
f 1048/434/4417 1063/432/4417 2311/433/4417
f 2311/433/4418 1672/664/4418 1673/435/4418
f 1670/438/4419 1672/664/4419 2311/433/4419
f 1671/440/4420 1670/438/4420 2310/437/4420
f 2309/439/4421 2308/442/4421 1602/441/4421
f 2308/442/4422 2307/444/4422 1614/443/4422
f 1601/441/56 1602/441/56 2308/442/56
f 2307/444/4423 2302/446/4423 1613/445/4423
f 2302/446/4424 2301/448/4424 1615/447/4424
f 2301/448/4425 2300/450/4425 1598/449/4425
f 2300/450/4426 2262/456/4426 2261/451/4426
f 2263/454/4427 2262/456/4427 2300/450/4427
f 2263/454/4428 2253/457/4428 2252/455/4428
f 2263/454/4429 2259/335/4429 2234/332/4429
f 2253/457/4430 2234/332/4430 2233/331/4430
f 2253/457/4431 2237/321/4431 2238/319/4431
f 2252/455/4432 2238/319/4432 2235/458/4432
f 1618/460/4433 1606/461/4433 2251/459/4433
f 1606/461/4434 1607/462/4434 2261/451/4434
f 1607/462/4435 1608/464/4435 2294/463/4435
f 1608/464/4436 1746/481/4436 2295/465/4436
f 1599/466/4437 1612/467/4437 2294/463/4437
f 1612/467/4438 1598/449/4438 2261/451/4438
f 2295/465/4439 2296/469/4439 1611/468/4439
f 2296/469/4440 2297/471/4440 1610/470/4440
f 2297/471/4441 2298/476/4441 1600/472/4441
f 2299/473/4442 1616/475/4442 1600/472/4442
f 2298/476/4443 1609/479/4443 1604/477/4443
f 2298/476/4444 2297/471/4444 1749/478/4444
f 2297/471/4445 2296/469/4445 1605/480/4445
f 2296/469/4446 2295/465/4446 1746/481/4446
f 2261/451/4447 2262/456/4447 2252/455/4447
f 2235/458/4448 2236/318/4448 1617/317/4448
f 2306/452/4449 2305/453/4449 2264/353/4449
f 2305/453/4450 2304/483/4450 2265/356/4450
f 2303/482/4451 2266/355/4451 2265/356/4451
f 2303/482/4452 2304/483/4452 2301/448/4452
f 2304/483/498 2305/453/498 2300/450/498
f 2302/446/4453 2307/444/4453 2322/358/4453
f 2322/358/4454 2307/444/4454 2308/442/4454
f 2308/442/4455 2309/439/4455 2323/431/4455
f 2268/364/4456 2324/360/4456 2325/484/4456
f 2325/484/4457 2324/360/4457 2267/357/4457
f 2326/430/4458 2269/367/4458 2268/364/4458
f 2313/488/4459 2312/487/4459 1674/486/4459
f 1680/491/4460 1681/492/4460 2312/487/4460
f 1681/492/4461 1682/495/4461 2315/485/4461
f 376/436/4462 2315/485/4462 1682/495/4462
f 1682/495/4463 1683/497/4463 2318/496/4463
f 1683/497/4464 1684/499/4464 2319/498/4464
f 1684/499/4465 1685/504/4465 2320/500/4465
f 2321/503/4466 2320/500/4466 1685/504/4466
f 1689/506/4467 1690/507/4467 2320/500/4467
f 1690/507/4468 1691/508/4468 2319/498/4468
f 1691/508/4469 1692/665/4469 2318/496/4469
f 2318/496/4470 1692/665/4470 1693/494/4470
f 2313/488/4471 2314/490/4471 1679/509/4471
f 2316/510/4472 1678/512/4472 1679/509/4472
f 2314/490/4473 1675/489/4473 1677/513/4473
f 2286/398/498 2270/366/498 2269/367/498
f 2281/397/4474 2279/395/4474 2285/369/4474
f 2279/395/4475 2280/391/4475 2284/390/4475
f 2227/315/4476 1621/518/4476 1622/316/4476
f 2226/515/4477 1620/517/4477 1621/518/4477
f 2226/515/4478 2227/315/4478 1625/314/4478
f 2171/268/4479 887/270/4479 955/306/4479
f 2340/262/4480 2341/249/4480 2343/247/4480
f 1464/522/4481 1463/523/4481 2360/520/4481
f 1463/523/4482 1468/527/4482 2361/524/4482
f 1468/527/4483 1467/528/4483 2358/525/4483
f 1467/528/4484 1483/530/4484 2371/529/4484
f 1483/530/4485 1466/535/4485 2359/531/4485
f 2370/534/4486 2359/531/4486 1466/535/4486
f 2370/534/4487 1481/536/4487 1470/537/4487
f 1470/537/4488 1482/538/4488 2371/529/4488
f 1482/538/4489 2363/526/4489 2358/525/4489
f 1482/538/4490 1472/666/4490 2364/521/4490
f 2364/521/4491 1472/666/4491 1471/540/4491
f 2374/542/4492 2362/274/4492 2364/521/4492
f 2374/542/4493 2222/544/4493 2217/271/4493
f 2220/543/4494 2218/265/4494 2217/271/4494
f 2221/545/4495 2219/267/4495 2218/265/4495
f 2173/547/4496 2150/4/4496 863/1/4496
f 2172/546/4497 2152/6/4497 2150/4/4497
f 2223/551/4498 2174/550/4498 2175/549/4498
f 2366/541/4499 2174/550/4499 2223/551/4499
f 2365/539/4500 2223/551/4500 2222/544/4500
f 2372/552/4501 1479/554/4501 1392/555/4501
f 2367/557/4502 2368/560/4502 1478/559/4502
f 1476/564/4503 1478/559/4503 2368/560/4503
f 2368/560/4504 2367/557/4504 1473/565/4504
f 1471/540/4505 1473/565/4505 2367/557/4505
f 2363/526/4506 2364/521/4506 2360/520/4506
f 1838/566/4507 1839/567/4507 2383/569/4507
f 2385/234/4508 2383/569/4508 2382/571/4508
f 2383/569/4509 1501/568/4509 2382/571/4509
f 2382/571/4510 1501/568/4510 1503/572/4510
f 2399/574/4511 2391/573/4511 1503/572/4511
f 2398/577/4512 2393/580/4512 2391/573/4512
f 2391/573/4513 2393/580/4513 2382/571/4513
f 2393/580/4514 2387/578/4514 2382/571/4514
f 2387/578/4515 2386/227/4515 2384/570/4515
f 2355/229/4516 2356/232/4516 2384/570/4516
f 2390/225/4517 2388/224/4517 2386/227/4517
f 2387/578/4518 2393/580/4518 2394/579/4518
f 2393/580/4519 2398/577/4519 2397/581/4519
f 2396/218/4520 2395/220/4520 2394/579/4520
f 2395/220/4521 2392/221/4521 2390/225/4521
f 2397/581/4522 2403/582/4522 2404/216/4522
f 2403/582/4523 2397/581/4523 2398/577/4523
f 2402/583/4524 2398/577/4524 2399/574/4524
f 2406/588/4525 1874/587/4525 1507/589/4525
f 1507/589/4526 1509/596/4526 2408/591/4526
f 2409/592/4527 2408/591/4527 1509/596/4527
f 1877/597/4528 1510/598/4528 2410/593/4528
f 1510/598/4529 1508/600/4529 2411/599/4529
f 1508/600/4530 1511/667/4530 2412/601/4530
f 2412/601/4531 1511/667/4531 1506/602/4531
f 2413/603/4532 1506/602/4532 1875/605/4532
f 2414/604/4533 1875/605/4533 1880/607/4533
f 2415/606/4534 1880/607/4534 1515/609/4534
f 2416/608/4535 1515/609/4535 1878/611/4535
f 2417/610/4536 1878/611/4536 1879/612/4536
f 1879/612/4537 1514/616/4537 2422/208/4537
f 2424/206/4538 2422/208/4538 2430/203/4538
f 2422/208/4539 2431/614/4539 2430/203/4539
f 2423/615/4540 2431/614/4540 1514/616/4540
f 2431/614/4541 2422/208/4541 1514/616/4541
f 2435/620/4542 2427/618/4542 1513/621/4542
f 2427/618/4543 2423/615/4543 1517/617/4543
f 2435/620/4544 1516/622/4544 1921/191/4544
f 2437/623/4545 2435/620/4545 2438/185/4545
f 2437/623/4546 2439/189/4546 2440/188/4546
f 2419/214/4547 2404/216/4547 2418/613/4547
f 2418/613/4548 2404/216/4548 2403/582/4548
f 2413/603/4549 2405/584/4549 2406/588/4549
f 2412/601/4550 2406/588/4550 2407/590/4550
f 2407/590/4551 2408/591/4551 2410/593/4551
f 2446/173/4552 1903/655/4552 1925/194/4552
f 2446/173/4553 2441/193/4553 2443/190/4553
f 2447/178/4554 2443/190/4554 2444/184/4554
f 2472/180/4555 1512/183/4555 1520/624/4555
f 2474/171/4556 1520/624/4556 1519/626/4556
f 2487/627/4557 2488/157/4557 2475/625/4557
f 2486/627/4558 2475/625/4558 1519/626/4558
f 1519/626/4559 1521/668/4559 2487/627/4559
f 2487/627/4560 1521/668/4560 1522/155/4560
f 2494/176/4561 2495/166/4561 1907/629/4561
f 2495/166/4562 2494/176/4562 1905/175/4562
f 1526/630/4563 1530/631/4563 2493/165/4563
f 1530/631/4564 1528/632/4564 2492/148/4564
f 1528/632/4565 1529/669/4565 2496/146/4565
f 2496/146/4566 1529/669/4566 1527/633/4566
f 2497/134/4567 2464/127/4567 2463/634/4567
f 2464/127/4568 2460/126/4568 2459/130/4568
f 2463/634/4569 2459/130/4569 2456/145/4569
f 2456/145/4570 2455/637/4570 2457/152/4570
f 2455/637/4571 2456/145/4571 1386/144/4571
f 2454/638/4572 1354/640/4572 1403/642/4572
f 2453/641/4573 1403/642/4573 1404/643/4573
f 2457/152/4574 2455/637/4574 2453/641/4574
f 2498/124/4575 2465/123/4575 2464/127/4575
f 2450/162/4576 1359/161/4576 1487/644/4576
f 2468/156/4577 2451/159/4577 2450/162/4577
f 2499/131/4578 2500/646/4578 1546/645/4578
f 2500/646/4579 2501/651/4579 1537/647/4579
f 2502/649/4580 1538/648/4580 1537/647/4580
f 2502/649/4581 2501/651/4581 1533/653/4581
f 2501/651/4582 2500/646/4582 1531/654/4582
f 2500/646/4583 2499/131/4583 1534/133/4583
f 2506/670/4584 1993/408/4584 2505/405/4584
f 2507/671/4585 2004/672/4585 2506/670/4585
f 2507/671/4586 2006/673/4586 2003/674/4586
f 2509/675/4587 2508/676/4587 2513/677/4587
f 1994/678/4588 2508/676/4588 2509/675/4588
f 2509/675/4589 2005/679/4589 1994/678/4589
f 2510/680/4590 1995/681/4590 2005/679/4590
f 2512/682/4591 1996/683/4591 2075/684/4591
f 2075/684/4592 2511/685/4592 2512/682/4592
f 2007/686/4593 1996/683/4593 2512/682/4593
f 2512/682/4594 2002/687/4594 2007/686/4594
f 2511/685/4595 2008/688/4595 2002/687/4595
f 2509/675/4596 1998/689/4596 1997/690/4596
f 1997/690/4597 2510/680/4597 2509/675/4597
f 2509/675/4598 2513/677/4598 2009/691/4598
f 2513/677/4599 2514/692/4599 2001/693/4599
f 2514/692/4600 2515/694/4600 2000/695/4600
f 2516/696/4601 2515/694/4601 2517/420/4601
f 2515/694/4602 2516/696/4602 1999/697/4602
f 2516/696/4603 2519/415/4603 2010/698/4603
f 2520/419/4604 2518/418/4604 2519/415/4604
f 2518/418/4605 2524/699/4605 2523/412/4605
f 2525/410/498 2529/700/498 2526/409/498
f 2529/700/4606 2528/701/4606 2527/702/4606
f 2526/409/4607 2527/702/4607 2089/703/4607
f 2527/702/4608 2535/704/4608 2012/705/4608
f 2012/705/4609 2535/704/4609 2536/706/4609
f 2537/707/4610 2028/708/4610 2030/709/4610
f 2537/707/4611 2030/709/4611 2029/710/4611
f 2536/706/4612 2538/711/4612 2025/712/4612
f 2027/713/4613 2028/708/4613 2537/707/4613
f 2537/707/4614 2536/706/4614 2025/712/4614
f 2539/714/4615 2019/715/4615 2026/716/4615
f 2539/714/4616 2026/716/4616 2025/712/4616
f 2538/711/4617 2540/717/4617 2023/718/4617
f 2024/719/4618 2019/715/4618 2539/714/4618
f 2539/714/4619 2538/711/4619 2023/718/4619
f 2540/717/4620 2022/720/4620 2023/718/4620
f 2022/720/4621 2540/717/4621 2541/721/4621
f 2541/721/4622 2543/722/4622 2108/723/4622
f 2542/724/4623 2544/725/4623 2037/726/4623
f 2543/722/4624 2542/724/4624 2037/726/4624
f 2542/724/4625 1281/727/4625 1314/728/4625
f 2542/724/4626 2543/722/4626 2533/729/4626
f 2032/730/4627 725/731/4627 1281/727/4627
f 2533/729/4628 2534/732/4628 2033/733/4628
f 2532/734/4629 2034/735/4629 2031/736/4629
f 2534/732/4630 2532/734/4630 2031/736/4630
f 2534/732/4631 2541/721/4631 2540/717/4631
f 2538/711/4632 2536/706/4632 2531/737/4632
f 2538/711/4633 2531/737/4633 2532/734/4633
f 2531/737/4634 2013/738/4634 2034/735/4634
f 2013/738/4635 2531/737/4635 2530/739/4635
f 2530/739/4636 2528/701/4636 2017/740/4636
f 2528/701/4637 2529/700/4637 2016/741/4637
f 2016/741/4638 2529/700/4638 2521/413/4638
f 2523/412/4639 2014/742/4639 2020/743/4639
f 2523/412/4640 2020/743/4640 2015/744/4640
f 1266/745/4641 707/746/4641 2014/742/4641
f 1266/745/4642 2014/742/4642 2523/412/4642
f 1267/747/4643 2523/412/4643 2524/699/4643
f 2524/699/4644 2518/418/4644 2522/416/4644
f 2522/416/4645 1265/417/4645 1268/748/4645
f 2515/694/4646 2505/405/4646 2517/420/4646
f 2506/670/498 2515/694/498 2514/692/498
f 2514/692/498 2508/676/498 2507/671/498
f 2517/420/4647 2520/419/4647 2516/696/4647
f 2530/739/498 2535/704/498 2527/702/498
f 2535/704/4648 2530/739/4648 2531/737/4648
f 2543/722/4649 2541/721/4649 2534/732/4649
f 2542/724/4625 1314/728/4625 1315/749/4625
f 1315/749/4650 1316/750/4650 2548/751/4650
f 2544/725/4651 2548/751/4651 2036/752/4651
f 2545/753/4652 2544/725/4652 2040/754/4652
f 2546/755/4653 2042/756/4653 2547/757/4653
f 2546/755/4654 2545/753/4654 2041/758/4654
f 2545/753/4655 2038/759/4655 2037/726/4655
f 2547/757/4656 2035/760/4656 2039/761/4656
f 2547/757/4657 2039/761/4657 2038/759/4657
f 2547/757/4658 2042/756/4658 2035/760/4658
f 2549/762/498 2548/751/498 2556/421/498
f 2549/762/4659 2046/763/4659 2036/752/4659
f 2046/763/4660 2549/762/4660 2550/764/4660
f 2044/765/4661 2550/764/4661 2551/766/4661
f 2552/767/4662 2551/766/4662 2553/768/4662
f 2552/767/4663 2043/769/4663 2049/770/4663
f 2551/766/4664 2552/767/4664 2049/770/4664
f 2552/767/4665 2048/771/4665 2043/769/4665
f 2552/767/4666 2553/768/4666 2051/772/4666
f 2553/768/4667 2554/773/4667 2047/774/4667
f 2554/773/4668 2555/424/4668 2050/662/4668
f 2555/424/4669 2549/762/4669 2556/421/4669
f 2055/425/4670 2557/422/4670 2558/775/4670
f 2054/776/4671 2558/775/4671 2559/777/4671
f 2053/778/4672 2559/777/4672 2560/779/4672
f 2052/780/4673 2560/779/4673 2562/781/4673
f 2128/782/4674 2562/781/4674 2561/783/4674
f 2561/783/4675 2564/784/4675 2131/785/4675
f 2564/784/4676 2563/786/4676 2057/787/4676
f 2563/786/4677 2568/788/4677 2066/789/4677
f 2568/788/4678 2567/790/4678 2058/791/4678
f 2567/790/4679 2579/792/4679 2566/793/4679
f 2566/793/4680 2059/794/4680 2065/795/4680
f 2566/793/4681 2065/795/4681 2058/791/4681
f 2566/793/4682 2064/796/4682 2059/794/4682
f 2566/793/4683 2565/71/4683 2060/797/4683
f 1317/663/4684 756/798/4684 2062/799/4684
f 1317/663/4685 2062/799/4685 2061/426/4685
f 2565/71/4686 2580/428/4686 1318/70/4686
f 2579/792/4687 2580/428/4687 2565/71/4687
f 2580/428/4688 2579/792/4688 1337/800/4688
f 1338/801/4689 1337/800/4689 2579/792/4689
f 2578/802/4690 2579/792/4690 2567/790/4690
f 2577/803/4691 2578/802/4691 2568/788/4691
f 2576/804/4692 2577/803/4692 2563/786/4692
f 2575/805/4693 2576/804/4693 2564/784/4693
f 2574/806/4694 2575/805/4694 2561/783/4694
f 2574/806/4695 2562/781/4695 2560/779/4695
f 2570/807/4696 1324/808/4696 2573/809/4696
f 2573/809/4697 2560/779/4697 2559/777/4697
f 2572/810/4698 1324/808/4698 2570/807/4698
f 2570/807/4699 2559/777/4699 2558/775/4699
f 2571/811/4700 1324/808/4700 2572/810/4700
f 2572/810/4701 2558/775/4701 2557/422/4701
f 2571/811/4702 2569/812/4702 1324/808/4702
f 2571/811/4703 2557/422/4703 2556/421/4703
f 1316/750/4704 1324/808/4704 2569/812/4704
f 2569/812/4705 2556/421/4705 2548/751/4705
f 2573/809/4706 1324/808/4706 1342/813/4706
f 1342/813/4707 1341/814/4707 2575/805/4707
f 1341/814/4708 1339/815/4708 2576/804/4708
f 1339/815/4709 1340/816/4709 2577/803/4709
f 1340/816/4710 1338/801/4710 2578/802/4710
f 2555/424/4711 2554/773/4711 2550/764/4711
f 2554/773/498 2553/768/498 2551/766/498
f 2506/670/4712 2004/672/4712 1993/408/4712
f 2507/671/4713 2003/674/4713 2004/672/4713
f 2507/671/4714 2508/676/4714 2006/673/4714
f 1994/678/4715 2006/673/4715 2508/676/4715
f 2509/675/4716 2510/680/4716 2005/679/4716
f 2510/680/4717 2511/685/4717 1995/681/4717
f 2075/684/4718 1995/681/4718 2511/685/4718
f 2512/682/4719 2511/685/4719 2002/687/4719
f 2511/685/4720 2510/680/4720 2008/688/4720
f 1997/690/4721 2008/688/4721 2510/680/4721
f 2509/675/4722 2009/691/4722 1998/689/4722
f 2513/677/4723 2001/693/4723 2009/691/4723
f 2514/692/4724 2000/695/4724 2001/693/4724
f 2515/694/4725 1999/697/4725 2000/695/4725
f 2516/696/4726 2010/698/4726 1999/697/4726
f 2520/419/4727 2519/415/4727 2516/696/4727
f 2519/415/4728 2011/414/4728 2010/698/4728
f 2529/700/498 2525/410/498 2521/413/498
f 2529/700/4729 2527/702/4729 2526/409/4729
f 2526/409/4730 2089/703/4730 2088/661/4730
f 2527/702/4731 2012/705/4731 2089/703/4731
f 2012/705/4732 2536/706/4732 2029/710/4732
f 2537/707/4733 2029/710/4733 2536/706/4733
f 2537/707/4734 2025/712/4734 2027/713/4734
f 2539/714/4735 2025/712/4735 2538/711/4735
f 2539/714/4736 2023/718/4736 2024/719/4736
f 2022/720/4737 2541/721/4737 2021/817/4737
f 2541/721/4738 2108/723/4738 2021/817/4738
f 2543/722/4739 2037/726/4739 2108/723/4739
f 2542/724/4740 2533/729/4740 1281/727/4740
f 2032/730/4741 1281/727/4741 2533/729/4741
f 2533/729/4742 2033/733/4742 2032/730/4742
f 2534/732/4743 2031/736/4743 2033/733/4743
f 2534/732/4744 2540/717/4744 2532/734/4744
f 2538/711/4745 2532/734/4745 2540/717/4745
f 2531/737/4746 2034/735/4746 2532/734/4746
f 2013/738/4747 2530/739/4747 2018/818/4747
f 2530/739/4748 2017/740/4748 2018/818/4748
f 2528/701/4749 2016/741/4749 2017/740/4749
f 2016/741/4750 2521/413/4750 2015/744/4750
f 2523/412/4751 2015/744/4751 2521/413/4751
f 1266/745/4752 2523/412/4752 1267/747/4752
f 1267/747/4753 2524/699/4753 1268/748/4753
f 2522/416/4754 1268/748/4754 2524/699/4754
f 2515/694/4755 2506/670/4755 2505/405/4755
f 2506/670/498 2514/692/498 2507/671/498
f 2514/692/4756 2513/677/4756 2508/676/4756
f 2530/739/498 2527/702/498 2528/701/498
f 2535/704/4757 2531/737/4757 2536/706/4757
f 2543/722/4758 2534/732/4758 2533/729/4758
f 2542/724/4759 1315/749/4759 2544/725/4759
f 1315/749/4760 2548/751/4760 2544/725/4760
f 2544/725/4761 2036/752/4761 2040/754/4761
f 2545/753/4762 2040/754/4762 2041/758/4762
f 2546/755/4763 2041/758/4763 2042/756/4763
f 2038/759/4764 2545/753/4764 2546/755/4764
f 2545/753/4765 2037/726/4765 2544/725/4765
f 2547/757/4766 2038/759/4766 2546/755/4766
f 2549/762/4767 2036/752/4767 2548/751/4767
f 2046/763/4768 2550/764/4768 2044/765/4768
f 2044/765/4769 2551/766/4769 2045/819/4769
f 2551/766/4770 2049/770/4770 2045/819/4770
f 2552/767/4771 2051/772/4771 2048/771/4771
f 2553/768/4772 2047/774/4772 2051/772/4772
f 2554/773/4773 2050/662/4773 2047/774/4773
f 2055/425/4774 2558/775/4774 2054/776/4774
f 2054/776/4775 2559/777/4775 2053/778/4775
f 2053/778/4776 2560/779/4776 2052/780/4776
f 2052/780/4777 2562/781/4777 2128/782/4777
f 2128/782/4778 2561/783/4778 2056/820/4778
f 2561/783/4779 2131/785/4779 2056/820/4779
f 2564/784/4780 2057/787/4780 2131/785/4780
f 2563/786/4781 2066/789/4781 2057/787/4781
f 2568/788/4782 2058/791/4782 2066/789/4782
f 2566/793/4783 2058/791/4783 2567/790/4783
f 2566/793/4784 2060/797/4784 2064/796/4784
f 2565/71/4785 2063/427/4785 2060/797/4785
f 2579/792/4786 2565/71/4786 2566/793/4786
f 2580/428/4787 1337/800/4787 1336/429/4787
f 1338/801/4788 2579/792/4788 2578/802/4788
f 2578/802/4789 2567/790/4789 2568/788/4789
f 2577/803/4790 2568/788/4790 2563/786/4790
f 2576/804/4791 2563/786/4791 2564/784/4791
f 2575/805/4792 2564/784/4792 2561/783/4792
f 2574/806/4793 2561/783/4793 2562/781/4793
f 2574/806/4794 2560/779/4794 2573/809/4794
f 2573/809/4795 2559/777/4795 2570/807/4795
f 2570/807/4796 2558/775/4796 2572/810/4796
f 2572/810/4797 2557/422/4797 2571/811/4797
f 2571/811/4798 2556/421/4798 2569/812/4798
f 2569/812/4799 2548/751/4799 1316/750/4799
f 2573/809/4800 1342/813/4800 2574/806/4800
f 1342/813/4801 2575/805/4801 2574/806/4801
f 1341/814/4802 2576/804/4802 2575/805/4802
f 1339/815/4803 2577/803/4803 2576/804/4803
f 1340/816/4804 2578/802/4804 2577/803/4804
f 2555/424/4805 2550/764/4805 2549/762/4805
f 2554/773/498 2551/766/498 2550/764/498
l 58 57
l 310 59
l 64 58
l 57 310
l 313 310
l 57 314
l 307 59
l 895 58
l 953 310
l 57 954
l 948 59
l 1392 1391
l 1632 1393
l 1398 1392
l 1391 1632
l 1635 1632
l 1391 1636
l 1629 1393
l 2174 1392
l 2222 1632
l 1391 2223
l 2217 1393
